-- phpMyAdmin SQL Dump
-- version 3.5.0-beta1
-- http://www.phpmyadmin.net
--
-- Host: mysql-shared-02.phpfog.com
-- Generation Time: Jul 02, 2012 at 02:50 PM
-- Server version: 5.5.12-log
-- PHP Version: 5.3.2-1ubuntu4.15

SET SQL_MODE="NO_AUTO_VALUE_ON_ZERO";
SET time_zone = "+00:00";


/*!40101 SET @OLD_CHARACTER_SET_CLIENT=@@CHARACTER_SET_CLIENT */;
/*!40101 SET @OLD_CHARACTER_SET_RESULTS=@@CHARACTER_SET_RESULTS */;
/*!40101 SET @OLD_COLLATION_CONNECTION=@@COLLATION_CONNECTION */;
/*!40101 SET NAMES utf8 */;

--
-- Database: `bolaodofaisao_phpfogapp_com`
--
CREATE DATABASE `bolaodofaisao_phpfogapp_com` DEFAULT CHARACTER SET utf8 COLLATE utf8_unicode_ci;
USE `bolaodofaisao_phpfogapp_com`;

-- --------------------------------------------------------

--
-- Table structure for table `games`
--

CREATE TABLE IF NOT EXISTS `games` (
  `game_code` int(11) NOT NULL AUTO_INCREMENT,
  `team1` varchar(255) COLLATE utf8_unicode_ci NOT NULL DEFAULT '',
  `team2` varchar(255) COLLATE utf8_unicode_ci NOT NULL DEFAULT '',
  `game_date` datetime NOT NULL DEFAULT '2004-00-00 00:00:00',
  `winner` varchar(50) COLLATE utf8_unicode_ci NOT NULL DEFAULT '',
  `final_result` varchar(50) COLLATE utf8_unicode_ci NOT NULL DEFAULT '',
  `strikers` varchar(50) COLLATE utf8_unicode_ci NOT NULL DEFAULT '',
  PRIMARY KEY (`game_code`)
) ENGINE=InnoDB  DEFAULT CHARSET=utf8 COLLATE=utf8_unicode_ci AUTO_INCREMENT=32 ;

--
-- Dumping data for table `games`
--

INSERT INTO `games` (`game_code`, `team1`, `team2`, `game_date`, `winner`, `final_result`, `strikers`) VALUES
(1, 'Poland', 'Greece', '2012-06-08 16:00:00', 'x', '1-1', 'Lewandowski,Salpingidis'),
(2, 'Russia', 'Czech Republic', '2012-06-08 18:45:00', '1', '4-1', 'Dzagoev,Shirokov,Pilar,Pavlyuchenko'),
(3, 'Netherlands', 'Denmark', '2012-06-09 16:00:00', '2', '0-1', 'Krohn-Dehli'),
(4, 'Germany', 'Portugal', '2012-06-09 18:45:00', '1', '1-0', 'Gomez'),
(5, 'Spain', 'Italy', '2012-06-10 16:00:00', 'x', '1-1', 'Di Natale,Fabregas'),
(6, 'Republic of Ireland', 'Croatia', '2012-06-10 18:45:00', '2', '1-3', 'Mandzukic,Ledger,Jelavic'),
(7, 'France', 'England', '2012-06-11 16:00:00', 'x', '1-1', 'Lescott,Nasri'),
(8, 'Ukraine', 'Sweden', '2012-06-11 18:45:00', '1', '2-1', 'Ibrahimovic,Shevchenko'),
(9, 'Greece', 'Czech Republic', '2012-06-12 16:00:00', '2', '1-2', 'Pilar,Jiracek,Gekas'),
(10, 'Poland', 'Russia', '2012-06-12 18:45:00', 'x', '1-1', 'B&#322;aszczykowski,Dzagoev'),
(11, 'Denmark', 'Portugal', '2012-06-13 16:00:00', '2', '2-3', 'Pepe,Postiga,Bendtner,Varela'),
(12, 'Netherlands', 'Germany', '2012-06-13 18:45:00', '2', '1-2', 'Gomez,Van Persie'),
(13, 'Italy', 'Croatia', '2012-06-14 16:00:00', 'x', '1-1', 'Pirli,Mandzukic'),
(14, 'Spain', 'Republic of Ireland', '2012-06-14 18:45:00', '1', '4-0', 'Torres,Silva,Fabregas'),
(15, 'Ukraine', 'France', '2012-06-15 16:00:00', '2', '0-2', 'Cabaye,Menez'),
(16, 'Sweden', 'England', '2012-06-15 18:45:00', '2', '3-2', 'Mellberg,Johnson,Carroll,Walcott,Welbeck'),
(17, 'Czech Republic', 'Poland', '2012-06-16 18:45:00', '1', '1-0', 'Jiracek'),
(18, 'Greece', 'Russia', '2012-06-16 18:45:00', '1', '1-0', 'Karagounis'),
(19, 'Portugal', 'Netherlands', '2012-06-17 18:45:00', '1', '2-1', 'Vaart,Ronaldo'),
(20, 'Denmark', 'Germany', '2012-06-17 18:45:00', '2', '1-2', 'Podoski,Krohn-Dehli,Bender'),
(21, 'Croatia', 'Spain', '2012-06-18 18:45:00', '2', '0-1', 'Navas'),
(22, 'Italy', 'Republic of Ireland', '2012-06-18 18:45:00', '1', '2-0', 'Cassano,Balotelli'),
(23, 'England', 'Ukraine', '2012-06-19 18:45:00', '1', '1-0', 'Rooney'),
(24, 'Sweden', 'France', '2012-06-19 18:45:00', '1', '2-0', 'Ibrahimovic,Larsson'),
(25, 'Czech Republic', 'Portugal', '2012-06-21 18:45:00', '2', '0-1', 'Ronaldo'),
(26, 'Germany', 'Greece', '2012-06-22 18:45:00', '1', '4-2', 'Lahm,Khedira,Samaras,Klose,Reus,Salpingidis'),
(27, 'Spain', 'France', '2012-06-23 18:45:00', '1', '2-0', 'Alonso'),
(28, 'England', 'Italy', '2012-06-24 18:45:00', 'x', '0-0', ' '),
(29, 'Portugal', 'Spain', '2012-06-27 18:45:00', 'x', '0-0', ' '),
(30, 'Germany', 'Italy', '2012-06-28 18:45:00', '2', '0-2', 'Balotelli'),
(31, 'Spain', 'Italy', '2012-07-01 18:45:00', '1', '4-0', 'Silva,Alba,Torres,Mata');

-- --------------------------------------------------------

--
-- Table structure for table `notes`
--

CREATE TABLE IF NOT EXISTS `notes` (
  `note_code` int(11) NOT NULL AUTO_INCREMENT,
  `note_date` datetime NOT NULL,
  `user_code` int(11) NOT NULL,
  `title` text COLLATE utf8_unicode_ci NOT NULL,
  `note` text COLLATE utf8_unicode_ci,
  PRIMARY KEY (`note_code`)
) ENGINE=InnoDB  DEFAULT CHARSET=utf8 COLLATE=utf8_unicode_ci AUTO_INCREMENT=102 ;

--
-- Dumping data for table `notes`
--

INSERT INTO `notes` (`note_code`, `note_date`, `user_code`, `title`, `note`) VALUES
(1, '2012-06-03 12:51:17', 1, 'Welcome', 'O Bolao do Faisao is back. '),
(7, '2012-06-06 10:08:09', 3, '2012 Winner', 'I guess the final will be Holland against Germany, and the Panzers \r\nwill win.\r\nOther candidates for the semis are Spain and Italy.\r\n\r\nPS - If I think the final will be Holland vs Germany, guess who is \r\ncoming home on June 17th?... :-)'),
(8, '2012-06-06 13:01:37', 6, 'Re: winner', 'I still bet for Argentina...'),
(9, '2012-06-06 14:11:37', 1, 'Re: winner', 'I agree with Ricardo and Rocha predictions... either Germany or Argentina. If not, the only \r\nother team which can win the euro cup is probably Mars.'),
(10, '2012-06-06 20:12:59', 1, 'Kuba ?', 'Assia, who is Kuba? Is Jakub Wawrzyniak or Jakub B&#322;aszczykowski? :) :)'),
(11, '2012-06-06 20:27:36', 2, 'Pedro 10-0?', 'Pedro I think you should change 10-0 for Germany and not Portugal'),
(12, '2012-06-06 20:51:42', 2, 'Rocha do you know any other player than Messi?', NULL),
(13, '2012-06-06 21:16:56', 2, 'Euro 2012 Predictions', 'Group A - Russia & Poland\r\nGroup B - Germany & Netherlands\r\nGroup C - Spain & Italy\r\nGroup D - England & France'),
(14, '2012-06-06 21:19:39', 2, 'Final will be Germany - Netherlands', ''),
(15, '2012-06-07 17:35:50', 11, 'top scorer', 'I would like to know how many goals is Pedro Andrade going to \r\nscore against Germany, all 10?'),
(16, '2012-06-07 18:54:10', 1, 'Re: top scorer', 'Just one, an amazing goal! The other 9 will be from Messi and Deco :)'),
(17, '2012-06-07 20:39:10', 4, 'Best player of the tournament', 'Pepe!'),
(18, '2012-06-07 20:52:57', 4, 'Are you looking for betting advice?', 'Hello, my name is Miguel and I am a former Bolao do Faisao champion. If \r\nyou are interested in a personalized betting advice service, call now. \r\nOnly 9.99 CHF/bet.'),
(19, '2012-06-07 20:56:08', 2, 'how can I call you Miguel?', ''),
(20, '2012-06-07 21:47:37', 1, 'Are you looking for betting advice?', 'Pedro, two-times Bolao do Faisao champion. Expert in EuroCups! Only 4.99 CHF/bet.'),
(21, '2012-06-07 22:07:34', 11, 'Are you looking for betting advice?', 'Nuno, a probable winner of bolao do faisao 2012, will increase your chances of winning, \r\nby giving absurd answers, only 0.99/ bet.'),
(22, '2012-06-07 22:26:23', 6, 'memories', 'even after all these years, i still dont get what a hell she says:\r\nhttp://www.myspace.com/video/tam-s/nelly-furtado-forca/2907968\r\n( and still... best... eurocup... song... ever )\r\npateiro \r\np. ferreira, j. andrade, r. carvalho, n. valente \r\ncostinha, maniche, DEEEEEEECCCCCCOOOO \r\nfigo, pauleta, joana simoneta'),
(23, '2012-06-07 22:30:02', 6, 'hmmmm', 'comments are in utc time... me has doubts on timezone being \r\nused for the last hour checks... games are listed in local time.'),
(24, '2012-06-07 22:38:03', 13, '..', 'thank you google!'),
(29, '2012-06-08 17:39:11', 3, 'Karagounis?', 'LOLOLOL\r\nI can perfectly imagine Pedro,s face... :-)'),
(30, '2012-06-08 17:43:31', 1, 'Re: Karagounis?', 'I dont need Karagounis 2 points. The two points from 1-1 are enough ;)'),
(31, '2012-06-08 21:48:48', 1, 'Status after matchday1', '1st - Mike, 8 points out of possible 10, very good for a rookie\r\n2nd - Nuno, random bets seem to have work well\r\n3rd - Pedro, the usual double champion habits :) '),
(32, '2012-06-09 10:52:26', 4, 'Re: status after match day 1', 'yeah, but that is because you are cheating :-)\r\n\r\nAdd my 2 points for Dzagoev.\r\n\r\nAnd Teresa is also 3rd not just you :D'),
(33, '2012-06-09 17:04:29', 1, 'Re: status after match day 1', 'Correct, you were missing two points, fixed now!\r\nAbout the third position, please read the rules my friend :)'),
(34, '2012-06-09 20:52:47', 2, 'And in 2nd place Teresa :)', ''),
(35, '2012-06-09 20:56:58', 1, 'Status after matchday2', '1st - Mike, despite the surprising results... still leading\r\n2nd - Teresa, jumping to her usual place !\r\n3rd - Pedro, attack to 2nd position compromised by PT defeat'),
(37, '2012-06-10 00:54:06', 11, 'Update to the rules', 'Portuguese nationals betting against their national team are disqualified, that is proven \r\nto give bad luck, and scientifically djink ( set) the final result of the match.'),
(38, '2012-06-10 14:58:36', 6, 'extra points', 'shouldnt i get points for this:\r\nhttp://www.youtube.com/watch?v=SJMPK5DLEXk'),
(39, '2012-06-10 21:06:45', 1, 'Status after matchday3', '1st - Teresa, 2nd - Anki, 3rd - Rocha. Teresa takes the lead. Pedro and Mike are going down \r\nwith Anki and Rocha taking their places. 4 players with 9 points fighting for the 2nd \r\nplace, matchday 4 will for sure bring more changes :)'),
(40, '2012-06-11 16:43:23', 3, 'France v England', 'Can the game end now please (18h42 CET)? :-)'),
(41, '2012-06-11 17:12:57', 1, 'No! It can only finish after Benzena scores.', ''),
(42, '2012-06-11 18:34:40', 3, 'And the impossible happened!', 'For the first time in so many editions, I guess, I am in the lead!\r\nWell, it was nice while it lasted... it surely will not last long...'),
(43, '2012-06-11 20:45:51', 10, 'complaint', 'mike is complaining he cannot do comments, there is always an error! is it censorship, he is asking?'),
(44, '2012-06-11 20:49:32', 9, 'censorship', 'as I ascend to the first place, the forces of oppression are trying to silence me!!!'),
(45, '2012-06-11 20:50:25', 9, 'ahah', 'that one worked!! good, I was starting to feel the old guard was feeling menaced...'),
(46, '2012-06-11 21:19:50', 1, 'Status after matchday4', '1st-Mike, 2nd-Ricardo, 3rd-Anki. And we finish the first round with the first 8 players within \r\n4 points. One of the most competitive bolao do faisao ever. Round 2 starts tomorrow, let \r\nthe best win :)'),
(47, '2012-06-12 07:47:53', 4, 'Inside information', 'Since yesterday''s inside information with Sweden failed miserably - coff cofffff -, today I''ll try my luck with all my Greek colleagues.'),
(48, '2012-06-12 07:48:34', 4, 'Welcome to 1970', 'If you want to have the character '' in a comment - pretty common in English - you must prefix it by a \\ as in \\'''),
(49, '2012-06-12 15:13:41', 11, 'About rules', 'by betting /empty/ on /striker/, in a match ending with zero goals,  will I get 2 points?'),
(50, '2012-06-12 17:22:28', 9, 'Finish the match!', 'Gekas scored for Greece, I am holding to my three points! finish the match !!!!'),
(51, '2012-06-12 17:49:53', 8, 'About pilar.', 'For all the bets,i did a mistake,and i put Vaclav instead of Pilar,Vaclav is the first name,anyway i have 2 points.'),
(52, '2012-06-12 17:57:50', 8, 'Finish the match!', 'Sorry for all Swedish supporters,but the football have revenge.'),
(53, '2012-06-12 17:59:40', 1, 'R: About pilar', 'Ok Omar. There is only one player with Vaclav, no doubts! So you get your 2 points for the \r\nstriker. Well done.'),
(54, '2012-06-12 18:00:07', 8, 'Finish the match!', 'jejeje.I have 5 points again.\r\n'),
(55, '2012-06-12 18:00:21', 1, 'Pedro is in free fall', 'However... o primeiro milho eh pros pardais :)'),
(56, '2012-06-12 18:36:04', 11, 'lessons on how to fall slowly', 'I give personalized advice on how to fall continuously through the \r\ncompetition. Slow motion fall doesnt hurt.sloe motion fall is just \r\nlike !'),
(57, '2012-06-12 20:44:13', 4, 'and the morges team moves ahead', '... back tomorrow for more'),
(58, '2012-06-12 20:50:07', 1, 'Status after matchday5', '1st-Mike, 2nd-Miguel, 3rd-Anki. After another changeling day, Morges conquered the \r\npodium and Gekas saved Mike''s 1st place. Congrats also to Omar for a two 5-points in \r\nconsecutive days. Are you ready to support your team tomorrow ? :)'),
(59, '2012-06-13 16:37:45', 1, 'Postiga, you are the best!', ''),
(61, '2012-06-13 19:11:31', 1, 'Gomez, you are the second best!', ''),
(62, '2012-06-13 20:40:44', 1, 'Back to my usual position !', '... and Portugal won. Great Faisao day!'),
(63, '2012-06-13 20:43:39', 1, 'Status after matchday6', '1st-Pedro, 2nd-Mike, 3rd-Anki'),
(64, '2012-06-13 20:54:56', 4, '"Postiga you are the best" (Pedro)', 'What were you smoking man?'),
(65, '2012-06-14 06:33:03', 1, 'Italy vs Croatia', '12-65 ? Who is the one smoking strange stuff ?'),
(67, '2012-06-14 09:02:30', 2, 'Mike, is everything ok?', 'I want to copy from you but x | 12-65 | Dante Alighieri?'),
(68, '2012-06-14 10:22:40', 9, 'teresa, you should copy from Pedro', 'he seems to be doing better now,\r\nanyway, my insiders tell me Dante Alighieri will score a HELL of a goal'),
(69, '2012-06-14 12:45:11', 12, 'Next year Bolao do faisao', 'Guess it will be limited to the usual crowd for less competition? Anyway seems like experience is starting to break down the young and daring competetors...(obviously referring to Miguel Bastos and myself here)'),
(70, '2012-06-14 12:46:59', 12, 'Graph', 'by the way - just love it! not even kandinsky could have done a better job!'),
(71, '2012-06-14 20:45:21', 1, 'Status after matchday6', '1st-Pedro, 2nd-Mike, 2nd-Vania. With 5 people fighting for the 5th position, the Meyrin \r\nteam takes the podium! '),
(72, '2012-06-15 08:04:11', 2, 'Done!', ''),
(73, '2012-06-15 16:14:32', 11, 'Natural causes', 'I propose to deduct 2 points to the leader, in case of match suspension because of natural causes'),
(74, '2012-06-16 08:40:28', 11, 'day 8 *preliminary* results -update', 'while the sys-admin is experiencing technical problems, data experts \r\nhave come out with preliminary analysis:\r\nhttps://sites.google.com/site/obolaodofaisaodataexperts/'),
(75, '2012-06-16 11:37:47', 1, 'A bit late... but standings are now updated', '... thanks to restaurant del sol :) and their raviolli :)'),
(76, '2012-06-16 11:57:54', 1, 'Thanks Nuno for the preliminary results', 'The bolao team is planning to open a data analysis expert position for \r\nbolaodofaisao_v3. You should apply!'),
(78, '2012-06-18 12:26:54', 12, 'Again', '...moving towards the podium. Only to ruin it again with the next Sweden match tomorrow!'),
(79, '2012-06-18 21:01:02', 11, 'well done everyone', 'my phone sent the following message without my consent. I \r\napologise......Congrats. in all the bets only 2 points total. !?! Even a \r\npig or \r\noctopus our elephant can do better.'),
(80, '2012-06-19 06:20:44', 12, 'Congrats', 'Hey, talk for yourself! Some of the pigs and octopus did a tiny bit better than that. Not to \r\ntalk about the elephant.'),
(81, '2012-06-19 20:04:33', 13, 'Go Sweden', '2 strikers right, a new Helena record! GOOOOOO IBRAAAAAA!'),
(82, '2012-06-20 06:11:25', 12, 'Sweden', 'The only time I bet against Sweden we actually won. I should have tried this technique \r\nbefore.'),
(83, '2012-06-20 06:25:57', 9, 'free falling', 'I am free falling...  all hopes of the Meyrin team are on Vania!'),
(84, '2012-06-20 07:56:43', 4, 'Yeahh', 'Number 1 thanks to Sweden :)'),
(85, '2012-06-20 09:34:10', 1, 'Status after group stage', 'After a very competitive group stage the status is:\r\n- 1st: Miguel\r\n- 2nd: Vania\r\n- 3rd: Pedro\r\n- 4th: Anki\r\n- 5th: Rocha\r\n- 6th: Mike\r\n- 7th: Teresa\r\n- 8th: Nuno\r\n- 9th: Ricardo\r\n- 10th: Assia\r\n- 11th: Helena\r\n- 12th: Omar\r\n- 13th: Paulinho\r\n\r\nWinners per group:\r\n- Group A: Miguel with 14 points\r\n- Group B: Pedro with 15 points\r\n- Group C: Nuno with 11 points\r\n- Group D: Miguel and Rocha with 12 points\r\n\r\nCurrent leader(s) of other prizes:\r\n- Best "1x2": Rocha and Vania with 14 correct bets\r\n- Best "Final Score": Vania with 5 correct bets\r\n- Best "Striker": Pedro with 11 correct bets\r\n- Best "5 points": Pedro, Ricardo, Hugo, Omar with 2 times 5 points \r\n- Best "Regularity": Anki with 19 matches (out fo 24) scoring points\r\n\r\nWith 7 matches to go... 35 points are still possible. Good luck :)'),
(86, '2012-06-20 10:07:22', 12, 'Staus after group stage', 'Am happy to see that without being a winner or best at anything I am still only one point and spot after Pedro ;-)'),
(87, '2012-06-20 11:37:54', 1, 'R: Staus after group stage', 'Fixed ! "Regularity" category introduced ;)'),
(88, '2012-06-22 09:29:04', 12, 'Standings', 'And the Morges team is back! See, regularity is not that bad after all!'),
(89, '2012-06-22 18:35:18', 3, 'Nice to know...', '...that a guy that has been playing Bolao do Faisao for a decade (me) \r\nonly has 2 (rookies) behind him in the standings... :-('),
(90, '2012-06-23 12:14:44', 11, 'today is the day...', '...for big losses and big wins....still no idea what to bet!'),
(91, '2012-06-25 14:47:34', 3, 'Miguel and Anki', 'Please quit your jobs and dedicate yourselves to sports betting! :-)'),
(92, '2012-06-26 11:59:34', 6, 'where Men win glory', 'Now is the time... romance or glory?'),
(93, '2012-06-26 16:19:09', 1, '10 points is still a lot !!!', ''),
(94, '2012-06-28 07:51:45', 7, 'points', 'Hey Pedro, how come Teresa got 2 points yesterday for guessing the striker of a 0-0 match?:-) There must be some mistake in your calculations!'),
(95, '2012-06-28 12:21:41', 12, 'Points', 'Ah, the monitoring expert! Maybe for not betting at all? Which anyways made the same points as the rest of us except for Helena :-)'),
(96, '2012-06-29 08:36:51', 4, 'so it all comes down to the final match...', 'Will the Morges team take the podium? :-)\r\n\r\n5 contenders remaining for the 1st place and for the grand prize of a ... beer. Particularly adequate if Anki wins ;-)'),
(97, '2012-06-29 09:10:14', 12, 'end of competition', 'Ah, it is a very adequate price, because if I do not win I can always say it was because I did not want the price!   '),
(98, '2012-06-29 09:10:37', 12, 'end of competition II', 'We have been doing misarably on the points anyway all of us lately, so it will be an unglorious victory unless someone gets 5 points in the final.'),
(99, '2012-06-30 18:45:57', 1, '5 points is enough for few changes !', 'But there are no bets! Is everybody hiding their bets? \r\nVery tactical last moves... think wisely.'),
(100, '2012-07-02 06:45:09', 1, 'Final Status', 'Final status is:\r\n- 1st: Anki\r\n- 2nd: Miguel\r\n- 3rd: Vania\r\n- 4th: Pedro\r\n- 5th: Rocha\r\n- 6th: Ricardo\r\n- 7th: Nuno\r\n- 8th: Teresa\r\n- 9th: Mike\r\n- 10th: Assia\r\n- 11th: Helena\r\n- 12th: Omar\r\n- 13th: Paulinho\r\n\r\nWinner of other prizes:\r\n- Best "1x2": Ricardo, Rocha and Vania with 17 correct bets\r\n- Best "Final Score": Anki with 6 correct bets\r\n- Best "Striker": Pedro with 12 correct bets\r\n- Best "5 points": Pedro, Ricardo, Hugo, Omar with 2 times 5 points \r\n- Best "Regularity": Anki with 22 matches (out fo 31) scoring points\r\n\r\nWell done everybody!'),
(101, '2012-07-02 06:51:03', 1, 'Winner Ceremony', 'http://prodrigu.web.cern.ch/prodrigu/winner.mov Congratulations to Anki !');

-- --------------------------------------------------------

--
-- Table structure for table `points`
--

CREATE TABLE IF NOT EXISTS `points` (
  `note_code` int(11) NOT NULL AUTO_INCREMENT,
  `user_code` int(11) NOT NULL,
  PRIMARY KEY (`note_code`)
) ENGINE=InnoDB DEFAULT CHARSET=utf8 COLLATE=utf8_unicode_ci AUTO_INCREMENT=1 ;

-- --------------------------------------------------------

--
-- Table structure for table `results`
--

CREATE TABLE IF NOT EXISTS `results` (
  `user_code` int(11) NOT NULL DEFAULT '0',
  `game_code` int(11) NOT NULL DEFAULT '0',
  `winner` int(11) NOT NULL DEFAULT '0',
  `final_result` int(11) NOT NULL DEFAULT '0',
  `striker` int(11) NOT NULL DEFAULT '0',
  `total` int(11) NOT NULL DEFAULT '0',
  `rank` int(11) NOT NULL DEFAULT '0',
  PRIMARY KEY (`user_code`,`game_code`)
) ENGINE=InnoDB DEFAULT CHARSET=utf8 COLLATE=utf8_unicode_ci;

--
-- Dumping data for table `results`
--

INSERT INTO `results` (`user_code`, `game_code`, `winner`, `final_result`, `striker`, `total`, `rank`) VALUES
(1, 1, 0, 2, 0, 2, 3),
(1, 2, 1, 0, 2, 5, 6),
(1, 3, 0, 0, 0, 5, 6),
(1, 4, 0, 0, 2, 7, 6),
(1, 5, 0, 0, 2, 9, 7),
(1, 6, 0, 0, 0, 9, 7),
(1, 7, 0, 0, 0, 9, 4),
(1, 8, 0, 0, 2, 11, 3),
(1, 9, 1, 0, 0, 12, 0),
(1, 10, 0, 0, 2, 14, 4),
(1, 11, 0, 0, 2, 16, 5),
(1, 12, 1, 2, 2, 21, 8),
(1, 13, 0, 0, 0, 21, 8),
(1, 14, 1, 0, 2, 24, 8),
(1, 15, 0, 0, 0, 24, 8),
(1, 16, 0, 0, 0, 24, 8),
(1, 17, 1, 0, 0, 25, 8),
(1, 18, 0, 0, 0, 25, 8),
(1, 19, 1, 2, 2, 30, 8),
(1, 20, 1, 0, 0, 31, 8),
(1, 21, 1, 0, 0, 32, 8),
(1, 22, 1, 0, 2, 35, 8),
(1, 23, 1, 0, 0, 36, 7),
(1, 24, 0, 0, 2, 38, 7),
(1, 25, 1, 0, 2, 41, 6),
(1, 26, 1, 0, 0, 42, 6),
(1, 27, 1, 0, 0, 43, 6),
(1, 28, 0, 0, 0, 43, 6),
(1, 29, 0, 0, 0, 43, 6),
(1, 30, 0, 0, 0, 43, 6),
(1, 31, 0, 0, 0, 43, 6),
(2, 1, 0, 0, 2, 2, 3),
(2, 2, 1, 0, 2, 5, 6),
(2, 3, 0, 0, 0, 5, 6),
(2, 4, 1, 0, 2, 8, 7),
(2, 5, 0, 0, 2, 10, 8),
(2, 6, 0, 0, 0, 10, 8),
(2, 7, 0, 0, 0, 10, 5),
(2, 8, 0, 0, 2, 12, 5),
(2, 9, 1, 0, 0, 13, 4),
(2, 10, 0, 0, 0, 13, 2),
(2, 11, 1, 0, 0, 14, 2),
(2, 12, 0, 0, 2, 16, 3),
(2, 13, 0, 0, 0, 16, 3),
(2, 14, 1, 0, 2, 19, 4),
(2, 15, 1, 0, 0, 20, 2),
(2, 16, 0, 0, 0, 20, 1),
(2, 17, 1, 0, 0, 21, 1),
(2, 18, 0, 0, 0, 21, 1),
(2, 19, 1, 2, 2, 26, 6),
(2, 20, 1, 0, 0, 27, 4),
(2, 21, 1, 0, 0, 28, 4),
(2, 22, 1, 2, 0, 31, 4),
(2, 23, 1, 0, 0, 32, 2),
(2, 24, 0, 0, 0, 32, 2),
(2, 25, 1, 0, 2, 35, 3),
(2, 26, 1, 0, 0, 36, 2),
(2, 27, 1, 0, 0, 37, 2),
(2, 28, 0, 0, 0, 37, 1),
(2, 29, 0, 0, 0, 37, 1),
(2, 30, 0, 0, 0, 37, 1),
(2, 31, 0, 0, 0, 37, 1),
(3, 1, 0, 0, 2, 2, 3),
(3, 2, 1, 0, 0, 3, 1),
(3, 3, 0, 0, 0, 3, 1),
(3, 4, 1, 0, 2, 6, 4),
(3, 5, 1, 0, 0, 7, 4),
(3, 6, 0, 0, 0, 7, 2),
(3, 7, 1, 2, 2, 12, 8),
(3, 8, 0, 0, 2, 14, 8),
(3, 9, 0, 0, 0, 14, 6),
(3, 10, 0, 0, 0, 14, 4),
(3, 11, 1, 0, 0, 15, 3),
(3, 12, 0, 0, 0, 15, 0),
(3, 13, 0, 0, 0, 15, -1),
(3, 14, 1, 0, 0, 16, -2),
(3, 15, 1, 0, 0, 17, -1),
(3, 16, 0, 0, 0, 17, -1),
(3, 17, 0, 0, 0, 17, -2),
(3, 18, 0, 0, 0, 17, -2),
(3, 19, 1, 2, 2, 22, -2),
(3, 20, 1, 0, 0, 23, 0),
(3, 21, 1, 0, 0, 24, 0),
(3, 22, 1, 0, 2, 27, 0),
(3, 23, 1, 0, 0, 28, 0),
(3, 24, 0, 0, 2, 30, 0),
(3, 25, 1, 0, 0, 31, -1),
(3, 26, 1, 0, 2, 34, 0),
(3, 27, 1, 0, 0, 35, 0),
(3, 28, 1, 2, 0, 38, 3),
(3, 29, 0, 0, 0, 38, 3),
(3, 30, 0, 0, 0, 38, 3),
(3, 31, 1, 0, 0, 39, 3),
(4, 1, 0, 0, 2, 2, 3),
(4, 2, 1, 0, 2, 5, 6),
(4, 3, 0, 0, 0, 5, 6),
(4, 4, 1, 0, 0, 6, 4),
(4, 5, 0, 0, 0, 6, 3),
(4, 6, 0, 0, 2, 8, 3),
(4, 7, 0, 0, 0, 8, 2),
(4, 8, 0, 0, 2, 10, 2),
(4, 9, 1, 2, 2, 15, 7),
(4, 10, 0, 0, 2, 17, 8),
(4, 11, 1, 0, 0, 18, 8),
(4, 12, 0, 0, 0, 18, 5),
(4, 13, 0, 0, 0, 18, 4),
(4, 14, 1, 0, 0, 19, 4),
(4, 15, 1, 2, 0, 22, 7),
(4, 16, 1, 0, 0, 23, 7),
(4, 17, 0, 0, 2, 25, 8),
(4, 18, 0, 0, 0, 25, 8),
(4, 19, 1, 0, 2, 28, 7),
(4, 20, 1, 0, 0, 29, 7),
(4, 21, 1, 0, 0, 30, 7),
(4, 22, 1, 2, 0, 33, 6),
(4, 23, 1, 0, 2, 36, 7),
(4, 24, 1, 0, 2, 39, 8),
(4, 25, 1, 0, 2, 42, 8),
(4, 26, 1, 0, 0, 43, 8),
(4, 27, 1, 0, 0, 44, 7),
(4, 28, 0, 0, 0, 44, 7),
(4, 29, 0, 0, 0, 44, 7),
(4, 30, 0, 0, 0, 44, 7),
(4, 31, 0, 0, 0, 44, 7),
(5, 1, 1, 2, 0, 3, 7),
(5, 2, 0, 0, 0, 3, 1),
(5, 3, 0, 0, 0, 3, 1),
(5, 4, 0, 0, 0, 3, -1),
(5, 5, 0, 0, 0, 3, -1),
(5, 6, 0, 0, 0, 3, -1),
(5, 7, 0, 0, 0, 3, -1),
(5, 8, 0, 0, 2, 5, -2),
(5, 9, 0, 0, 0, 5, -3),
(5, 10, 0, 0, 0, 5, -4),
(5, 11, 1, 0, 0, 6, -4),
(5, 12, 1, 2, 2, 11, -2),
(5, 13, 1, 0, 0, 12, -3),
(5, 14, 1, 0, 0, 13, -4),
(5, 15, 0, 0, 0, 13, -4),
(5, 16, 1, 0, 0, 14, -4),
(5, 17, 1, 0, 0, 15, -4),
(5, 18, 0, 0, 0, 15, -4),
(5, 19, 0, 0, 0, 15, -4),
(5, 20, 0, 0, 0, 15, -4),
(5, 21, 1, 0, 0, 16, -4),
(5, 22, 1, 2, 2, 21, -3),
(5, 23, 0, 0, 0, 21, -4),
(5, 24, 0, 0, 0, 21, -4),
(5, 25, 1, 0, 2, 24, -4),
(5, 26, 0, 0, 0, 24, -4),
(5, 27, 0, 0, 0, 24, -4),
(5, 28, 0, 0, 0, 24, -4),
(5, 29, 0, 0, 0, 24, -4),
(5, 30, 1, 0, 0, 25, -4),
(5, 31, 0, 0, 0, 25, -4),
(6, 1, 0, 0, 2, 2, 3),
(6, 2, 1, 0, 0, 3, 1),
(6, 3, 0, 0, 0, 3, 1),
(6, 4, 1, 0, 2, 6, 4),
(6, 5, 0, 0, 0, 6, 3),
(6, 6, 1, 0, 2, 9, 7),
(6, 7, 0, 0, 0, 9, 4),
(6, 8, 1, 0, 2, 12, 5),
(6, 9, 1, 0, 0, 13, 4),
(6, 10, 0, 0, 0, 13, 2),
(6, 11, 1, 0, 0, 14, 2),
(6, 12, 0, 0, 2, 16, 3),
(6, 13, 0, 0, 0, 16, 3),
(6, 14, 1, 0, 2, 19, 4),
(6, 15, 1, 0, 0, 20, 2),
(6, 16, 1, 0, 2, 23, 7),
(6, 17, 0, 0, 0, 23, 6),
(6, 18, 0, 0, 0, 23, 6),
(6, 19, 1, 0, 2, 26, 6),
(6, 20, 1, 0, 0, 27, 4),
(6, 21, 1, 0, 0, 28, 4),
(6, 22, 1, 2, 0, 31, 4),
(6, 23, 1, 2, 2, 36, 7),
(6, 24, 0, 0, 0, 36, 4),
(6, 25, 1, 0, 2, 39, 4),
(6, 26, 1, 0, 0, 40, 4),
(6, 27, 1, 0, 0, 41, 4),
(6, 28, 0, 0, 0, 41, 4),
(6, 29, 0, 0, 0, 41, 4),
(6, 30, 0, 0, 0, 41, 4),
(6, 31, 0, 0, 0, 41, 4),
(7, 1, 0, 0, 0, 0, -4),
(7, 2, 1, 0, 0, 1, -4),
(7, 3, 0, 0, 0, 1, -4),
(7, 4, 1, 0, 0, 2, -3),
(7, 5, 0, 0, 0, 2, -3),
(7, 6, 0, 0, 0, 2, -4),
(7, 7, 1, 0, 0, 3, -1),
(7, 8, 0, 0, 2, 5, -2),
(7, 9, 1, 0, 0, 6, -2),
(7, 10, 0, 0, 2, 8, -2),
(7, 11, 1, 0, 0, 9, -2),
(7, 12, 0, 0, 2, 11, -2),
(7, 13, 1, 0, 2, 14, -2),
(7, 14, 1, 0, 2, 17, -1),
(7, 15, 0, 0, 0, 17, -1),
(7, 16, 0, 0, 0, 17, -1),
(7, 17, 1, 0, 0, 18, -1),
(7, 18, 0, 0, 0, 18, -1),
(7, 19, 1, 2, 2, 23, 0),
(7, 20, 0, 0, 0, 23, 0),
(7, 21, 1, 0, 0, 24, 0),
(7, 22, 1, 2, 0, 27, 0),
(7, 23, 0, 0, 0, 27, -1),
(7, 24, 0, 0, 2, 29, -1),
(7, 25, 1, 0, 2, 32, 0),
(7, 26, 1, 0, 0, 33, -1),
(7, 27, 1, 0, 0, 34, -1),
(7, 28, 0, 0, 0, 34, -1),
(7, 29, 0, 0, 0, 34, -1),
(7, 30, 0, 0, 0, 34, -1),
(7, 31, 1, 0, 0, 35, -1),
(8, 1, 0, 0, 2, 2, 3),
(8, 2, 0, 0, 0, 2, -2),
(8, 3, 0, 0, 0, 2, -2),
(8, 4, 1, 0, 0, 3, -1),
(8, 5, 0, 0, 0, 3, -1),
(8, 6, 0, 0, 0, 3, -1),
(8, 7, 0, 0, 0, 3, -1),
(8, 8, 1, 2, 2, 8, -1),
(8, 9, 1, 2, 2, 13, 4),
(8, 10, 0, 0, 0, 13, 2),
(8, 11, 1, 0, 0, 14, 2),
(8, 12, 0, 0, 2, 16, 3),
(8, 13, 0, 0, 0, 16, 3),
(8, 14, 1, 0, 2, 19, 4),
(8, 15, 1, 0, 0, 20, 2),
(8, 16, 0, 0, 0, 20, 1),
(8, 17, 0, 0, 0, 20, 0),
(8, 18, 0, 0, 0, 20, 0),
(8, 19, 1, 2, 0, 23, 0),
(8, 20, 0, 0, 0, 23, 0),
(8, 21, 0, 0, 0, 23, -2),
(8, 22, 1, 0, 0, 24, -2),
(8, 23, 0, 0, 0, 24, -2),
(8, 24, 0, 0, 2, 26, -2),
(8, 25, 1, 0, 2, 29, -2),
(8, 26, 1, 0, 0, 30, -3),
(8, 27, 1, 0, 0, 31, -3),
(8, 28, 0, 0, 0, 31, -3),
(8, 29, 0, 0, 0, 31, -3),
(8, 30, 0, 0, 0, 31, -3),
(8, 31, 1, 0, 2, 34, -2),
(9, 1, 1, 2, 2, 5, 8),
(9, 2, 1, 0, 2, 8, 8),
(9, 3, 0, 0, 0, 8, 8),
(9, 4, 1, 0, 0, 9, 8),
(9, 5, 0, 0, 0, 9, 7),
(9, 6, 0, 0, 0, 9, 7),
(9, 7, 0, 2, 0, 11, 7),
(9, 8, 1, 0, 2, 14, 8),
(9, 9, 1, 0, 2, 17, 8),
(9, 10, 0, 0, 0, 17, 8),
(9, 11, 1, 0, 0, 18, 8),
(9, 12, 1, 0, 0, 19, 7),
(9, 13, 0, 0, 0, 19, 7),
(9, 14, 1, 0, 2, 22, 7),
(9, 15, 0, 0, 0, 22, 7),
(9, 16, 1, 0, 0, 23, 7),
(9, 17, 0, 0, 0, 23, 6),
(9, 18, 0, 0, 0, 23, 6),
(9, 19, 1, 0, 2, 26, 6),
(9, 20, 0, 0, 0, 26, 2),
(9, 21, 1, 0, 0, 27, 2),
(9, 22, 1, 0, 2, 30, 2),
(9, 23, 1, 0, 2, 33, 3),
(9, 24, 0, 0, 0, 33, 3),
(9, 25, 1, 0, 0, 34, 2),
(9, 26, 1, 0, 0, 35, 1),
(9, 27, 1, 0, 0, 36, 1),
(9, 28, 0, 0, 0, 36, 0),
(9, 29, 0, 0, 0, 36, 0),
(9, 30, 0, 0, 0, 36, 0),
(9, 31, 0, 0, 0, 36, 0),
(10, 1, 1, 2, 0, 3, 7),
(10, 2, 1, 0, 0, 4, 3),
(10, 3, 0, 0, 0, 4, 3),
(10, 4, 1, 0, 0, 5, 0),
(10, 5, 0, 0, 0, 5, 0),
(10, 6, 0, 0, 0, 5, 0),
(10, 7, 1, 2, 0, 8, 2),
(10, 8, 0, 0, 2, 10, 2),
(10, 9, 1, 0, 2, 13, 4),
(10, 10, 0, 0, 2, 15, 5),
(10, 11, 1, 0, 0, 16, 5),
(10, 12, 0, 0, 2, 18, 5),
(10, 13, 1, 0, 0, 19, 7),
(10, 14, 1, 0, 2, 22, 7),
(10, 15, 0, 0, 0, 22, 7),
(10, 16, 1, 0, 0, 23, 7),
(10, 17, 0, 0, 0, 23, 6),
(10, 18, 0, 0, 0, 23, 6),
(10, 19, 1, 2, 0, 26, 6),
(10, 20, 1, 2, 0, 29, 7),
(10, 21, 1, 0, 0, 30, 7),
(10, 22, 1, 2, 2, 35, 8),
(10, 23, 1, 0, 2, 38, 8),
(10, 24, 0, 0, 0, 38, 7),
(10, 25, 1, 0, 2, 41, 6),
(10, 26, 1, 0, 0, 42, 6),
(10, 27, 1, 0, 0, 43, 6),
(10, 28, 0, 0, 0, 43, 6),
(10, 29, 0, 0, 0, 43, 6),
(10, 30, 0, 0, 0, 43, 6),
(10, 31, 0, 0, 0, 43, 6),
(11, 1, 1, 2, 0, 3, 7),
(11, 2, 1, 0, 2, 6, 7),
(11, 3, 0, 0, 0, 6, 7),
(11, 4, 0, 0, 0, 6, 4),
(11, 5, 0, 0, 0, 6, 3),
(11, 6, 0, 0, 0, 6, 1),
(11, 7, 1, 0, 0, 7, 0),
(11, 8, 0, 0, 2, 9, 0),
(11, 9, 0, 0, 0, 9, -1),
(11, 10, 0, 0, 0, 9, -1),
(11, 11, 1, 0, 0, 10, -1),
(11, 12, 0, 0, 2, 12, -1),
(11, 13, 0, 2, 2, 16, 3),
(11, 14, 1, 0, 2, 19, 4),
(11, 15, 1, 2, 0, 22, 7),
(11, 16, 0, 0, 0, 22, 3),
(11, 17, 0, 0, 0, 22, 3),
(11, 18, 0, 0, 0, 22, 3),
(11, 19, 1, 0, 2, 25, 2),
(11, 20, 1, 0, 0, 26, 2),
(11, 21, 1, 0, 0, 27, 2),
(11, 22, 1, 0, 2, 30, 2),
(11, 23, 1, 0, 0, 31, 1),
(11, 24, 0, 0, 0, 31, 1),
(11, 25, 1, 0, 2, 34, 2),
(11, 26, 1, 0, 2, 37, 3),
(11, 27, 1, 0, 0, 38, 3),
(11, 28, 0, 0, 0, 38, 3),
(11, 29, 0, 0, 0, 38, 3),
(11, 30, 0, 0, 0, 38, 3),
(11, 31, 0, 0, 0, 38, 2),
(12, 1, 1, 0, 2, 3, 7),
(12, 2, 1, 0, 0, 4, 3),
(12, 3, 0, 0, 0, 4, 3),
(12, 4, 1, 0, 2, 7, 6),
(12, 5, 0, 2, 0, 9, 7),
(12, 6, 0, 0, 0, 9, 7),
(12, 7, 0, 2, 0, 11, 7),
(12, 8, 0, 0, 2, 13, 6),
(12, 9, 1, 0, 0, 14, 6),
(12, 10, 0, 0, 2, 16, 6),
(12, 11, 1, 0, 0, 17, 6),
(12, 12, 0, 0, 2, 19, 7),
(12, 13, 0, 0, 0, 19, 7),
(12, 14, 1, 0, 0, 20, 5),
(12, 15, 1, 0, 0, 21, 3),
(12, 16, 0, 0, 0, 21, 2),
(12, 17, 1, 0, 0, 22, 3),
(12, 18, 0, 0, 0, 22, 3),
(12, 19, 1, 0, 2, 25, 2),
(12, 20, 1, 2, 0, 28, 5),
(12, 21, 1, 0, 0, 29, 5),
(12, 22, 1, 2, 0, 32, 5),
(12, 23, 1, 0, 2, 35, 4),
(12, 24, 0, 0, 2, 37, 5),
(12, 25, 1, 2, 2, 42, 8),
(12, 26, 1, 0, 0, 43, 8),
(12, 27, 1, 2, 0, 46, 8),
(12, 28, 0, 0, 0, 46, 8),
(12, 29, 0, 0, 0, 46, 8),
(12, 30, 0, 0, 0, 46, 8),
(12, 31, 0, 0, 0, 46, 8),
(13, 1, 1, 0, 0, 1, -3),
(13, 2, 1, 0, 0, 2, -2),
(13, 3, 0, 0, 0, 2, -2),
(13, 4, 0, 0, 0, 2, -3),
(13, 5, 0, 0, 0, 2, -3),
(13, 6, 1, 0, 0, 3, -1),
(13, 7, 0, 0, 0, 3, -1),
(13, 8, 0, 0, 2, 5, -2),
(13, 9, 0, 0, 0, 5, -3),
(13, 10, 0, 0, 2, 7, -3),
(13, 11, 0, 0, 2, 9, -2),
(13, 12, 0, 0, 0, 9, -4),
(13, 13, 1, 0, 2, 12, -3),
(13, 14, 1, 0, 2, 15, -3),
(13, 15, 1, 0, 0, 16, -3),
(13, 16, 0, 0, 0, 16, -3),
(13, 17, 1, 0, 0, 17, -2),
(13, 18, 0, 0, 0, 17, -2),
(13, 19, 1, 0, 0, 18, -3),
(13, 20, 1, 0, 0, 19, -3),
(13, 21, 1, 0, 0, 20, -3),
(13, 22, 1, 0, 0, 21, -3),
(13, 23, 1, 0, 2, 24, -2),
(13, 24, 0, 0, 2, 26, -2),
(13, 25, 1, 0, 2, 29, -2),
(13, 26, 1, 0, 2, 32, -2),
(13, 27, 1, 0, 0, 33, -2),
(13, 28, 0, 0, 0, 33, -2),
(13, 29, 1, 0, 0, 34, -1),
(13, 30, 0, 0, 0, 34, -1),
(13, 31, 0, 0, 0, 34, -2);

-- --------------------------------------------------------

--
-- Table structure for table `users`
--

CREATE TABLE IF NOT EXISTS `users` (
  `user_code` int(11) NOT NULL AUTO_INCREMENT,
  `user_name` varchar(255) COLLATE utf8_unicode_ci NOT NULL DEFAULT '',
  `user_password` varchar(255) COLLATE utf8_unicode_ci NOT NULL DEFAULT '',
  `user_pts` int(11) NOT NULL DEFAULT '0',
  PRIMARY KEY (`user_code`)
) ENGINE=InnoDB  DEFAULT CHARSET=utf8 COLLATE=utf8_unicode_ci AUTO_INCREMENT=14 ;

--
-- Dumping data for table `users`
--

INSERT INTO `users` (`user_code`, `user_name`, `user_password`, `user_pts`) VALUES
(1, 'pedro', 'andrade', 43),
(2, 'teresa', 'fofinha', 37),
(3, 'ricardo', 'fodete', 39),
(4, 'miguel', 'ru4real', 44),
(5, 'hugo', 'cona', 25),
(6, 'rocha', 'planador', 41),
(7, 'assia', 'aveixela', 35),
(8, 'omar', 'chile', 34),
(9, 'mike', 'gocoxo', 36),
(10, 'vania', 'vanita12', 43),
(11, 'nuno', 'elias2012', 38),
(12, 'anki', '2012morges', 46),
(13, 'helena', 'gosweden', 34);

-- --------------------------------------------------------

--
-- Table structure for table `votes`
--

CREATE TABLE IF NOT EXISTS `votes` (
  `game_code` int(11) NOT NULL DEFAULT '0',
  `user_code` int(11) NOT NULL DEFAULT '0',
  `winner` varchar(50) COLLATE utf8_unicode_ci NOT NULL DEFAULT '',
  `final_result` varchar(10) COLLATE utf8_unicode_ci NOT NULL DEFAULT '',
  `strikers` varchar(255) COLLATE utf8_unicode_ci NOT NULL DEFAULT '',
  `date` datetime NOT NULL DEFAULT '0000-00-00 00:00:00',
  PRIMARY KEY (`game_code`,`user_code`)
) ENGINE=InnoDB DEFAULT CHARSET=utf8 COLLATE=utf8_unicode_ci;

--
-- Dumping data for table `votes`
--

INSERT INTO `votes` (`game_code`, `user_code`, `winner`, `final_result`, `strikers`, `date`) VALUES
(1, 1, '1', '1-1', 'Karagounis', '2012-06-03 11:35:21'),
(1, 2, '1', '1-0', 'Lewandowski', '2012-06-06 20:11:07'),
(1, 3, '1', '2-0', 'Lewandowski', '2012-06-03 17:50:44'),
(1, 4, '1', '2-0', 'Lewandowski', '2012-06-07 20:30:17'),
(1, 5, 'x', '1-1', 'Karagounis', '2012-06-07 22:27:57'),
(1, 6, '1', '1-0', 'Lewandowski', '2012-06-06 13:02:06'),
(1, 7, '1', '2-0', 'Kuba', '2012-06-06 17:16:44'),
(1, 8, '1', '3-1', 'Lewandowski', '2012-06-06 17:25:11'),
(1, 9, 'x', '1-1', 'Lewandowski', '2012-06-07 20:49:18'),
(1, 10, 'x', '1-1', 'Sobiech', '2012-06-07 20:25:04'),
(1, 11, 'x', '1-1', 'Gekas', '2012-06-07 15:57:16'),
(1, 12, 'x', '1-0', 'Lewandowski', '2012-06-07 20:33:52'),
(1, 13, 'x', '0-0', 'Samaras', '2012-06-07 22:23:19'),
(2, 1, '1', '2-1', 'Pavlyuchenko', '2012-06-03 11:36:32'),
(2, 2, '1', '2-0', 'Shirokov', '2012-06-06 20:24:43'),
(2, 3, '1', '1-0', 'Kerzhakov', '2012-06-03 17:51:59'),
(2, 4, '1', '2-1', 'Dzagoev', '2012-06-07 20:31:13'),
(2, 5, 'x', '1-1', 'Arshavin', '2012-06-07 22:28:25'),
(2, 6, '1', '1-0', 'Kerzhakov', '2012-06-06 13:04:43'),
(2, 7, '1', '2-1', 'Arshavin', '2012-06-06 17:20:42'),
(2, 8, '2', '1-2', 'Baros', '2012-06-06 17:33:22'),
(2, 9, '1', '2-0', 'Shirokov', '2012-06-08 13:57:55'),
(2, 10, '1', '2-0', 'Arshavin', '2012-06-07 20:26:15'),
(2, 11, '1', '2-0', 'Shirokov', '2012-06-07 15:58:45'),
(2, 12, '1', '3-1', 'Kadlec', '2012-06-07 20:37:10'),
(2, 13, '1', '1-0', 'Pogrebnyak', '2012-06-07 22:28:23'),
(3, 1, '1', '2-0', 'Robben', '2012-06-03 20:54:07'),
(3, 2, '1', '2-1', 'Robben', '2012-06-06 20:37:49'),
(3, 3, '1', '3-0', 'Van Persie', '2012-06-03 17:53:34'),
(3, 4, '1', '3-1', 'Huntelaar', '2012-06-07 20:31:32'),
(3, 5, '1', '2-1', 'Van Persie', '2012-06-07 22:28:59'),
(3, 6, '1', '2-0', 'Van Persie ', '2012-06-06 13:02:21'),
(3, 7, '1', '3-1', 'Robben', '2012-06-06 17:21:39'),
(3, 8, '1', '3-0', 'Robben', '2012-06-06 17:33:46'),
(3, 9, '1', '3-2', 'Robben', '2012-06-08 14:11:25'),
(3, 10, '1', '1-0', 'Huntelaar', '2012-06-07 20:28:41'),
(3, 11, '1', '1-0', 'Robben', '2012-06-07 16:01:34'),
(3, 12, '1', '2-0', 'Huntelaar', '2012-06-07 20:49:33'),
(3, 13, '1', '2-0', 'Van Persie', '2012-06-07 22:29:32'),
(4, 1, 'x', '2-1', 'Gomez', '2012-06-03 12:58:51'),
(4, 2, '1', '2-1', 'Gomez', '2012-06-06 20:29:21'),
(4, 3, '1', '2-0', 'Gomez', '2012-06-03 17:54:24'),
(4, 4, '1', '1-2', 'Ronaldo', '2012-06-09 18:05:45'),
(4, 5, '2', '2-2', 'Ronaldo', '2012-06-07 22:29:44'),
(4, 6, '1', '1-1', 'Gomez', '2012-06-06 13:04:52'),
(4, 7, '1', '2-1', 'Ozil', '2012-06-06 17:22:53'),
(4, 8, '1', '3-2', 'Ronaldo', '2012-06-06 17:37:31'),
(4, 9, '1', '2-1', 'Klose', '2012-06-08 14:14:29'),
(4, 10, '1', '2-0', 'Ozil', '2012-06-07 20:29:35'),
(4, 11, '2', '1-2', 'Nani', '2012-06-07 16:02:19'),
(4, 12, '1', '2-1', 'Gomez', '2012-06-07 20:55:02'),
(4, 13, 'x', '1-1', 'Ronaldo', '2012-06-07 22:35:08'),
(5, 1, '1', '1-0', 'Fabregas', '2012-06-09 21:02:32'),
(5, 2, '1', '1-0', 'Fabregas', '2012-06-06 20:54:44'),
(5, 3, 'x', '0-0', 'Balotelli', '2012-06-06 10:22:41'),
(5, 4, '1', '1-0', 'Llorente', '2012-06-07 20:33:23'),
(5, 5, '1', '3-0', 'Xabi', '2012-06-10 09:30:02'),
(5, 6, '1', '1-0', 'Llorente', '2012-06-06 13:02:34'),
(5, 7, '1', '2-1', 'Torres', '2012-06-09 16:55:56'),
(5, 8, '1', '1-0', 'Xavi', '2012-06-09 17:15:42'),
(5, 9, '1', '2-0', 'David Silva', '2012-06-10 09:06:56'),
(5, 10, '1', '2-1', 'Torres', '2012-06-10 09:19:21'),
(5, 11, '1', '2-0', 'Iniesta', '2012-06-07 16:03:21'),
(5, 12, '1', '1-1', 'Cassano', '2012-06-07 21:07:20'),
(5, 13, '1', '2-1', 'Iniesta', '2012-06-10 15:35:13'),
(6, 1, '1', '2-1', 'Keane', '2012-06-09 21:03:44'),
(6, 2, '1', '1-0', 'Keane', '2012-06-06 20:57:31'),
(6, 3, 'x', '1-1', 'Modric', '2012-06-06 10:24:49'),
(6, 4, 'x', '0-1', 'Jelavic', '2012-06-07 20:35:08'),
(6, 5, 'x', '1-1', 'Modric', '2012-06-10 09:32:07'),
(6, 6, '2', '0-1', 'Jelavic', '2012-06-06 13:05:00'),
(6, 7, 'x', '1-1', 'Keane', '2012-06-09 17:05:43'),
(6, 8, 'x', '1-1', 'Doyle', '2012-06-09 17:17:17'),
(6, 9, 'x', '2-2', 'Kranjcar', '2012-06-10 09:08:53'),
(6, 10, 'x', '1-1', 'Keane', '2012-06-10 09:27:04'),
(6, 11, '1', '1-1', 'Keane', '2012-06-07 16:06:09'),
(6, 12, '1', '1-1', 'Kranjcar', '2012-06-07 21:11:24'),
(6, 13, '2', '0-1', 'Modric', '2012-06-10 15:40:46'),
(7, 1, '1', '2-1', 'Benzema', '2012-06-10 19:08:59'),
(7, 2, '1', '1-0', 'Benzema', '2012-06-11 07:04:14'),
(7, 3, 'x', '1-1', 'Nasri', '2012-06-11 11:11:03'),
(7, 4, '1', '2-0', 'Malouda', '2012-06-07 20:36:19'),
(7, 5, '2', '0-2', 'Rooney', '2012-06-10 09:33:09'),
(7, 6, '1', '1-0', 'Benzema', '2012-06-06 13:02:45'),
(7, 7, 'x', '2-1', 'Benzema', '2012-06-09 17:14:02'),
(7, 8, '2', '1-2', 'Rooney', '2012-06-09 17:17:55'),
(7, 9, '2', '1-1', 'Benzema', '2012-06-10 20:58:21'),
(7, 10, 'x', '1-1', 'Benzema', '2012-06-10 21:10:13'),
(7, 11, 'x', '1-0', 'Benzema', '2012-06-07 16:06:56'),
(7, 12, '1', '1-1', 'Benzema', '2012-06-10 21:18:30'),
(7, 13, '1', '2-1', 'Benzema', '2012-06-11 14:52:34'),
(8, 1, '2', '1-1', 'Ibrahimovic', '2012-06-10 19:09:22'),
(8, 2, '2', '1-2', 'Ibrahimovic', '2012-06-11 07:19:13'),
(8, 3, '2', '1-2', 'Ibrahimovic', '2012-06-11 11:14:31'),
(8, 4, '2', '0-2', 'Ibrahimovic', '2012-06-07 20:36:55'),
(8, 5, '2', '1-2', 'Ibrahimovic', '2012-06-10 09:34:30'),
(8, 6, '1', '1-1', 'Ibrahimovic', '2012-06-06 13:05:07'),
(8, 7, '2', '1-1', 'Ibrahimovic', '2012-06-11 09:04:55'),
(8, 8, '1', '2-1', 'Ibrahimovic', '2012-06-11 17:19:02'),
(8, 9, '1', '1-2', 'Ibrahimovic', '2012-06-10 20:59:40'),
(8, 10, '2', '0-1', 'Ibrahimovic', '2012-06-10 21:10:43'),
(8, 11, '2', '0-2', 'Ibrahimovic', '2012-06-07 16:07:27'),
(8, 12, '2', '0-2', 'Ibrahimovic', '2012-06-10 21:14:52'),
(8, 13, '2', '1-2', 'Ibrahimovic', '2012-06-11 15:12:28'),
(9, 1, '2', '0-1', 'Baros', '2012-06-12 10:51:52'),
(9, 2, '2', '0-1', 'Baros', '2012-06-09 20:43:27'),
(9, 3, '1', '1-0', 'Samaras', '2012-06-11 11:17:28'),
(9, 4, '2', '1-2', 'Pilar', '2012-06-09 10:49:20'),
(9, 6, '2', '1-1', 'Baros', '2012-06-06 13:02:55'),
(9, 7, '2', '0-2', 'Kadlec', '2012-06-11 17:52:25'),
(9, 8, '2', '1-2', 'Pilar', '2012-06-11 17:27:14'),
(9, 9, '2', '1-0', 'Gekas', '2012-06-11 18:00:48'),
(9, 10, '2', '0-1', 'Pilar', '2012-06-11 19:16:26'),
(9, 11, 'x', '2-1', 'Baros', '2012-06-12 14:40:16'),
(9, 12, '2', '1-1', 'Baros', '2012-06-11 12:24:37'),
(9, 13, '1', '1-1', 'Karagounis', '2012-06-12 15:52:45'),
(10, 1, '2', '1-2', 'Dzagoev', '2012-06-12 10:52:14'),
(10, 2, '2', '1-2', 'Shirokov', '2012-06-09 20:42:39'),
(10, 3, '2', '0-2', 'Kerzhakov', '2012-06-11 11:18:28'),
(10, 4, '2', '1-3', 'Dzagoev', '2012-06-09 10:50:13'),
(10, 5, '2', '0-3', 'Pavlyuchenko', '2012-06-12 17:32:32'),
(10, 6, '2', '0-1', 'Kerzhakov', '2012-06-06 13:05:14'),
(10, 7, '2', '1-2', 'Dzagoev', '2012-06-11 17:55:27'),
(10, 8, '1', '2-1', 'Kerzhakov', '2012-06-12 17:04:44'),
(10, 9, '2', '1-2', 'Kerzhakov', '2012-06-11 18:02:32'),
(10, 10, '2', '1-2', 'Dzagoev', '2012-06-11 19:22:10'),
(10, 11, '2', '1-2', 'Kerzhakov', '2012-06-12 18:24:01'),
(10, 12, '2', '1-3', 'Dzagoev', '2012-06-11 12:24:57'),
(10, 13, '2', '1-3', 'Dzagoev', '2012-06-12 16:09:40'),
(11, 1, 'x', '1-2', 'Postiga', '2012-06-12 20:56:28'),
(11, 2, '2', '1-2', 'Ronaldo', '2012-06-09 20:39:21'),
(11, 3, '2', '0-2', 'Ronaldo', '2012-06-11 11:18:51'),
(11, 4, '2', '1-3', 'Ronaldo', '2012-06-09 10:54:14'),
(11, 5, '2', '0-3', 'Ronaldo', '2012-06-13 14:23:39'),
(11, 6, '2', '1-2', 'Ronaldo', '2012-06-06 13:03:04'),
(11, 7, '2', '1-1', 'Ronaldo', '2012-06-11 18:00:05'),
(11, 8, '2', '0-2', 'Ronaldo', '2012-06-12 17:06:43'),
(11, 9, '2', '0-1', 'Ronaldo', '2012-06-12 20:08:15'),
(11, 10, '2', '1-2', 'Ronaldo', '2012-06-13 10:03:16'),
(11, 11, '2', '0-2', 'Nani', '2012-06-13 11:56:33'),
(11, 12, '2', '2-2', 'Ronaldo', '2012-06-11 12:25:17'),
(11, 13, '1', '2-1', 'Bendtner', '2012-06-13 09:21:27'),
(12, 1, '2', '1-2', 'Gomez', '2012-06-12 20:56:43'),
(12, 2, '1', '2-1', 'Van Persie', '2012-06-09 20:40:05'),
(12, 3, 'x', '1-1', 'Robben', '2012-06-11 11:19:25'),
(12, 4, 'x', '2-2', 'Klose', '2012-06-09 10:54:30'),
(12, 5, '2', '1-2', 'Gomez', '2012-06-13 14:24:08'),
(12, 6, 'x', '1-1', 'Gomez', '2012-06-06 13:05:20'),
(12, 7, 'x', '2-2', 'Van Persie', '2012-06-13 10:48:51'),
(12, 8, 'x', '2-2', 'Gomez', '2012-06-12 17:08:11'),
(12, 9, '2', '1-0', 'Huntelaar', '2012-06-12 20:11:44'),
(12, 10, 'x', '1-1', 'Gomez', '2012-06-13 10:03:58'),
(12, 11, 'x', '2-1', 'Van Persie', '2012-06-13 11:57:48'),
(12, 12, 'x', '0-1', 'Gomez', '2012-06-11 12:25:36'),
(12, 13, '1', '2-2', 'Klose', '2012-06-13 09:33:34'),
(13, 1, '1', '1-0', 'Cassano', '2012-06-14 06:30:43'),
(13, 2, '1', '1-0', 'Cassano', '2012-06-14 09:06:21'),
(13, 3, '1', '1-0', 'Balotelli', '2012-06-11 11:20:20'),
(13, 4, '1', '2-0', 'Cassano', '2012-06-09 10:54:53'),
(13, 5, 'x', '2-1', 'baloteli', '2012-06-13 14:25:04'),
(13, 6, '1', '2-1', 'Jelavic', '2012-06-06 13:03:14'),
(13, 7, 'x', '2-2', 'Mandzukic', '2012-06-14 12:46:35'),
(13, 8, '1', '3-1', 'Balotelli', '2012-06-14 12:48:55'),
(13, 9, '1', '2-0', 'Cassano', '2012-06-13 21:22:51'),
(13, 10, 'x', '2-2', 'Jelavic', '2012-06-13 21:18:24'),
(13, 11, '1', '1-1', 'Mandzukic', '2012-06-14 08:50:04'),
(13, 12, '1', '2-1', 'di Natale', '2012-06-11 12:26:00'),
(13, 13, 'x', '1-2', 'Mandzukic', '2012-06-14 14:47:53'),
(14, 1, '1', '2-0', 'Silva', '2012-06-14 06:31:03'),
(14, 2, '1', '2-0', 'Fabregas', '2012-06-14 09:07:34'),
(14, 3, '1', '3-0', 'Iniesta', '2012-06-11 11:22:45'),
(14, 4, '1', '2-0', 'Iniesta', '2012-06-09 10:55:09'),
(14, 5, '1', '4-1', 'Iniesta', '2012-06-13 14:25:38'),
(14, 6, '1', '2-0', 'Fabregas', '2012-06-06 13:05:27'),
(14, 7, '1', '3-1', 'Fabregas', '2012-06-14 12:54:12'),
(14, 8, '1', '3-1', 'Fabregas', '2012-06-14 12:49:34'),
(14, 9, '1', '3-1', 'Fabregas', '2012-06-13 21:23:50'),
(14, 10, '1', '3-1', 'Torres', '2012-06-13 21:25:39'),
(14, 11, '1', '3-0', 'Torres', '2012-06-14 08:50:49'),
(14, 12, '1', '3-0', 'Iniesta', '2012-06-11 12:26:15'),
(14, 13, '1', '3-1', 'Fabregas', '2012-06-14 14:48:30'),
(15, 1, 'x', '1-2', 'Benzema', '2012-06-14 20:49:31'),
(15, 2, '2', '1-2', 'Benzema', '2012-06-15 07:16:34'),
(15, 3, '2', '1-3', 'Benzema', '2012-06-11 11:23:07'),
(15, 4, '2', '0-2', 'Benzema', '2012-06-09 10:55:33'),
(15, 5, 'x', '2-2', 'Schevschenko', '2012-06-15 14:47:04'),
(15, 6, '2', '0-1', 'Benzema', '2012-06-06 13:03:23'),
(15, 7, '1', '2-1', 'Shevchenko', '2012-06-15 09:49:07'),
(15, 8, '2', '2-1', 'Shevchenko', '2012-06-15 09:43:26'),
(15, 9, '1', '1-2', 'Benzema', '2012-06-14 21:04:52'),
(15, 10, 'x', '1-1', 'Shevchenko', '2012-06-14 21:12:37'),
(15, 11, '2', '0-2', 'benzema', '2012-06-14 20:16:06'),
(15, 12, '2', '1-1', 'Shevchenko', '2012-06-11 12:26:33'),
(15, 13, '2', '1-2', 'Nasri', '2012-06-15 13:40:30'),
(16, 1, 'x', '1-2', 'Ibrahimovic', '2012-06-14 20:50:22'),
(16, 2, 'x', '2-2', 'Ibrahimovic', '2012-06-15 07:20:41'),
(16, 3, 'x', '0-0', 'Ibrahimovic', '2012-06-11 11:24:14'),
(16, 4, '2', '1-2', 'Ibrahimov', '2012-06-09 10:55:47'),
(16, 5, '2', '1-2', 'Rooney', '2012-06-15 14:47:29'),
(16, 6, '2', '0-1', 'Welbeck', '2012-06-06 13:05:33'),
(16, 7, 'x', '1-1', 'Ibrahimovich', '2012-06-15 09:49:29'),
(16, 8, '1', '2-1', 'Ibrahimovic', '2012-06-15 09:44:35'),
(16, 9, '2', '0-2', 'Defoe', '2012-06-14 21:06:53'),
(16, 10, '2', '1-2', 'Ibrahimovic', '2012-06-14 21:21:07'),
(16, 11, 'x', '1-0', 'Ibrahimovic', '2012-06-14 20:20:06'),
(16, 12, '1', '1-1', 'Ibrahimovic', '2012-06-11 12:26:49'),
(16, 13, 'x', '2-1', 'Ibrahimovic', '2012-06-15 13:42:40'),
(17, 1, '1', '1-1', 'Lewandowski', '2012-06-14 20:50:57'),
(17, 2, '1', '2-1', 'Baros', '2012-06-15 07:33:41'),
(17, 3, '2', '1-1', 'Lewandowski', '2012-06-15 10:27:44'),
(17, 4, 'x', '1-1', 'Jiracek', '2012-06-09 10:56:18'),
(17, 5, '1', '2-0', 'Pilar', '2012-06-16 15:15:29'),
(17, 6, '2', '0-1', 'Lewandowski', '2012-06-06 13:03:31'),
(17, 7, '1', '2-1', 'Pilar', '2012-06-16 11:12:39'),
(17, 8, '2', '1-2', 'Lewandowski', '2012-06-16 14:44:38'),
(17, 9, '2', '1-2', 'B&#322;aszczykowski', '2012-06-16 12:45:52'),
(17, 10, '2', '1-2', 'Lewandowski', '2012-06-16 12:53:22'),
(17, 11, '2', '1-2', 'lewandowski', '2012-06-16 18:19:24'),
(17, 12, '1', '1-1', 'Lewandowski', '2012-06-11 12:27:12'),
(17, 13, '1', '1-1', 'Pilar', '2012-06-16 11:25:06'),
(18, 1, '2', '1-2', 'Shirikov', '2012-06-14 20:51:31'),
(18, 2, '2', '1-2', 'Shirokov', '2012-06-15 07:39:10'),
(18, 3, '2', '1-2', 'Shirokov', '2012-06-15 10:28:03'),
(18, 4, '2', '0-2', 'Dzagoev', '2012-06-09 10:56:30'),
(18, 5, '2', '1-2', 'Pavluyschenko', '2012-06-16 15:16:11'),
(18, 6, '2', '0-2', 'Kerzhakov', '2012-06-06 13:05:39'),
(18, 7, '2', '0-3', 'Dzagoev', '2012-06-16 11:13:10'),
(18, 8, '2', '1-3', 'Dzagoev', '2012-06-16 14:46:46'),
(18, 9, '2', '1-3', 'Dzagoev', '2012-06-16 12:48:05'),
(18, 10, '2', '0-2', 'Dzagoev', '2012-06-16 12:55:25'),
(18, 11, '2', '0-2', 'dzagoev', '2012-06-16 08:47:12'),
(18, 12, '2', '1-4', 'Dzagoev', '2012-06-11 12:27:27'),
(18, 13, '2', '1-3', 'Dzagoev', '2012-06-16 15:33:51'),
(19, 1, '1', '2-1', 'Ronaldo', '2012-06-14 20:52:54'),
(19, 2, '1', '2-1', 'Ronaldo', '2012-06-15 07:41:47'),
(19, 3, '1', '2-1', 'Ronaldo', '2012-06-15 10:28:18'),
(19, 4, '1', '2-0', 'Ronaldo', '2012-06-09 10:56:41'),
(19, 6, '1', '3-2', 'Ronaldo', '2012-06-06 13:03:40'),
(19, 7, '1', '2-1', 'Ronaldo', '2012-06-17 18:14:29'),
(19, 8, '1', '2-1', 'varela', '2012-06-16 20:48:44'),
(19, 9, '1', '2-0', 'Ronaldo', '2012-06-17 17:18:06'),
(19, 10, '1', '2-1', 'Nani', '2012-06-17 17:23:04'),
(19, 11, '1', '2-2', 'Ronaldo', '2012-06-17 09:27:57'),
(19, 12, '1', '2-2', 'Ronaldo', '2012-06-11 12:27:46'),
(19, 13, '1', '2-2', 'Nani', '2012-06-17 17:57:03'),
(20, 1, '2', '0-2', 'Gomez', '2012-06-14 20:53:17'),
(20, 2, '2', '1-3', 'Gomez', '2012-06-15 07:45:32'),
(20, 3, '2', '0-2', 'Gomez', '2012-06-15 10:28:31'),
(20, 4, '2', '0-1', 'Gomez', '2012-06-09 10:56:52'),
(20, 6, '2', '0-3', 'Gomez', '2012-06-06 13:05:46'),
(20, 7, 'x', '1-1', 'Gomez', '2012-06-17 18:15:06'),
(20, 8, '1', '2-1', 'Gomez', '2012-06-16 20:49:43'),
(20, 9, '1', '0-1', 'Gomez', '2012-06-17 17:20:01'),
(20, 10, '2', '1-2', 'Gomez', '2012-06-17 17:23:31'),
(20, 11, '2', '0-2', 'gomez', '2012-06-17 09:32:19'),
(20, 12, '2', '1-2', 'Gomez', '2012-06-11 12:28:10'),
(20, 13, '2', '1-3', 'Gomez', '2012-06-17 17:57:29'),
(21, 1, '2', '0-2', 'Silva', '2012-06-14 20:54:17'),
(21, 2, '2', '1-2', 'Fabregas', '2012-06-15 07:49:57'),
(21, 3, '2', '0-2', 'Silva', '2012-06-15 10:28:46'),
(21, 4, '2', '0-2', 'Torres', '2012-06-09 10:58:10'),
(21, 5, '2', '1-3', 'Torres', '2012-06-18 17:54:25'),
(21, 6, '2', '0-3', 'Iniesta', '2012-06-06 13:03:48'),
(21, 7, '2', '1-2', 'Torres', '2012-06-18 14:21:32'),
(21, 8, 'x', '2-2', 'Torres', '2012-06-18 17:46:10'),
(21, 9, '2', '1-2', 'Torres', '2012-06-18 12:06:36'),
(21, 10, '2', '1-2', 'Fabregas', '2012-06-18 16:37:11'),
(21, 11, '2', '2-2', 'Torres', '2012-06-18 08:24:19'),
(21, 12, '2', '1-3', 'Torres', '2012-06-11 12:28:44'),
(21, 13, '2', '2-2', 'Mandzukic', '2012-06-18 16:01:26'),
(22, 1, '1', '1-0', 'Balotelli', '2012-06-14 20:54:31'),
(22, 2, '1', '2-0', 'Di Natale', '2012-06-15 07:52:14'),
(22, 3, '1', '1-0', 'Balotelli', '2012-06-15 10:30:20'),
(22, 4, '1', '2-0', 'Di Natale', '2012-06-09 10:58:20'),
(22, 5, '1', '2-0', 'Cassano', '2012-06-18 17:54:52'),
(22, 6, '1', '2-0', 'Di Natale', '2012-06-06 13:05:52'),
(22, 7, '1', '2-0', 'Di Natale', '2012-06-18 14:21:52'),
(22, 8, '1', '3-1', 'Pirlo', '2012-06-18 17:47:32'),
(22, 9, '1', '2-1', 'Cassano', '2012-06-18 12:06:54'),
(22, 10, '1', '2-0', 'Cassano', '2012-06-18 16:38:35'),
(22, 11, '1', '2-1', 'Cassano', '2012-06-18 08:25:24'),
(22, 12, '1', '2-0', 'Di Natale', '2012-06-11 12:29:53'),
(22, 13, '1', '2-1', 'Di Natale', '2012-06-18 16:03:00'),
(23, 1, '1', '1-1', 'Shevchenko', '2012-06-14 20:54:47'),
(23, 2, '1', '3-2', 'Gerrard', '2012-06-15 07:57:02'),
(23, 3, '1', '1-1', 'Shevchenko', '2012-06-15 10:30:36'),
(23, 4, '1', '2-1', 'Rooney', '2012-06-09 10:58:33'),
(23, 5, 'x', '2-2', 'Shevchenko', '2012-06-19 16:52:00'),
(23, 6, '1', '1-0', 'Rooney', '2012-06-06 13:04:06'),
(23, 7, '2', '1-2', 'Shevchenko', '2012-06-19 17:06:53'),
(23, 8, '2', '1-2', 'Shevchenko', '2012-06-19 17:02:03'),
(23, 9, '1', '2-0', 'Rooney', '2012-06-19 16:41:12'),
(23, 10, '1', '2-1', 'Rooney', '2012-06-19 15:25:01'),
(23, 11, '1', '2-1', 'welbeck', '2012-06-19 14:16:23'),
(23, 12, '1', '2-0', 'Rooney', '2012-06-11 12:30:24'),
(23, 13, '1', '2-1', 'Rooney', '2012-06-19 18:30:23'),
(24, 1, '2', '1-1', 'Ibrahimovic', '2012-06-14 20:55:39'),
(24, 2, '2', '0-1', 'Benzema', '2012-06-15 08:03:36'),
(24, 3, '2', '1-1', 'Ibrahimovic', '2012-06-15 10:30:47'),
(24, 4, '1', '2-1', 'Ibrahimovic', '2012-06-09 10:58:45'),
(24, 5, '2', '0-2', 'Ribery', '2012-06-19 16:52:21'),
(24, 6, '2', '0-2', 'benzema', '2012-06-06 13:04:15'),
(24, 7, '2', '1-2', 'Ibrahimovic', '2012-06-19 17:07:45'),
(24, 8, '2', '2-3', 'Ibrahimovic', '2012-06-19 17:02:47'),
(24, 9, 'x', '1-1', 'Benzema', '2012-06-19 16:41:37'),
(24, 10, '2', '1-2', 'Benzema', '2012-06-19 15:27:05'),
(24, 11, 'x', '1-2', 'benzema', '2012-06-19 14:18:01'),
(24, 12, '2', '1-2', 'Ibrahimovic', '2012-06-11 12:30:46'),
(24, 13, 'x', '1-1', 'Ibrahimovic', '2012-06-19 18:32:30'),
(25, 1, '2', '1-2', 'Ronaldo', '2012-06-20 07:12:10'),
(25, 2, '2', '1-2', 'Ronaldo', '2012-06-20 07:33:39'),
(25, 3, '2', '1-2', 'Nani', '2012-06-21 10:00:36'),
(25, 4, '2', '1-2', 'Ronaldo', '2012-06-20 07:57:19'),
(25, 5, '2', '1-2', 'Ronaldo', '2012-06-21 18:40:44'),
(25, 6, '2', '0-2', 'Ronaldo', '2012-06-20 08:17:36'),
(25, 7, '2', '0-2', 'Ronaldo', '2012-06-21 16:38:05'),
(25, 8, '2', '1-2', 'Ronaldo', '2012-06-21 10:30:12'),
(25, 9, '2', '0-2', 'Nani', '2012-06-21 06:46:18'),
(25, 10, '2', '1-2', 'Ronaldo', '2012-06-21 16:01:59'),
(25, 11, '2', '3-1', 'Ronaldo', '2012-06-21 16:05:58'),
(25, 12, '2', '0-1', 'Ronaldo', '2012-06-21 12:20:13'),
(25, 13, '2', '0-0', 'Ronaldo', '2012-06-21 18:04:30'),
(26, 1, '1', '2-0', 'Gomez', '2012-06-20 07:12:18'),
(26, 2, '1', '3-0', 'Gomez', '2012-06-20 07:34:37'),
(26, 3, '1', '2-0', 'Klose', '2012-06-21 10:01:06'),
(26, 4, '1', '3-0', 'Gomez', '2012-06-20 07:57:50'),
(26, 6, '1', '2-0', 'Gomez', '2012-06-20 08:17:45'),
(26, 7, '1', '3-0', 'Gomez', '2012-06-21 16:39:59'),
(26, 8, '1', '2-0', 'Gomez', '2012-06-21 19:42:40'),
(26, 9, '1', '2-0', 'Gomez', '2012-06-21 06:47:02'),
(26, 10, '1', '2-0', 'Gomez', '2012-06-22 11:17:59'),
(26, 11, '1', '1-0', 'Klose', '2012-06-22 15:37:01'),
(26, 12, '1', '1-0', 'Gomez', '2012-06-22 09:33:48'),
(26, 13, '1', '3-1', 'Klose', '2012-06-22 17:43:33'),
(27, 1, '1', '1-0', 'Silva', '2012-06-20 07:12:26'),
(27, 2, '1', '2-1', 'Fabregas', '2012-06-20 07:34:46'),
(27, 3, '1', '1-0', 'Silva', '2012-06-21 10:01:36'),
(27, 4, '1', '1-0', 'Fabregas', '2012-06-20 07:58:34'),
(27, 6, '1', '2-1', 'Iniesta', '2012-06-20 08:17:56'),
(27, 7, '1', '2-1', 'Torres', '2012-06-23 14:29:45'),
(27, 8, '1', '3-1', 'Torres', '2012-06-23 14:26:04'),
(27, 9, '1', '2-1', 'Fabregas', '2012-06-22 11:57:54'),
(27, 10, '1', '2-1', 'Torres', '2012-06-22 15:51:45'),
(27, 11, '1', '2-1', 'fabregas', '2012-06-23 17:54:29'),
(27, 12, '1', '2-0', 'Fabregas', '2012-06-23 10:38:39'),
(27, 13, '1', '2-1', 'fabregas', '2012-06-23 18:00:54'),
(28, 1, '2', '1-1', 'Cassano', '2012-06-20 07:12:32'),
(28, 2, '1', '1-0', 'Cassano', '2012-06-20 07:35:57'),
(28, 3, 'x', '0-0', 'Balotelli', '2012-06-21 10:02:35'),
(28, 4, '2', '1-2', 'Rooney', '2012-06-20 07:59:00'),
(28, 6, '2', '1-1', 'Rooney', '2012-06-20 08:18:03'),
(28, 7, '2', '1-2', 'Rooney', '2012-06-23 14:30:39'),
(28, 8, '2', '0-1', 'Pirlo', '2012-06-23 14:27:53'),
(28, 9, '2', '0-1', 'Cassano', '2012-06-22 11:58:19'),
(28, 10, '1', '1-0', 'Rooney', '2012-06-22 15:52:56'),
(28, 11, '1', '2-1', 'welbeck', '2012-06-24 18:37:10'),
(28, 12, '1', '1-1', 'Rooney', '2012-06-23 10:41:02'),
(28, 13, '2', '1-2', 'Balotelli', '2012-06-24 11:49:30'),
(29, 1, '1', '2-1', 'Ronaldo', '2012-06-22 07:04:05'),
(29, 3, '1', '1-0', 'Ronaldo', '2012-06-21 10:03:09'),
(29, 4, '1', '2-1', 'Ronaldo', '2012-06-22 22:17:47'),
(29, 5, '1', '3-0', 'Ronaldo', '2012-06-27 18:31:21'),
(29, 6, '2', '0-2', 'Iniesta', '2012-06-26 11:57:38'),
(29, 7, '2', '1-2', 'Fabregas', '2012-06-27 17:35:06'),
(29, 8, '2', '2-3', 'Ronaldo', '2012-06-27 17:32:01'),
(29, 9, '2', '2-1', 'Silva', '2012-06-26 08:07:06'),
(29, 10, '2', '2-3', 'Ronaldo', '2012-06-27 09:12:06'),
(29, 11, '1', '3-1', 'Ronaldo', '2012-06-27 16:56:42'),
(29, 12, '2', '1-2', 'Ronaldo', '2012-06-26 07:33:05'),
(29, 13, 'x', '1-1', 'Ronaldo', '2012-06-27 12:25:36'),
(30, 1, '1', '2-1', 'Gomez', '2012-06-24 22:06:20'),
(30, 2, '1', '2-1', 'Gomez', '2012-06-28 15:53:52'),
(30, 3, '1', '2-1', 'Gomez', '2012-06-21 10:05:04'),
(30, 4, '1', '2-0', 'Gomez', '2012-06-22 22:18:19'),
(30, 5, '2', '0-1', 'Pirlo', '2012-06-27 18:32:01'),
(30, 6, '1', '1-1', 'Gomez', '2012-06-26 11:58:04'),
(30, 7, '1', '1-0', 'Gomez', '2012-06-27 17:39:16'),
(30, 8, '1', '3-1', 'Gomez', '2012-06-27 17:36:08'),
(30, 9, 'x', '0-0', 'Gomez', '2012-06-26 08:07:34'),
(30, 10, '1', '2-1', 'Gomez', '2012-06-28 11:25:10'),
(30, 11, '1', '2-0', 'Gomez', '2012-06-28 18:03:53'),
(30, 12, '1', '3-1', 'Gomez', '2012-06-28 07:27:13'),
(30, 13, 'x', '0-0', 'Pirlo', '2012-06-28 13:22:43'),
(31, 1, '2', '1-2', 'Balotelli', '2012-06-25 07:43:11'),
(31, 2, 'x', '1-1', 'Balotelli', '2012-07-01 09:08:20'),
(31, 3, '1', '1-0', 'Ruben Micael', '2012-06-21 10:13:08'),
(31, 4, 'X', '1-1', 'Fabregas', '2012-06-22 22:18:44'),
(31, 6, 'x', '1-1', 'Fabregas', '2012-06-28 11:58:16'),
(31, 7, '1', '1-0', 'Fabregas', '2012-07-01 11:47:59'),
(31, 8, '1', '2-1', 'Torres', '2012-07-01 11:51:06'),
(31, 9, 'x', '1-1', 'Balotelli', '2012-07-01 16:51:11'),
(31, 10, '2', '0-2', 'Cassano', '2012-07-01 16:50:37'),
(31, 12, 'x', '1-2', 'Cassano', '2012-07-01 13:18:29');

/*!40101 SET CHARACTER_SET_CLIENT=@OLD_CHARACTER_SET_CLIENT */;
/*!40101 SET CHARACTER_SET_RESULTS=@OLD_CHARACTER_SET_RESULTS */;
/*!40101 SET COLLATION_CONNECTION=@OLD_COLLATION_CONNECTION */;
