# phpMyAdmin SQL Dump
# version 2.5.6
# http://www.phpmyadmin.net
#
# Host: localhost
# Generation Time: Jul 05, 2004 at 01:48 PM
# Server version: 3.23.58
# PHP Version: 4.1.2
# 
# Database : `euro2004`
# 

# --------------------------------------------------------

#
# Table structure for table `games`
#
# Creation: Jun 13, 2004 at 10:28 PM
# Last update: Jul 05, 2004 at 09:52 AM
#

CREATE TABLE `games` (
  `game_code` int(11) NOT NULL auto_increment,
  `team1` varchar(255) NOT NULL default '',
  `team2` varchar(255) NOT NULL default '',
  `game_date` datetime NOT NULL default '2004-00-00 00:00:00',
  `winner` varchar(50) NOT NULL default '',
  `final_result` varchar(50) NOT NULL default '',
  `strikers` varchar(50) NOT NULL default '',
  PRIMARY KEY  (`game_code`)
) TYPE=MyISAM AUTO_INCREMENT=36 ;

#
# Dumping data for table `games`
#

INSERT INTO `games` (`game_code`, `team1`, `team2`, `game_date`, `winner`, `final_result`, `strikers`) VALUES (1, 'Portugal', 'Greece', '2004-06-12 17:00:00', '2', '1-2', 'Karagounis,Basinas,Cristiano Ronaldo'),
(2, 'Spain', 'Russia', '2004-06-12 19:45:00', '1', '1-0', 'Valeron'),
(3, 'Switzerland', 'Croatia', '2004-06-13 17:00:00', 'x', '0-0', ''),
(4, 'France', 'England', '2004-06-13 19:45:00', '1', '2-1', 'Lampard,Zidane'),
(5, 'Denmark', 'Italy', '2004-06-14 17:00:00', 'x', '0-0', ''),
(6, 'Sweden', 'Bulgaria', '2004-06-14 19:45:00', '1', '5-0', 'Ljungberg,Larsson,Ibrahimovic,Allback'),
(7, 'Czech Republic', 'Latvia', '2004-06-15 17:00:00', '1', '2-1', 'Verpakovskis,Baros,Heinz'),
(8, 'Germany', 'Netherlands', '2004-06-15 19:45:00', 'x', '1-1', 'Frings,Nistelrooij'),
(9, 'Greece', 'Spain', '2004-06-16 17:00:00', 'x', '1-1', 'Morientes,Charisteas'),
(10, 'Russia', 'Portugal', '2004-06-16 19:45:00', '2', '0-2', 'Maniche, Rui Costa'),
(11, 'England', 'Switzerland', '2004-06-17 17:00:00', '1', '3-0', 'Rooney,Gerrard'),
(12, 'Croatia', 'France', '2004-06-17 19:45:00', 'x', '2-2', 'Tudor,Rapaic,Prso,Trezeguet'),
(13, 'Bulgaria', 'Denmark', '2004-06-18 17:00:00', '2', '0-2', 'Tomasson,Gronkjaer'),
(14, 'Italy', 'Sweden', '2004-06-18 19:45:00', 'x', '1-1', 'Cassano,Ibrahimovic'),
(15, 'Latvia', 'Germany', '2004-06-19 17:00:00', 'x', '0-0', ''),
(16, 'Netherlands', 'Czech Republic', '2004-06-19 19:45:00', '2', '2-3', 'Bouma,Nistelrooy,Koller,Baros,Smicer'),
(17, 'Spain', 'Portugal', '2004-06-20 19:45:00', '2', '0-1', 'Nuno Gomes'),
(18, 'Russia', 'Greece', '2004-06-20 19:45:00', '1', '2-1', 'Kirichenko,Bulykin,Vryzas'),
(19, 'Croatia', 'England', '2004-06-21 19:45:00', '2', '2-4', 'Kovac,Scholes,Rooney,Tudor,Lampard'),
(20, 'Switzerland', 'France', '2004-06-21 19:45:00', '2', '1-3', 'Zidane,Vonlanthen,Henry'),
(21, 'Italy', 'Bulgaria', '2004-06-22 19:45:00', '1', '2-1', 'Petrov,Perrota,Cassano'),
(22, 'Denmark', 'Sweden', '2004-06-22 19:45:00', 'x', '2-2', 'Tomasson,Larsson,Jonson'),
(23, 'Netherlands', 'Latvia', '2004-06-23 19:45:00', '1', '3-0', 'Nistelrooy,Makaay'),
(24, 'Germany', 'Czech Republic', '2004-06-23 19:45:00', '2', '1-2', 'Ballack,Heinz,Baros'),
(28, 'Portugal', 'England', '2004-06-24 19:45:00', 'x', '2-2', 'Owen,Postiga,Rui Costa,Lampard'),
(29, 'France', 'Greece', '2004-06-25 19:45:00', '2', '0-1', 'Charisteas'),
(31, 'Sweden', 'Netherlands', '2004-06-26 19:45:00', 'x', '0-0', ''),
(32, 'Czech Republic', 'Denmark', '2004-06-27 19:45:00', '1', '3-0', 'Koller,Baros'),
(33, 'Portugal', 'Netherlands', '2004-06-30 19:45:00', '1', '2-1', 'Ronaldo, Maniche, Andrade'),
(34, 'Greece', 'Czech Republic', '2004-07-01 19:45:00', '1', '1-0', 'Dellas'),
(35, 'Portugal', 'Greece', '2004-07-04 19:45:00', '2', '0-1', 'Charisteas');

# --------------------------------------------------------

#
# Table structure for table `results`
#
# Creation: Jul 05, 2004 at 09:52 AM
# Last update: Jul 05, 2004 at 09:52 AM
#

CREATE TABLE `results` (
  `user_code` int(11) NOT NULL default '0',
  `game_code` int(11) NOT NULL default '0',
  `winner` int(11) NOT NULL default '0',
  `final_result` int(11) NOT NULL default '0',
  `striker` int(11) NOT NULL default '0',
  `gdiff` int(11) NOT NULL default '0',
  PRIMARY KEY  (`user_code`,`game_code`)
) TYPE=MyISAM;

#
# Dumping data for table `results`
#

INSERT INTO `results` (`user_code`, `game_code`, `winner`, `final_result`, `striker`, `gdiff`) VALUES (1, 1, 0, 0, 0, 0),
(2, 1, 0, 0, 0, 0),
(3, 1, 0, 0, 0, 0),
(4, 1, 0, 0, 0, 0),
(5, 1, 0, 0, 0, 0),
(6, 1, 0, 0, 0, 0),
(7, 1, 0, 0, 0, 0),
(1, 2, 3, 1, 1, 0),
(2, 2, 3, 1, 1, 0),
(3, 2, 3, 0, 1, 0),
(4, 2, 3, 0, 0, 0),
(5, 2, 0, 0, 0, 0),
(6, 2, 3, 0, 0, 0),
(7, 2, 3, 1, 1, 0),
(1, 3, 0, 0, 0, 0),
(2, 3, 0, 0, 0, 0),
(3, 3, 0, 0, 0, 0),
(4, 3, 0, 0, 0, 0),
(5, 3, 0, 0, 0, 0),
(6, 3, 0, 0, 0, 0),
(7, 3, 0, 0, 0, 0),
(1, 4, 0, 1, 1, 0),
(2, 4, 0, 0, 0, 0),
(3, 4, 3, 1, 1, 0),
(4, 4, 3, 0, 0, 0),
(5, 4, 0, 0, 0, 0),
(6, 4, 3, 0, 0, 0),
(7, 4, 3, 1, 1, 0),
(1, 5, 0, 0, 0, 0),
(2, 5, 0, 0, 0, 0),
(3, 5, 0, 0, 0, 0),
(4, 5, 0, 0, 0, 0),
(5, 5, 0, 0, 0, 0),
(6, 5, 0, 0, 0, 0),
(7, 5, 0, 0, 0, 0),
(1, 6, 3, 0, 0, 2),
(2, 6, 3, 0, 0, 2),
(3, 6, 3, 0, 0, 2),
(4, 6, 3, 0, 0, 2),
(5, 6, 3, 0, 0, 2),
(6, 6, 0, 0, 0, 2),
(7, 6, 3, 0, 0, 2),
(1, 7, 3, 0, 0, 0),
(2, 7, 0, 0, 1, 0),
(3, 7, 3, 0, 0, 2),
(4, 7, 3, 0, 0, 0),
(5, 7, 3, 0, 0, 0),
(6, 7, 3, 0, 0, 0),
(7, 7, 3, 0, 0, 0),
(1, 8, 0, 1, 1, 2),
(2, 8, 0, 0, 0, 0),
(3, 8, 3, 1, 1, 2),
(4, 8, 0, 0, 0, 2),
(5, 8, 3, 0, 0, 0),
(6, 8, 0, 0, 0, 0),
(7, 8, 3, 0, 0, 0),
(1, 9, 3, 0, 0, 2),
(2, 9, 3, 1, 1, 2),
(3, 9, 0, 0, 0, 0),
(4, 9, 3, 1, 1, 0),
(5, 9, 0, 0, 0, 0),
(6, 9, 3, 1, 1, 0),
(7, 9, 0, 0, 0, 2),
(1, 10, 3, 1, 1, 0),
(2, 10, 3, 0, 1, 0),
(3, 10, 3, 0, 0, 0),
(4, 10, 3, 0, 0, 0),
(5, 10, 3, 1, 1, 0),
(6, 10, 3, 0, 0, 0),
(7, 10, 3, 0, 0, 0),
(1, 11, 3, 0, 0, 0),
(2, 11, 3, 1, 1, 2),
(3, 11, 3, 0, 0, 2),
(4, 11, 3, 0, 0, 0),
(5, 11, 3, 0, 0, 0),
(6, 11, 3, 0, 0, 0),
(7, 11, 3, 0, 0, 0),
(1, 12, 0, 0, 0, 2),
(2, 12, 0, 0, 0, 0),
(3, 12, 0, 0, 0, 0),
(4, 12, 0, 0, 0, 0),
(5, 12, 0, 0, 0, 0),
(6, 12, 0, 0, 0, 0),
(7, 12, 0, 0, 0, 2),
(1, 13, 3, 1, 1, 2),
(2, 13, 3, 0, 0, 2),
(3, 13, 3, 1, 1, 2),
(4, 13, 3, 0, 0, 2),
(5, 13, 3, 0, 0, 0),
(6, 13, 0, 0, 0, 2),
(7, 13, 3, 1, 1, 2),
(1, 14, 3, 0, 0, 0),
(2, 14, 0, 0, 0, 0),
(3, 14, 0, 0, 0, 0),
(4, 14, 0, 0, 0, 0),
(5, 14, 3, 0, 0, 0),
(6, 14, 0, 0, 0, 0),
(7, 14, 0, 0, 0, 0),
(1, 15, 0, 0, 0, 0),
(2, 15, 0, 0, 0, 0),
(3, 15, 0, 0, 0, 0),
(4, 15, 0, 0, 0, 0),
(5, 15, 0, 0, 0, 0),
(6, 15, 0, 0, 0, 0),
(7, 15, 0, 0, 0, 0),
(1, 16, 0, 0, 0, 2),
(2, 16, 0, 0, 0, 0),
(3, 16, 0, 0, 0, 2),
(4, 16, 0, 0, 0, 2),
(5, 16, 0, 0, 0, 2),
(6, 16, 0, 0, 0, 0),
(7, 16, 0, 0, 0, 2),
(1, 17, 3, 0, 1, 0),
(2, 17, 3, 1, 1, 0),
(3, 17, 0, 0, 0, 0),
(4, 17, 3, 0, 1, 0),
(5, 17, 3, 1, 1, 0),
(6, 17, 3, 0, 0, 0),
(7, 17, 3, 0, 0, 0),
(1, 18, 0, 0, 0, 0),
(2, 18, 0, 0, 0, 0),
(3, 18, 0, 0, 0, 0),
(4, 18, 0, 0, 0, 0),
(5, 18, 0, 1, 1, 0),
(6, 18, 3, 1, 1, 0),
(7, 18, 0, 0, 0, 0),
(1, 19, 3, 0, 0, 2),
(2, 19, 0, 0, 0, 0),
(3, 19, 3, 0, 0, 2),
(4, 19, 0, 0, 0, 0),
(5, 19, 0, 0, 0, 0),
(6, 19, 0, 0, 0, 0),
(7, 19, 0, 0, 0, 0),
(1, 20, 3, 0, 1, 2),
(2, 20, 3, 0, 1, 2),
(3, 20, 3, 0, 1, 2),
(4, 20, 3, 0, 0, 2),
(5, 20, 3, 0, 1, 2),
(6, 20, 3, 0, 1, 2),
(7, 20, 3, 0, 1, 0),
(1, 21, 3, 0, 1, 0),
(2, 21, 3, 0, 1, 0),
(3, 21, 3, 0, 1, 0),
(4, 21, 3, 0, 0, 0),
(5, 21, 3, 0, 1, 0),
(6, 21, 3, 0, 0, 0),
(7, 21, 3, 0, 0, 0),
(1, 22, 0, 0, 0, 0),
(2, 22, 3, 1, 1, 0),
(3, 22, 3, 0, 1, 2),
(4, 22, 0, 0, 0, 2),
(5, 22, 3, 0, 0, 2),
(6, 22, 3, 1, 1, 2),
(7, 22, 0, 0, 0, 2),
(1, 23, 3, 0, 0, 2),
(2, 23, 3, 0, 0, 2),
(3, 23, 3, 0, 0, 2),
(4, 23, 3, 0, 0, 0),
(5, 23, 3, 0, 0, 2),
(6, 23, 3, 0, 0, 2),
(7, 23, 3, 0, 0, 2),
(1, 24, 0, 0, 0, 0),
(2, 24, 0, 0, 0, 0),
(3, 24, 3, 1, 1, 0),
(4, 24, 0, 0, 0, 2),
(5, 24, 0, 0, 0, 2),
(6, 24, 0, 0, 0, 2),
(7, 24, 0, 0, 0, 2),
(1, 28, 0, 0, 0, 0),
(2, 28, 0, 0, 0, 0),
(3, 28, 0, 0, 0, 0),
(4, 28, 0, 0, 0, 0),
(5, 28, 0, 0, 0, 0),
(6, 28, 0, 0, 0, 0),
(7, 28, 0, 0, 0, 0),
(1, 29, 0, 0, 0, 0),
(2, 29, 0, 0, 0, 0),
(3, 29, 0, 0, 0, 0),
(4, 29, 0, 0, 0, 0),
(5, 29, 0, 0, 0, 0),
(6, 29, 0, 0, 0, 0),
(7, 29, 0, 0, 0, 0),
(1, 31, 0, 0, 1, 0),
(2, 31, 3, 0, 1, 0),
(3, 31, 0, 0, 0, 0),
(4, 31, 0, 0, 0, 0),
(5, 31, 0, 0, 0, 0),
(6, 31, 0, 0, 0, 0),
(7, 31, 0, 0, 0, 0),
(1, 32, 3, 0, 0, 2),
(2, 32, 0, 0, 0, 0),
(3, 32, 0, 0, 0, 0),
(4, 32, 3, 0, 0, 0),
(5, 32, 3, 0, 0, 0),
(6, 32, 3, 0, 0, 2),
(7, 32, 3, 0, 0, 2),
(1, 33, 3, 1, 1, 0),
(2, 33, 3, 0, 1, 2),
(3, 33, 0, 0, 0, 0),
(4, 33, 0, 0, 0, 0),
(5, 33, 3, 1, 1, 0),
(6, 33, 3, 0, 0, 0),
(7, 33, 3, 1, 1, 0),
(1, 34, 0, 0, 0, 0),
(2, 34, 0, 0, 0, 0),
(3, 34, 0, 0, 0, 0),
(4, 34, 0, 0, 0, 0),
(5, 34, 3, 0, 0, 0),
(6, 34, 3, 0, 1, 0),
(7, 34, 0, 0, 0, 0),
(1, 35, 0, 0, 0, 0),
(2, 35, 0, 0, 0, 0),
(3, 35, 0, 0, 0, 0),
(4, 35, 0, 0, 0, 0),
(5, 35, 0, 0, 0, 0),
(6, 35, 0, 0, 0, 0),
(7, 35, 0, 0, 0, 0);

# --------------------------------------------------------

#
# Table structure for table `users`
#
# Creation: Jun 11, 2004 at 10:37 AM
# Last update: Jul 02, 2004 at 09:17 AM
#

CREATE TABLE `users` (
  `user_code` int(11) NOT NULL auto_increment,
  `user_name` varchar(255) NOT NULL default '',
  `user_password` varchar(255) NOT NULL default '',
  `user_pts` int(11) NOT NULL default '0',
  PRIMARY KEY  (`user_code`)
) TYPE=MyISAM AUTO_INCREMENT=8 ;

#
# Dumping data for table `users`
#

INSERT INTO `users` (`user_code`, `user_name`, `user_password`, `user_pts`) VALUES (1, 'pma', 'ask4more', 81),
(2, 'rjmelo', 'fodete', 69),
(3, 'brazuca', 'palhaco', 74),
(4, 'winzip', 'winzip', 56),
(5, 'msbranco', 'ru4real9', 67),
(6, 'huguinho', 'cona', 67),
(7, 'teresa', 'fofinha', 69);

# --------------------------------------------------------

#
# Table structure for table `votes`
#
# Creation: Jun 09, 2004 at 09:40 AM
# Last update: Jul 05, 2004 at 01:48 PM
#

CREATE TABLE `votes` (
  `game_code` int(11) NOT NULL default '0',
  `user_code` int(11) NOT NULL default '0',
  `winner` varchar(50) NOT NULL default '',
  `final_result` varchar(10) NOT NULL default '',
  `strikers` varchar(255) NOT NULL default '',
  `date` datetime NOT NULL default '0000-00-00 00:00:00',
  PRIMARY KEY  (`game_code`,`user_code`)
) TYPE=MyISAM;

#
# Dumping data for table `votes`
#

INSERT INTO `votes` (`game_code`, `user_code`, `winner`, `final_result`, `strikers`, `date`) VALUES (1, 4, '1', '2-0', 'Nuno Gomes', '2004-06-09 11:28:13'),
(2, 4, '1', '3-1', 'Raul', '2004-06-09 11:31:19'),
(3, 4, '2', '1-2', 'Sokota', '2004-06-09 11:31:58'),
(4, 4, '1', '2-0', 'Henry', '2004-06-09 11:33:29'),
(1, 3, '1', '1-0', 'Pauleta', '2004-06-09 12:45:44'),
(2, 3, '1', '2-1', 'Raul', '2004-06-09 12:45:12'),
(1, 2, '1', '3-1', 'Pauleta', '2004-06-09 16:01:00'),
(2, 2, '1', '1-0', 'Morientes', '2004-06-09 16:02:03'),
(3, 2, '2', '0-2', 'Sokota', '2004-06-09 16:12:56'),
(4, 2, 'x', '1-1', 'Henry', '2004-06-09 16:15:43'),
(1, 1, '1', '2-1', 'Figo', '2004-06-09 17:43:03'),
(1, 6, '1', '2-0', 'Figo', '2004-06-09 17:43:31'),
(2, 1, '1', '1-0', 'Raul', '2004-06-09 17:44:00'),
(2, 6, '1', '3-0', 'Raul', '2004-06-09 17:45:30'),
(4, 1, 'x', '2-1', 'Henry', '2004-06-11 17:23:54'),
(3, 1, '2', '1-2', 'Prso', '2004-06-11 17:22:51'),
(1, 7, '1', '1-0', 'Pauleta', '2004-06-12 16:58:00'),
(3, 3, '2', '2-0', 'Prso', '2004-06-11 17:48:47'),
(4, 3, '1', '2-1', 'Henry', '2004-06-11 17:56:35'),
(2, 7, '1', '1-0', 'Morientes', '2004-06-12 16:58:00'),
(1, 5, '-', '-', '-', '0000-00-00 00:00:00'),
(2, 5, '-', '-', '-', '0000-00-00 00:00:00'),
(4, 6, '1', '3-1', 'Pires', '2004-06-13 14:34:22'),
(3, 6, '2', '2-1', 'Sokota', '2004-06-13 14:34:53'),
(3, 5, '2', '0-1', 'Mornar', '2004-06-13 15:33:39'),
(4, 5, 'x', '1-1', 'Owen', '2004-06-13 15:34:15'),
(3, 7, '2', '1-2', 'Sokota', '2004-06-13 16:07:30'),
(4, 7, '1', '2-1', 'Owen', '2004-06-13 16:09:22'),
(5, 1, '2', '0-1', 'Vieri', '2004-06-13 17:37:04'),
(5, 2, '2', '0-2', 'Totti', '2004-06-13 21:11:41'),
(6, 2, '1', '1-0', 'Larsson', '2004-06-13 21:12:32'),
(5, 5, '2', '0-1', 'Vieri', '2004-06-13 22:42:18'),
(6, 5, '1', '1-1', 'Larsson', '2004-06-13 22:42:37'),
(7, 5, '1', '3-1', 'Poborski', '2004-06-13 22:44:27'),
(8, 5, 'x', '2-1', 'Ballack', '2004-06-13 22:45:06'),
(9, 5, '2', '0-1', 'Raul', '2004-06-13 22:45:19'),
(10, 5, '2', '0-2', 'Deco', '2004-06-13 22:45:51'),
(11, 5, '1', '2-1', 'Owen', '2004-06-13 22:46:15'),
(12, 5, '2', '0-1', 'Henry', '2004-06-13 22:46:35'),
(6, 1, '1', '2-0', 'Ibrahimovic', '2004-06-14 10:42:03'),
(5, 3, '2', '0-2', 'Vieri', '2004-06-14 10:58:37'),
(6, 3, '1', '1-0', 'Larsson', '2004-06-14 11:07:13'),
(5, 4, '2', '0-2', 'Del Piero', '2004-06-14 12:32:15'),
(6, 4, '1', '2-1', 'Ljungberg', '2004-06-14 12:39:29'),
(5, 6, '2', '1-2', 'Vieri', '2004-06-14 14:37:21'),
(6, 6, 'x', '0-0', 'Larsson', '2004-06-14 19:00:56'),
(5, 7, '2', '1-2', 'Vieri', '2004-06-14 16:27:17'),
(6, 7, '1', '1-0', 'Larsson', '2004-06-14 16:32:33'),
(7, 1, '1', '2-0', 'Rosicky', '2004-06-15 11:17:43'),
(8, 1, '1', '1-1', 'Nistelrooij', '2004-06-15 11:20:58'),
(7, 6, '1', '2-0', 'Koller', '2004-06-15 11:38:21'),
(8, 6, '1', '2-1', 'Ballack', '2004-06-15 11:40:01'),
(7, 4, '1', '3-1', 'Koller', '2004-06-15 12:02:33'),
(8, 4, '2', '0-1', 'Nistelrooij', '2004-06-15 12:07:52'),
(7, 3, '1', '2-0', 'Baros', '2004-06-15 13:09:01'),
(8, 3, 'x', '1-1', 'Nistelrooij', '2004-06-15 13:11:15'),
(9, 3, '2', '0-1', 'Raul', '2004-06-16 14:09:30'),
(10, 3, '2', '0-1', 'Pauleta', '2004-06-16 14:05:43'),
(11, 3, '1', '2-0', 'Rooney', '2004-06-17 14:12:03'),
(12, 3, '2', '0-2', 'Henry', '2004-06-15 13:15:06'),
(8, 7, 'x', '2-1', 'Ballack', '2004-06-15 13:51:07'),
(7, 7, '1', '3-1', 'Koller', '2004-06-15 13:59:08'),
(7, 2, 'x', '1-0', 'Rosicky', '2004-06-15 14:39:09'),
(8, 2, '2', '1-2', 'Van der Vaart', '2004-06-15 14:52:17'),
(10, 2, '2', '1-3', 'Figo', '2004-06-15 15:26:59'),
(9, 2, 'x', '1-1', 'Morientes', '2004-06-15 15:29:31'),
(9, 4, 'x', '1-1', 'Vicente', '2004-06-16 14:55:29'),
(10, 4, '2', '0-3', 'Nuno Gomes', '2004-06-15 22:00:25'),
(10, 1, '2', '0-2', 'Pauleta', '2004-06-16 10:06:32'),
(9, 1, 'x', '1-0', 'Morientes', '2004-06-16 10:07:49'),
(9, 6, 'x', '1-1', 'Raul', '2004-06-16 12:26:44'),
(10, 6, '2', '0-3', 'Pauleta', '2004-06-16 12:27:16'),
(9, 7, '2', '1-2', 'Morientes', '2004-06-16 16:45:20'),
(10, 7, '2', '1-2', 'Pauleta', '2004-06-16 16:49:33'),
(12, 1, '2', '0-1', 'Trezeguet', '2004-06-17 10:21:59'),
(11, 1, '1', '2-0', 'Owen', '2004-06-17 10:19:33'),
(11, 2, '1', '3-0', 'Rooney', '2004-06-17 12:09:07'),
(12, 2, '2', '0-2', 'Henry', '2004-06-17 12:10:06'),
(12, 4, '2', '1-2', 'Henry', '2004-06-17 12:21:35'),
(11, 4, '1', '2-0', 'Owen', '2004-06-17 12:24:00'),
(11, 6, '1', '2-1', 'Beckham', '2004-06-17 15:40:34'),
(12, 6, '2', '0-2', 'Zidane', '2004-06-17 15:41:09'),
(11, 7, '1', '2-0', 'Owen', '2004-06-17 16:37:54'),
(12, 7, '2', '1-2', 'Trezeguet', '2004-06-17 18:44:13'),
(13, 2, '2', '1-2', 'Gronkjaer', '2004-06-17 17:38:17'),
(14, 2, '2', '0-1', 'Larsson', '2004-06-17 17:39:04'),
(15, 2, '2', '0-2', 'Frings', '2004-06-17 17:41:06'),
(16, 2, '1', '2-1', 'Van der Vaart', '2004-06-17 17:47:26'),
(17, 2, '2', '0-1', 'Deco', '2004-06-17 17:43:27'),
(18, 2, 'x', '0-0', 'Izmailov', '2004-06-17 17:45:43'),
(13, 5, '2', '1-2', 'Sand', '2004-06-18 08:45:06'),
(14, 5, 'x', '1-2', 'Larsson', '2004-06-18 08:45:43'),
(13, 1, '2', '0-2', 'Tomasson', '2004-06-18 10:01:33'),
(14, 1, 'x', '0-1', 'Vieri', '2004-06-18 10:04:46'),
(13, 4, '2', '1-2', 'Tomasson', '2004-06-18 11:26:45'),
(14, 4, '1', '1-0', 'Vieri', '2004-06-18 11:29:50'),
(19, 4, '1', '2-1', 'Prso', '2004-06-21 11:47:22'),
(13, 7, '2', '0-2', 'Tomasson', '2004-06-18 14:31:33'),
(14, 7, '2', '1-2', 'Larsson', '2004-06-18 14:32:17'),
(13, 3, '2', '0-2', 'Tomasson', '2004-06-18 15:20:54'),
(14, 3, '1', '1-0', 'Vieri', '2004-06-18 15:43:22'),
(15, 5, '2', '1-2', 'Ballack', '2004-06-19 12:47:02'),
(17, 4, '2', '1-2', 'Figo', '2004-06-20 13:51:10'),
(13, 6, 'x', '2-2', 'Gronkjaer', '2004-06-18 16:37:27'),
(14, 6, '2', '1-2', 'Larsson', '2004-06-18 16:37:53'),
(16, 5, '1', '1-1', 'Nistelrooy', '2004-06-19 12:47:50'),
(16, 1, '1', '1-1', 'Koller', '2004-06-19 16:17:01'),
(17, 5, '2', '0-1', 'Deco', '2004-06-19 12:48:07'),
(18, 5, '2', '2-1', 'Alenitchev', '2004-06-19 12:48:28'),
(15, 4, '2', '0-2', 'Kuranyi', '2004-06-19 13:51:56'),
(16, 4, '1', '1-0', 'Nistelrooy', '2004-06-19 13:56:18'),
(15, 3, '2', '0-2', 'Ballack', '2004-06-19 14:27:13'),
(16, 3, 'x', '1-1', 'Nistelrooy', '2004-06-19 14:28:04'),
(17, 3, 'x', '1-1', 'Morientes', '2004-06-19 14:29:41'),
(18, 3, '2', '0-1', 'Charisteas', '2004-06-19 14:30:49'),
(15, 1, '2', '0-2', 'Kuranyi', '2004-06-19 16:14:13'),
(15, 7, '2', '0-2', 'Ballack', '2004-06-19 16:28:24'),
(16, 7, '1', '1-1', 'Nistelrooy', '2004-06-19 16:40:00'),
(17, 7, '2', '2-1', 'Raul', '2004-06-20 18:04:26'),
(18, 7, '2', '1-2', 'Karagounis', '2004-06-19 17:08:25'),
(18, 4, '2', '1-2', 'Charisteas', '2004-06-20 13:53:06'),
(16, 6, '-', '-', '-', '0000-00-00 00:00:00'),
(15, 6, '-', '-', '-', '0000-00-00 00:00:00'),
(18, 1, '2', '1-1', 'Karagounis', '2004-06-20 18:00:45'),
(17, 1, '2', '1-2', 'Figo', '2004-06-20 18:01:40'),
(19, 5, '1', '0-1', 'Prso', '2004-06-20 22:11:54'),
(20, 5, '2', '0-2', 'Henry', '2004-06-20 22:12:46'),
(19, 2, '1', '2-1', 'Sokota', '2004-06-21 01:14:19'),
(20, 2, '2', '0-2', 'Henry', '2004-06-21 01:15:04'),
(17, 6, '2', '1-3', 'Pauleta', '2004-06-20 19:42:00'),
(18, 6, '1', '2-1', 'Alenitchev', '2004-06-20 19:42:00'),
(19, 1, '2', '1-2', 'Rooney', '2004-06-21 10:50:38'),
(20, 1, '2', '0-2', 'Zidane', '2004-06-21 10:51:06'),
(20, 4, '2', '0-3', 'Henry', '2004-06-21 11:43:48'),
(19, 7, '1', '2-1', 'Prso', '2004-06-21 16:02:04'),
(20, 7, '2', '0-2', 'Trezeguet', '2004-06-21 13:18:30'),
(19, 6, 'x', '2-2', 'Beckham', '2004-06-21 13:59:16'),
(20, 6, '2', '0-2', 'Henry', '2004-06-21 14:00:02'),
(21, 4, '1', '2-0', 'Vieri', '2004-06-21 14:58:32'),
(22, 4, '2', '1-2', 'Larsson', '2004-06-21 14:59:47'),
(19, 3, '2', '0-1', 'Rooney', '2004-06-21 15:04:14'),
(20, 3, '2', '0-2', 'Henry', '2004-06-21 15:05:01'),
(23, 4, '1', '2-1', 'Verpakovskis', '2004-06-23 16:32:29'),
(23, 1, '1', '3-1', 'Nistelrooy', '2004-06-23 10:11:47'),
(21, 1, '1', '1-0', 'Del Piero', '2004-06-22 10:08:33'),
(22, 1, '2', '1-2', 'Ibrahimovic', '2004-06-22 10:09:16'),
(21, 3, '1', '1-0', 'Del Piero', '2004-06-22 12:14:46'),
(22, 3, 'x', '1-1', 'Tomasson', '2004-06-22 12:18:43'),
(23, 3, '1', '2-0', 'Nistelrooy', '2004-06-23 16:54:29'),
(21, 5, '1', '1-0', 'Del Piero', '2004-06-22 14:44:19'),
(22, 5, 'x', '1-2', 'Larsson', '2004-06-22 14:44:38'),
(21, 7, '1', '2-0', 'Del Piero', '2004-06-22 15:37:12'),
(22, 7, '2', '1-2', 'Larsson', '2004-06-22 15:36:34'),
(21, 6, '1', '2-0', 'Del Piero', '2004-06-22 16:06:52'),
(22, 6, 'x', '2-2', 'Larsson', '2004-06-22 16:08:24'),
(21, 2, '1', '1-0', 'Del Piero', '2004-06-22 16:42:22'),
(22, 2, 'x', '2-2', 'Ibrahimovic', '2004-06-22 16:52:32'),
(23, 5, '1', '2-0', 'Nistelrooy', '2004-06-23 08:35:09'),
(24, 5, '1', '1-0', 'Ballack', '2004-06-23 08:35:27'),
(23, 7, '1', '3-1', 'Nistelrooy', '2004-06-23 10:12:58'),
(24, 1, '1', '2-1', 'Kuranyi', '2004-06-23 10:34:26'),
(24, 7, '1', '1-1', 'Ballack', '2004-06-23 10:19:53'),
(29, 5, '1', '2-1', 'Nikolaidis', '2004-06-25 09:27:46'),
(29, 7, '1', '2-1', 'Henry', '2004-06-25 14:00:56'),
(28, 1, '1', '2-1', 'Figo', '2004-06-24 14:57:54'),
(28, 4, '1', '3-2', 'Nuno Gomes', '2004-06-24 14:38:26'),
(24, 4, 'x', '1-1', 'Heinz', '2004-06-23 10:58:28'),
(28, 7, '1', '2-1', 'Rooney', '2004-06-24 19:37:00'),
(23, 6, '1', '2-1', 'Nistelrooy', '2004-06-23 13:58:19'),
(24, 6, '1', '2-1', 'Ballack', '2004-06-23 13:58:46'),
(28, 5, '1', '2-1', 'Maniche', '2004-06-23 14:05:10'),
(28, 2, '1', '2-1', 'Nuno Gomes', '2004-06-23 15:43:04'),
(29, 2, '1', '3-0', 'Zidane', '2004-06-23 15:43:42'),
(32, 2, 'x', '1-1', 'Tomasson', '2004-06-23 15:45:49'),
(24, 2, '1', '2-1', 'Kuranyi', '2004-06-23 16:15:55'),
(23, 2, '1', '2-0', 'Nistelrooy', '2004-06-23 16:16:30'),
(24, 3, '2', '1-2', 'Koller', '2004-06-23 17:09:11'),
(28, 3, '1', '2-1', 'Rooney', '2004-06-23 17:11:40'),
(29, 3, '1', '2-1', 'Henry', '2004-06-25 19:15:38'),
(32, 3, '2', '0-1', 'Tomasson', '2004-06-27 08:03:34'),
(29, 4, '1', '2-0', 'Henry', '2004-06-24 22:58:54'),
(28, 6, '1', '2-1', 'Nuno Gomes', '2004-06-24 13:47:46'),
(29, 1, '1', '2-0', 'Henry', '2004-06-25 09:26:39'),
(31, 3, '1', '5-3', 'Nistelrooy', '2004-06-25 10:20:12'),
(31, 1, '2', '2-2', 'Larsson', '2004-06-26 14:08:54'),
(32, 1, '1', '3-1', 'Baros', '2004-06-25 10:30:53'),
(32, 4, '1', '2-1', 'Nedved', '2004-06-27 14:43:59'),
(32, 7, '1', '2-1', 'Baros', '2004-06-25 17:11:00'),
(32, 5, '1', '2-1', 'Tomasson', '2004-06-25 13:33:03'),
(31, 7, '1', '2-1', 'Larsson', '2004-06-25 14:11:26'),
(31, 2, 'x', '1-1', 'Nistelrooy', '2004-06-25 14:54:13'),
(29, 6, '1', '2-1', 'Zidane', '2004-06-25 16:02:54'),
(31, 4, '2', '1-2', 'Nistelrooy', '2004-06-26 01:03:45'),
(31, 5, '1', '2-0', 'Larsson', '2004-06-26 16:05:07'),
(31, 6, '1', '2-1', 'Larsson', '2004-06-26 19:40:39'),
(32, 6, '1', '2-1', 'Baros', '2004-06-27 09:16:00'),
(33, 1, '1', '2-1', 'Nistelrooy', '2004-06-28 10:11:38'),
(33, 4, 'x', '1-1', 'Nistelrooy', '2004-06-30 16:10:24'),
(33, 7, '1', '2-1', 'Nistelrooy', '2004-06-28 14:19:46'),
(34, 7, 'x', '1-2', 'Baros', '2004-06-28 14:20:57'),
(33, 2, '1', '1-0', 'Ronaldo', '2004-06-30 16:42:01'),
(34, 1, '2', '0-2', 'Koller', '2004-06-28 18:01:17'),
(33, 3, 'x', '1-1', 'Nistelrooy', '2004-06-28 20:00:06'),
(33, 5, '1', '2-1', 'Pauleta', '2004-06-30 14:05:36'),
(34, 4, '2', '1-3', 'Koller', '2004-06-29 14:07:16'),
(34, 3, '2', '0-2', 'Koller', '2004-06-30 16:15:55'),
(33, 6, '1', '3-0', 'Nuno Gomes', '2004-06-30 18:21:27'),
(34, 5, '1', '1-1', 'Baros', '2004-07-01 09:28:57'),
(34, 6, '1', '2-1', 'Karagounis', '2004-07-01 17:04:38'),
(34, 2, '2', '0-2', 'Baros', '2004-07-01 19:27:51'),
(35, 2, '1', '2-0', 'Pauleta', '2004-07-02 18:30:27'),
(35, 5, '1', '3-0', 'Pauleta', '2004-07-02 12:33:44'),
(35, 4, '1', '1-0', 'Figo', '2004-07-04 13:19:59'),
(35, 7, '1', '2-1', 'Pauleta', '2004-07-04 14:53:02'),
(35, 1, '1', '2-0', 'Pauleta', '2004-07-04 14:49:30'),
(35, 6, '1', '3-0', 'Nuno Gomes', '2004-07-04 17:54:11'),
(35, 3, '1', '1-0', 'Maniche', '2004-07-04 19:15:11');
