PRAGMA foreign_keys=OFF;
BEGIN TRANSACTION;
CREATE TABLE "django_migrations" ("id" integer NOT NULL PRIMARY KEY AUTOINCREMENT, "app" varchar(255) NOT NULL, "name" varchar(255) NOT NULL, "applied" datetime NOT NULL);
INSERT INTO "django_migrations" VALUES(1,'contenttypes','0001_initial','2016-06-07 22:06:18.985905');
INSERT INTO "django_migrations" VALUES(2,'auth','0001_initial','2016-06-07 22:06:19.021011');
INSERT INTO "django_migrations" VALUES(3,'admin','0001_initial','2016-06-07 22:06:19.042620');
INSERT INTO "django_migrations" VALUES(4,'admin','0002_logentry_remove_auto_add','2016-06-07 22:06:19.066675');
INSERT INTO "django_migrations" VALUES(5,'contenttypes','0002_remove_content_type_name','2016-06-07 22:06:19.112940');
INSERT INTO "django_migrations" VALUES(6,'auth','0002_alter_permission_name_max_length','2016-06-07 22:06:19.137903');
INSERT INTO "django_migrations" VALUES(7,'auth','0003_alter_user_email_max_length','2016-06-07 22:06:19.161671');
INSERT INTO "django_migrations" VALUES(8,'auth','0004_alter_user_username_opts','2016-06-07 22:06:19.188493');
INSERT INTO "django_migrations" VALUES(9,'auth','0005_alter_user_last_login_null','2016-06-07 22:06:19.222553');
INSERT INTO "django_migrations" VALUES(10,'auth','0006_require_contenttypes_0002','2016-06-07 22:06:19.231183');
INSERT INTO "django_migrations" VALUES(11,'auth','0007_alter_validators_add_error_messages','2016-06-07 22:06:19.256419');
INSERT INTO "django_migrations" VALUES(12,'sessions','0001_initial','2016-06-07 22:06:19.270444');
INSERT INTO "django_migrations" VALUES(13,'worldcup2014','0001_initial','2016-06-07 22:16:24.127876');
CREATE TABLE "auth_group" ("id" integer NOT NULL PRIMARY KEY AUTOINCREMENT, "name" varchar(80) NOT NULL UNIQUE);
CREATE TABLE "auth_group_permissions" ("id" integer NOT NULL PRIMARY KEY AUTOINCREMENT, "group_id" integer NOT NULL REFERENCES "auth_group" ("id"), "permission_id" integer NOT NULL REFERENCES "auth_permission" ("id"));
CREATE TABLE "auth_user_groups" ("id" integer NOT NULL PRIMARY KEY AUTOINCREMENT, "user_id" integer NOT NULL REFERENCES "auth_user" ("id"), "group_id" integer NOT NULL REFERENCES "auth_group" ("id"));
CREATE TABLE "auth_user_user_permissions" ("id" integer NOT NULL PRIMARY KEY AUTOINCREMENT, "user_id" integer NOT NULL REFERENCES "auth_user" ("id"), "permission_id" integer NOT NULL REFERENCES "auth_permission" ("id"));
CREATE TABLE "django_admin_log" ("id" integer NOT NULL PRIMARY KEY AUTOINCREMENT, "object_id" text NULL, "object_repr" varchar(200) NOT NULL, "action_flag" smallint unsigned NOT NULL, "change_message" text NOT NULL, "content_type_id" integer NULL REFERENCES "django_content_type" ("id"), "user_id" integer NOT NULL REFERENCES "auth_user" ("id"), "action_time" datetime NOT NULL);
INSERT INTO "django_admin_log" VALUES(144,'1','ec2-user',3,'',4,2,'2016-06-11 08:19:05.785624');
INSERT INTO "django_admin_log" VALUES(145,'498','[switzerland] Fabian Schar',2,'Changed name.',8,2,'2016-06-11 16:56:43.890771');
INSERT INTO "django_admin_log" VALUES(146,'4','albania vs switzerland - [switzerland] Fabian Schar',1,'Added.',10,2,'2016-06-11 16:57:09.296141');
INSERT INTO "django_admin_log" VALUES(147,'2','albania vs switzerland',2,'Changed winner, score and finish.',9,2,'2016-06-11 16:57:28.825081');
INSERT INTO "django_admin_log" VALUES(148,'5','wales vs slovakia - [wales] Gareth Bale',1,'Added.',10,2,'2016-06-11 21:48:58.369924');
INSERT INTO "django_admin_log" VALUES(149,'6','wales vs slovakia - [slovakia] Ondrej Duda',1,'Added.',10,2,'2016-06-11 21:49:11.933826');
INSERT INTO "django_admin_log" VALUES(150,'7','wales vs slovakia - [wales] Hal Robson-Kanu',1,'Added.',10,2,'2016-06-11 21:49:34.586852');
INSERT INTO "django_admin_log" VALUES(151,'3','wales vs slovakia',2,'Changed winner, score and finish.',9,2,'2016-06-11 21:50:00.940593');
INSERT INTO "django_admin_log" VALUES(152,'8','england vs russia - [england] Eric Dier',1,'Added.',10,2,'2016-06-11 22:49:24.939989');
INSERT INTO "django_admin_log" VALUES(153,'9','england vs russia - [russia] Denis Glushakov',1,'Added.',10,2,'2016-06-11 22:49:50.361506');
INSERT INTO "django_admin_log" VALUES(154,'4','england vs russia',2,'Changed score and finish.',9,2,'2016-06-11 22:50:07.389082');
INSERT INTO "django_admin_log" VALUES(155,'14','russia vs slovakia',1,'Added.',9,2,'2016-06-12 14:23:21.109118');
INSERT INTO "django_admin_log" VALUES(156,'15','romania vs switzerland',1,'Added.',9,2,'2016-06-12 14:23:43.504775');
INSERT INTO "django_admin_log" VALUES(157,'16','france vs albania',1,'Added.',9,2,'2016-06-12 14:24:01.384506');
INSERT INTO "django_admin_log" VALUES(158,'17','england vs wales',1,'Added.',9,2,'2016-06-12 14:24:25.559826');
INSERT INTO "django_admin_log" VALUES(159,'18','ukraine vs northern-ireland',1,'Added.',9,2,'2016-06-12 14:24:43.479168');
INSERT INTO "django_admin_log" VALUES(160,'19','germany vs poland',1,'Added.',9,2,'2016-06-12 14:25:01.109399');
INSERT INTO "django_admin_log" VALUES(161,'20','italy vs sweden',1,'Added.',9,2,'2016-06-12 14:25:20.467294');
INSERT INTO "django_admin_log" VALUES(162,'21','czech-republic vs croatia',1,'Added.',9,2,'2016-06-12 14:26:10.579509');
INSERT INTO "django_admin_log" VALUES(163,'22','spain vs turkey',1,'Added.',9,2,'2016-06-12 14:26:28.706995');
INSERT INTO "django_admin_log" VALUES(164,'23','belgium vs ireland',1,'Added.',9,2,'2016-06-12 14:26:54.461537');
INSERT INTO "django_admin_log" VALUES(165,'24','iceland vs hungary',1,'Added.',9,2,'2016-06-12 14:27:14.159464');
INSERT INTO "django_admin_log" VALUES(166,'25','iceland vs hungary',1,'Added.',9,2,'2016-06-12 14:27:37.211509');
INSERT INTO "django_admin_log" VALUES(167,'26','portugal vs austria',1,'Added.',9,2,'2016-06-12 14:28:09.390629');
INSERT INTO "django_admin_log" VALUES(168,'27','romania vs albania',1,'Added.',9,2,'2016-06-12 14:28:44.580303');
INSERT INTO "django_admin_log" VALUES(169,'28','switzerland vs france',1,'Added.',9,2,'2016-06-12 14:29:03.154615');
INSERT INTO "django_admin_log" VALUES(170,'29','russia vs wales',1,'Added.',9,2,'2016-06-12 14:29:34.215714');
INSERT INTO "django_admin_log" VALUES(171,'30','slovakia vs england',1,'Added.',9,2,'2016-06-12 14:29:55.184371');
INSERT INTO "django_admin_log" VALUES(172,'31','ukraine vs poland',1,'Added.',9,2,'2016-06-12 14:30:24.964690');
INSERT INTO "django_admin_log" VALUES(173,'32','northern-ireland vs germany',1,'Added.',9,2,'2016-06-12 14:30:43.649837');
INSERT INTO "django_admin_log" VALUES(174,'33','czech-republic vs turkey',1,'Added.',9,2,'2016-06-12 14:31:03.709772');
INSERT INTO "django_admin_log" VALUES(175,'34','croatia vs spain',1,'Added.',9,2,'2016-06-12 14:31:21.490385');
INSERT INTO "django_admin_log" VALUES(176,'35','iceland vs austria',1,'Added.',9,2,'2016-06-12 14:31:44.958575');
INSERT INTO "django_admin_log" VALUES(177,'36','hungary vs portugal',1,'Added.',9,2,'2016-06-12 14:32:04.272732');
INSERT INTO "django_admin_log" VALUES(178,'37','italy vs ireland',1,'Added.',9,2,'2016-06-12 14:32:22.285071');
INSERT INTO "django_admin_log" VALUES(179,'38','sweden vs belgium',1,'Added.',9,2,'2016-06-12 14:32:39.899157');
INSERT INTO "django_admin_log" VALUES(180,'24','iceland vs hungary',3,'',9,2,'2016-06-12 14:35:02.448603');
INSERT INTO "django_admin_log" VALUES(181,'109','[croatia] Luka Modric',2,'Changed name.',8,2,'2016-06-12 16:55:45.841440');
INSERT INTO "django_admin_log" VALUES(182,'10','turkey vs croatia - [croatia] Luka Modric',1,'Added.',10,2,'2016-06-12 16:56:13.484236');
INSERT INTO "django_admin_log" VALUES(183,'7','turkey vs croatia',2,'Changed winner, score and finish.',9,2,'2016-06-12 16:56:54.040434');
INSERT INTO "django_admin_log" VALUES(184,'11','poland vs northern-ireland - [poland] Arkadiusz Milik',1,'Added.',10,2,'2016-06-12 21:51:03.040027');
INSERT INTO "django_admin_log" VALUES(185,'5','poland vs northern-ireland',2,'Changed winner, score and finish.',9,2,'2016-06-12 21:52:03.145794');
INSERT INTO "django_admin_log" VALUES(186,'12','germany vs ukraine - [germany] Shkodran Mustafi',1,'Added.',10,2,'2016-06-12 22:54:37.380636');
INSERT INTO "django_admin_log" VALUES(187,'13','germany vs ukraine - [germany] Bastian Schweinsteiger',1,'Added.',10,2,'2016-06-12 22:54:47.516084');
INSERT INTO "django_admin_log" VALUES(188,'6','germany vs ukraine',2,'Changed winner, score and finish.',9,2,'2016-06-12 22:55:11.313220');
INSERT INTO "django_admin_log" VALUES(189,'451','[spain] Gerard Pique',2,'Changed name.',8,2,'2016-06-13 17:06:44.509054');
INSERT INTO "django_admin_log" VALUES(190,'14','spain vs czech-republic - [spain] Gerard Pique',1,'Added.',10,2,'2016-06-13 17:07:10.331572');
INSERT INTO "django_admin_log" VALUES(191,'8','spain vs czech-republic',2,'Changed winner, score and finish.',9,2,'2016-06-13 17:07:42.723567');
INSERT INTO "django_admin_log" VALUES(192,'15','ireland vs sweden - [ireland] Wes Hoolahan',1,'Added.',10,2,'2016-06-13 20:23:00.132891');
INSERT INTO "django_admin_log" VALUES(193,'16','ireland vs sweden - [ireland] Ciaran Clark',1,'Added.',10,2,'2016-06-13 20:23:23.171799');
INSERT INTO "django_admin_log" VALUES(194,'9','ireland vs sweden',2,'Changed score and finish.',9,2,'2016-06-13 20:23:38.718199');
INSERT INTO "django_admin_log" VALUES(195,'17','belgium vs italy - [italy] Giorgio Chiellini',1,'Added.',10,2,'2016-06-13 23:19:26.554383');
INSERT INTO "django_admin_log" VALUES(196,'17','belgium vs italy - [italy] Emanuele Giaccherini',2,'Changed striker.',10,2,'2016-06-13 23:20:13.807631');
INSERT INTO "django_admin_log" VALUES(197,'305','[italy] Graziano Pelle',2,'Changed name.',8,2,'2016-06-13 23:22:06.171749');
INSERT INTO "django_admin_log" VALUES(198,'18','belgium vs italy - [italy] Graziano Pelle',1,'Added.',10,2,'2016-06-13 23:22:56.946788');
INSERT INTO "django_admin_log" VALUES(199,'10','belgium vs italy',2,'Changed winner, score and finish.',9,2,'2016-06-13 23:23:41.798178');
INSERT INTO "django_admin_log" VALUES(200,'236','[hungary] Adam Szalai',2,'Changed name.',8,2,'2016-06-14 23:04:28.787697');
INSERT INTO "django_admin_log" VALUES(201,'231','[hungary] Zoltan Stieber',2,'Changed name.',8,2,'2016-06-14 23:04:55.308993');
INSERT INTO "django_admin_log" VALUES(202,'19','austria vs hungary - [hungary] Adam Szalai',1,'Added.',10,2,'2016-06-14 23:05:43.769464');
INSERT INTO "django_admin_log" VALUES(203,'20','austria vs hungary - [hungary] Zoltan Stieber',1,'Added.',10,2,'2016-06-14 23:06:23.894508');
INSERT INTO "django_admin_log" VALUES(204,'21','portugal vs iceland - [portugal] Nani',1,'Added.',10,2,'2016-06-14 23:07:06.592372');
INSERT INTO "django_admin_log" VALUES(205,'22','portugal vs iceland - [iceland] Birkir Bjarnason',1,'Added.',10,2,'2016-06-14 23:08:42.564205');
INSERT INTO "django_admin_log" VALUES(206,'11','austria vs hungary',2,'Changed winner, score and finish.',9,2,'2016-06-14 23:09:22.254896');
INSERT INTO "django_admin_log" VALUES(207,'12','portugal vs iceland',2,'Changed score and finish.',9,2,'2016-06-14 23:09:43.677525');
INSERT INTO "django_admin_log" VALUES(208,'436','[slovakia] Vladimir Weiss',2,'Changed name.',8,2,'2016-06-15 18:48:47.483828');
INSERT INTO "django_admin_log" VALUES(209,'23','russia vs slovakia - [slovakia] Vladimir Weiss',1,'Added.',10,2,'2016-06-15 18:49:07.826883');
INSERT INTO "django_admin_log" VALUES(210,'431','[slovakia] Marek Hamsik',2,'Changed name.',8,2,'2016-06-15 18:49:46.056976');
INSERT INTO "django_admin_log" VALUES(211,'24','russia vs slovakia - [slovakia] Marek Hamsik',1,'Added.',10,2,'2016-06-15 18:50:27.894597');
INSERT INTO "django_admin_log" VALUES(212,'25','russia vs slovakia - [russia] Denis Glushakov',1,'Added.',10,2,'2016-06-15 18:50:47.534866');
INSERT INTO "django_admin_log" VALUES(213,'14','russia vs slovakia',2,'Changed winner, score and finish.',9,2,'2016-06-15 18:51:05.359635');
INSERT INTO "django_admin_log" VALUES(214,'26','romania vs switzerland - [romania] Bogdan Stancu',1,'Added.',10,2,'2016-06-15 22:57:11.383652');
INSERT INTO "django_admin_log" VALUES(215,'27','romania vs switzerland - [switzerland] Admir Mehmedi',1,'Added.',10,2,'2016-06-15 22:57:26.370136');
INSERT INTO "django_admin_log" VALUES(216,'28','france vs albania - [france] Antoine Griezmann',1,'Added.',10,2,'2016-06-15 22:57:56.948152');
INSERT INTO "django_admin_log" VALUES(217,'29','france vs albania - [france] Dimitri Payet',1,'Added.',10,2,'2016-06-15 22:58:09.640159');
INSERT INTO "django_admin_log" VALUES(218,'15','romania vs switzerland',2,'Changed score and finish.',9,2,'2016-06-15 22:58:37.164692');
INSERT INTO "django_admin_log" VALUES(219,'16','france vs albania',2,'Changed winner, score and finish.',9,2,'2016-06-15 22:59:08.704958');
INSERT INTO "django_admin_log" VALUES(220,'30','england vs wales - [wales] Gareth Bale',1,'Added.',10,2,'2016-06-16 23:32:19.280643');
INSERT INTO "django_admin_log" VALUES(221,'31','england vs wales - [england] Jamie Vardy',1,'Added.',10,2,'2016-06-16 23:32:32.112308');
INSERT INTO "django_admin_log" VALUES(222,'32','england vs wales - [england] Daniel Sturridge',1,'Added.',10,2,'2016-06-16 23:32:44.501278');
INSERT INTO "django_admin_log" VALUES(223,'33','ukraine vs northern-ireland - [northern-ireland] Gareth McAuley',1,'Added.',10,2,'2016-06-16 23:33:18.215443');
INSERT INTO "django_admin_log" VALUES(224,'34','ukraine vs northern-ireland - [northern-ireland] Niall McGinn',1,'Added.',10,2,'2016-06-16 23:33:36.943995');
INSERT INTO "django_admin_log" VALUES(225,'17','england vs wales',2,'Changed winner, score and finish.',9,2,'2016-06-16 23:34:04.030302');
INSERT INTO "django_admin_log" VALUES(226,'18','ukraine vs northern-ireland',2,'Changed winner, score and finish.',9,2,'2016-06-16 23:34:17.797216');
INSERT INTO "django_admin_log" VALUES(227,'19','germany vs poland',2,'Changed score and finish.',9,2,'2016-06-16 23:34:28.867775');
INSERT INTO "django_admin_log" VALUES(228,'304','[italy] Eder',2,'Changed name.',8,2,'2016-06-17 16:58:02.513528');
INSERT INTO "django_admin_log" VALUES(229,'35','italy vs sweden - [italy] Eder',1,'Added.',10,2,'2016-06-17 16:58:25.184414');
INSERT INTO "django_admin_log" VALUES(230,'20','italy vs sweden',2,'Changed winner, score and finish.',9,2,'2016-06-17 16:58:41.177885');
INSERT INTO "django_admin_log" VALUES(231,'465','[spain] Alvaro Morata',2,'Changed name.',8,2,'2016-06-17 23:58:25.810990');
INSERT INTO "django_admin_log" VALUES(232,'110','[croatia] Ivan Rakitic',2,'Changed name.',8,2,'2016-06-17 23:59:33.918373');
INSERT INTO "django_admin_log" VALUES(233,'108','[croatia] Ivan Strinic',2,'Changed name.',8,2,'2016-06-17 23:59:46.777261');
INSERT INTO "django_admin_log" VALUES(234,'117','[croatia] Ivan Perisic',2,'Changed name.',8,2,'2016-06-18 00:00:11.636477');
INSERT INTO "django_admin_log" VALUES(235,'143','[czech-republic] Milan Skoda',2,'Changed name.',8,2,'2016-06-18 00:00:31.949760');
INSERT INTO "django_admin_log" VALUES(236,'142','[czech-republic] Tomas Necid',2,'Changed name.',8,2,'2016-06-18 00:00:51.588834');
INSERT INTO "django_admin_log" VALUES(237,'36','czech-republic vs croatia - [croatia] Ivan Perisic',1,'Added.',10,2,'2016-06-18 00:01:25.641147');
INSERT INTO "django_admin_log" VALUES(238,'37','czech-republic vs croatia - [croatia] Ivan Rakitic',1,'Added.',10,2,'2016-06-18 00:01:46.229139');
INSERT INTO "django_admin_log" VALUES(239,'38','czech-republic vs croatia - [czech-republic] Milan Skoda',1,'Added.',10,2,'2016-06-18 00:02:15.315484');
INSERT INTO "django_admin_log" VALUES(240,'39','czech-republic vs croatia - [czech-republic] Tomas Necid',1,'Added.',10,2,'2016-06-18 00:02:29.823176');
INSERT INTO "django_admin_log" VALUES(241,'40','spain vs turkey - [spain] Alvaro Morata',1,'Added.',10,2,'2016-06-18 00:03:14.261639');
INSERT INTO "django_admin_log" VALUES(242,'41','spain vs turkey - [spain] Nolito',1,'Added.',10,2,'2016-06-18 00:03:29.934640');
INSERT INTO "django_admin_log" VALUES(243,'21','czech-republic vs croatia',2,'Changed score and finish.',9,2,'2016-06-18 00:04:07.010152');
INSERT INTO "django_admin_log" VALUES(244,'22','spain vs turkey',2,'Changed winner, score and finish.',9,2,'2016-06-18 00:04:57.447048');
INSERT INTO "django_admin_log" VALUES(245,'42','belgium vs ireland - [belgium] Jordan Lukaku',1,'Added.',10,2,'2016-06-18 18:26:58.742152');
INSERT INTO "django_admin_log" VALUES(246,'43','belgium vs ireland - [belgium] Axel Witsel',1,'Added.',10,2,'2016-06-18 18:27:20.964334');
INSERT INTO "django_admin_log" VALUES(247,'23','belgium vs ireland',2,'Changed winner, score and finish.',9,2,'2016-06-18 18:28:09.707454');
INSERT INTO "django_admin_log" VALUES(248,'42','belgium vs ireland - [belgium] Romelu Lukaku',2,'Changed striker.',10,2,'2016-06-18 18:29:43.609177');
INSERT INTO "django_admin_log" VALUES(249,'44','iceland vs hungary - [iceland] Ragnar Sigurdsson',1,'Added.',10,2,'2016-06-18 19:52:47.486595');
INSERT INTO "django_admin_log" VALUES(250,'240','[iceland] Birkir Mar Sævarsson',2,'Changed name.',8,2,'2016-06-18 19:53:56.587457');
INSERT INTO "django_admin_log" VALUES(251,'240','[iceland] Birkir Mar Saevarsson',2,'Changed name.',8,2,'2016-06-18 19:54:43.869814');
INSERT INTO "django_admin_log" VALUES(252,'45','iceland vs hungary - [iceland] Birkir Mar Saevarsson',1,'Added.',10,2,'2016-06-18 19:54:59.310247');
INSERT INTO "django_admin_log" VALUES(253,'25','iceland vs hungary',2,'Changed score and finish.',9,2,'2016-06-18 19:55:13.287396');
INSERT INTO "django_admin_log" VALUES(254,'25','iceland vs hungary',2,'No fields changed.',9,2,'2016-06-18 19:55:13.655770');
INSERT INTO "django_admin_log" VALUES(255,'26','portugal vs austria',2,'Changed score and finish.',9,2,'2016-06-18 23:09:03.712890');
INSERT INTO "django_admin_log" VALUES(256,'46','romania vs albania - [albania] Armando Sadiku',1,'Added.',10,2,'2016-06-19 22:56:25.131829');
INSERT INTO "django_admin_log" VALUES(257,'27','romania vs albania',2,'Changed winner, score and finish.',9,2,'2016-06-19 22:56:45.477722');
INSERT INTO "django_admin_log" VALUES(258,'28','switzerland vs france',2,'Changed score and finish.',9,2,'2016-06-19 22:56:55.194596');
INSERT INTO "django_admin_log" VALUES(259,'3','rocha',3,'',12,2,'2016-06-20 10:04:09.588507');
INSERT INTO "django_admin_log" VALUES(260,'2','ricardo',3,'',12,2,'2016-06-20 22:01:16.015685');
INSERT INTO "django_admin_log" VALUES(261,'47','russia vs wales - [wales] Aaron Ramsey',1,'Added.',10,2,'2016-06-20 22:54:52.618869');
INSERT INTO "django_admin_log" VALUES(262,'48','russia vs wales - [wales] Neil Taylor',1,'Added.',10,2,'2016-06-20 22:55:09.398064');
INSERT INTO "django_admin_log" VALUES(263,'49','russia vs wales - [wales] Gareth Bale',1,'Added.',10,2,'2016-06-20 22:55:25.482850');
INSERT INTO "django_admin_log" VALUES(264,'29','russia vs wales',2,'Changed winner, score and finish.',9,2,'2016-06-20 22:55:49.553536');
INSERT INTO "django_admin_log" VALUES(265,'30','slovakia vs england',2,'Changed score and finish.',9,2,'2016-06-20 22:55:59.525864');
INSERT INTO "django_admin_log" VALUES(266,'5','nuno',3,'',12,2,'2016-06-21 12:21:19.429258');
INSERT INTO "django_admin_log" VALUES(267,'4','teresa',3,'',12,2,'2016-06-21 12:21:27.019817');
INSERT INTO "django_admin_log" VALUES(268,'50','ukraine vs poland - [poland] Jakub Blaszczykowski',1,'Added.',10,2,'2016-06-21 22:56:15.443117');
INSERT INTO "django_admin_log" VALUES(269,'51','northern-ireland vs germany - [germany] Mario Gomez',1,'Added.',10,2,'2016-06-21 22:56:40.589778');
INSERT INTO "django_admin_log" VALUES(270,'52','czech-republic vs turkey - [turkey] Ozan Tufan',1,'Added.',10,2,'2016-06-21 22:57:15.216056');
INSERT INTO "django_admin_log" VALUES(271,'533','[turkey] Burak Yilmaz',2,'Changed name.',8,2,'2016-06-21 22:57:47.974721');
INSERT INTO "django_admin_log" VALUES(272,'53','czech-republic vs turkey - [turkey] Burak Yilmaz',1,'Added.',10,2,'2016-06-21 22:58:19.865923');
INSERT INTO "django_admin_log" VALUES(273,'54','croatia vs spain - [spain] Alvaro Morata',1,'Added.',10,2,'2016-06-21 22:58:35.371955');
INSERT INTO "django_admin_log" VALUES(274,'55','croatia vs spain - [croatia] Ivan Perisic',1,'Added.',10,2,'2016-06-21 22:59:14.974196');
INSERT INTO "django_admin_log" VALUES(275,'119','[croatia] Nikola Kalinic',2,'Changed name.',8,2,'2016-06-21 22:59:36.658423');
INSERT INTO "django_admin_log" VALUES(276,'56','croatia vs spain - [croatia] Nikola Kalinic',1,'Added.',10,2,'2016-06-21 23:00:16.031634');
INSERT INTO "django_admin_log" VALUES(277,'31','ukraine vs poland',2,'Changed winner, score and finish.',9,2,'2016-06-21 23:00:34.648004');
INSERT INTO "django_admin_log" VALUES(278,'32','northern-ireland vs germany',2,'Changed winner, score and finish.',9,2,'2016-06-21 23:00:49.027355');
INSERT INTO "django_admin_log" VALUES(279,'33','czech-republic vs turkey',2,'Changed winner, score and finish.',9,2,'2016-06-21 23:01:05.440863');
INSERT INTO "django_admin_log" VALUES(280,'34','croatia vs spain',2,'Changed winner, score and finish.',9,2,'2016-06-21 23:01:19.852610');
INSERT INTO "django_admin_log" VALUES(281,'10','anki',3,'',12,2,'2016-06-22 15:55:12.967015');
INSERT INTO "django_admin_log" VALUES(282,'7','mike',3,'',12,2,'2016-06-22 23:23:29.105684');
INSERT INTO "django_admin_log" VALUES(283,'9','cesar',2,'Changed striker and winner.',12,2,'2016-06-22 23:24:46.243538');
INSERT INTO "django_admin_log" VALUES(284,'12','steph',2,'Changed winner.',12,2,'2016-06-22 23:24:59.896722');
INSERT INTO "django_admin_log" VALUES(285,'258','[iceland] Jon Dadi Bodvarsson',2,'Changed name.',8,2,'2016-06-23 08:56:32.526911');
INSERT INTO "django_admin_log" VALUES(286,'72','[austria] Alessandro Schopf',2,'Changed name.',8,2,'2016-06-23 08:56:55.417009');
INSERT INTO "django_admin_log" VALUES(287,'224','[hungary] Balázs Dzsudzsak',2,'Changed name.',8,2,'2016-06-23 08:57:24.668748');
INSERT INTO "django_admin_log" VALUES(288,'57','iceland vs austria - [iceland] Jon Dadi Bodvarsson',1,'Added.',10,2,'2016-06-23 08:57:52.476480');
INSERT INTO "django_admin_log" VALUES(289,'58','iceland vs austria - [austria] Alessandro Schopf',1,'Added.',10,2,'2016-06-23 08:58:10.218617');
INSERT INTO "django_admin_log" VALUES(290,'255','[iceland] Arnor Ingvi Traustason',2,'Changed name.',8,2,'2016-06-23 08:58:48.344555');
INSERT INTO "django_admin_log" VALUES(291,'59','iceland vs austria - [iceland] Arnor Ingvi Traustason',1,'Added.',10,2,'2016-06-23 08:59:03.379329');
INSERT INTO "django_admin_log" VALUES(292,'226','[hungary] Zoltan Gera',2,'Changed name.',8,2,'2016-06-23 08:59:39.740491');
INSERT INTO "django_admin_log" VALUES(293,'60','hungary vs portugal - [hungary] Zoltan Gera',1,'Added.',10,2,'2016-06-23 08:59:55.050968');
INSERT INTO "django_admin_log" VALUES(294,'61','hungary vs portugal - [portugal] Nani',1,'Added.',10,2,'2016-06-23 09:00:07.924133');
INSERT INTO "django_admin_log" VALUES(295,'224','[hungary] Balazs Dzsudzsak',2,'Changed name.',8,2,'2016-06-23 09:36:07.412239');
INSERT INTO "django_admin_log" VALUES(296,'62','hungary vs portugal - [hungary] Balazs Dzsudzsak',1,'Added.',10,2,'2016-06-23 09:36:13.295887');
INSERT INTO "django_admin_log" VALUES(297,'63','hungary vs portugal - [portugal] Cristiano Ronaldo',1,'Added.',10,2,'2016-06-23 09:36:39.406322');
INSERT INTO "django_admin_log" VALUES(298,'64','italy vs ireland - [ireland] Robbie Brady',1,'Added.',10,2,'2016-06-23 09:37:03.354153');
INSERT INTO "django_admin_log" VALUES(299,'65','sweden vs belgium - [belgium] Radja Nainggolan',1,'Added.',10,2,'2016-06-23 09:37:27.910753');
INSERT INTO "django_admin_log" VALUES(300,'35','iceland vs austria',2,'Changed winner, score and finish.',9,2,'2016-06-23 09:37:46.568567');
INSERT INTO "django_admin_log" VALUES(301,'36','hungary vs portugal',2,'Changed score and finish.',9,2,'2016-06-23 09:37:54.674259');
INSERT INTO "django_admin_log" VALUES(302,'37','italy vs ireland',2,'Changed winner, score and finish.',9,2,'2016-06-23 09:38:06.841114');
INSERT INTO "django_admin_log" VALUES(303,'38','sweden vs belgium',2,'Changed winner, score and finish.',9,2,'2016-06-23 09:38:20.906148');
INSERT INTO "django_admin_log" VALUES(304,'39','switzerland vs poland',1,'Added.',9,2,'2016-06-23 10:08:10.098710');
INSERT INTO "django_admin_log" VALUES(305,'40','wales vs northern-ireland',1,'Added.',9,2,'2016-06-23 10:08:30.322051');
INSERT INTO "django_admin_log" VALUES(306,'41','croatia vs portugal',1,'Added.',9,2,'2016-06-23 10:08:48.054599');
INSERT INTO "django_admin_log" VALUES(307,'42','france vs ireland',1,'Added.',9,2,'2016-06-23 10:09:25.945912');
INSERT INTO "django_admin_log" VALUES(308,'43','germany vs slovakia',1,'Added.',9,2,'2016-06-23 10:09:43.433393');
INSERT INTO "django_admin_log" VALUES(309,'44','hungary vs belgium',1,'Added.',9,2,'2016-06-23 10:10:38.582580');
INSERT INTO "django_admin_log" VALUES(310,'45','italy vs spain',1,'Added.',9,2,'2016-06-23 10:10:57.504296');
INSERT INTO "django_admin_log" VALUES(311,'46','england vs iceland',1,'Added.',9,2,'2016-06-23 10:11:11.414165');
INSERT INTO "django_admin_log" VALUES(312,'66','switzerland vs poland - [poland] Jakub Blaszczykowski',1,'Added.',10,2,'2016-06-25 17:45:45.035774');
INSERT INTO "django_admin_log" VALUES(313,'67','switzerland vs poland - [switzerland] Xherdan Shaqiri',1,'Added.',10,2,'2016-06-25 17:46:00.937192');
INSERT INTO "django_admin_log" VALUES(314,'39','switzerland vs poland',2,'Changed score and finish.',9,2,'2016-06-25 17:46:22.489228');
INSERT INTO "django_admin_log" VALUES(315,'68','wales vs northern-ireland - [northern-ireland] Gareth McAuley',1,'Added.',10,2,'2016-06-25 23:47:08.067849');
INSERT INTO "django_admin_log" VALUES(316,'69','croatia vs portugal - [portugal] Ricardo Quaresma',1,'Added.',10,2,'2016-06-25 23:47:24.313128');
INSERT INTO "django_admin_log" VALUES(317,'40','wales vs northern-ireland',2,'Changed winner, score and finish.',9,2,'2016-06-25 23:47:50.660815');
INSERT INTO "django_admin_log" VALUES(318,'41','croatia vs portugal',2,'Changed winner, score and finish.',9,2,'2016-06-25 23:48:01.707112');
INSERT INTO "django_admin_log" VALUES(319,'70','france vs ireland - [ireland] Robbie Brady',1,'Added.',10,2,'2016-06-26 17:01:07.235175');
INSERT INTO "django_admin_log" VALUES(320,'71','france vs ireland - [france] Antoine Griezmann',1,'Added.',10,2,'2016-06-26 17:01:20.688809');
INSERT INTO "django_admin_log" VALUES(321,'42','france vs ireland',2,'Changed winner, score and finish.',9,2,'2016-06-26 17:01:37.286168');
INSERT INTO "django_admin_log" VALUES(322,'194','[germany] Jerome Boateng',2,'Changed name.',8,2,'2016-06-26 18:51:24.527959');
INSERT INTO "django_admin_log" VALUES(323,'72','germany vs slovakia - [germany] Jerome Boateng',1,'Added.',10,2,'2016-06-26 18:51:28.066450');
INSERT INTO "django_admin_log" VALUES(324,'73','germany vs slovakia - [germany] Mario Gomez',1,'Added.',10,2,'2016-06-26 18:51:45.850648');
INSERT INTO "django_admin_log" VALUES(325,'74','germany vs slovakia - [germany] Julian Draxler ',1,'Added.',10,2,'2016-06-26 19:50:53.769567');
INSERT INTO "django_admin_log" VALUES(326,'43','germany vs slovakia',2,'Changed winner, score and finish.',9,2,'2016-06-26 19:51:15.641854');
INSERT INTO "django_admin_log" VALUES(327,'75','hungary vs belgium - [belgium] Toby Alderweireld',1,'Added.',10,2,'2016-06-26 22:51:04.969276');
INSERT INTO "django_admin_log" VALUES(328,'76','hungary vs belgium - [belgium] Michy Batshuayi',1,'Added.',10,2,'2016-06-26 22:51:23.288539');
INSERT INTO "django_admin_log" VALUES(329,'77','hungary vs belgium - [belgium] Eden Hazard',1,'Added.',10,2,'2016-06-26 22:51:36.501921');
INSERT INTO "django_admin_log" VALUES(330,'78','hungary vs belgium - [belgium] Yannick Ferreira-Carrasco',1,'Added.',10,2,'2016-06-26 22:51:50.729247');
INSERT INTO "django_admin_log" VALUES(331,'44','hungary vs belgium',2,'Changed winner, score and finish.',9,2,'2016-06-26 22:52:14.462083');
INSERT INTO "django_admin_log" VALUES(332,'79','italy vs spain - [italy] Giorgio Chiellini',1,'Added.',10,2,'2016-06-27 20:56:22.595424');
INSERT INTO "django_admin_log" VALUES(333,'80','italy vs spain - [italy] Graziano Pelle',1,'Added.',10,2,'2016-06-27 20:56:39.572369');
INSERT INTO "django_admin_log" VALUES(334,'45','italy vs spain',2,'Changed winner, score and finish.',9,2,'2016-06-27 20:56:52.742105');
INSERT INTO "django_admin_log" VALUES(335,'81','england vs iceland - [england] Wayne Rooney',1,'Added.',10,2,'2016-06-27 21:49:02.008056');
INSERT INTO "django_admin_log" VALUES(336,'82','england vs iceland - [iceland] Ragnar Sigurdsson',1,'Added.',10,2,'2016-06-27 21:49:23.085447');
INSERT INTO "django_admin_log" VALUES(337,'256','[iceland] Kolbeinn Sigthorsson',2,'Changed name.',8,2,'2016-06-27 21:50:03.855639');
INSERT INTO "django_admin_log" VALUES(338,'83','england vs iceland - [iceland] Kolbeinn Sigthorsson',1,'Added.',10,2,'2016-06-27 21:50:22.231574');
INSERT INTO "django_admin_log" VALUES(339,'47','poland vs portugal',1,'Added.',9,2,'2016-06-27 21:56:05.703931');
INSERT INTO "django_admin_log" VALUES(340,'48','wales vs belgium',1,'Added.',9,2,'2016-06-27 21:56:32.306949');
INSERT INTO "django_admin_log" VALUES(341,'49','germany vs italy',1,'Added.',9,2,'2016-06-27 21:56:51.414598');
INSERT INTO "django_admin_log" VALUES(342,'50','france vs -',1,'Added.',9,2,'2016-06-27 21:57:18.438565');
INSERT INTO "django_admin_log" VALUES(343,'46','england vs iceland',2,'Changed winner, score and finish.',9,2,'2016-06-27 22:58:56.719582');
INSERT INTO "django_admin_log" VALUES(344,'50','france vs iceland',2,'Changed teamB.',9,2,'2016-06-27 22:59:02.992133');
INSERT INTO "django_admin_log" VALUES(345,'84','poland vs portugal - [poland] Robert Lewandowski',1,'Added.',10,2,'2016-06-30 23:50:26.934015');
INSERT INTO "django_admin_log" VALUES(346,'85','poland vs portugal - [portugal] Renato Sanches',1,'Added.',10,2,'2016-06-30 23:50:49.281852');
INSERT INTO "django_admin_log" VALUES(347,'47','poland vs portugal',2,'Changed score and finish.',9,2,'2016-06-30 23:51:04.599512');
INSERT INTO "django_admin_log" VALUES(348,'51','portugal vs -',1,'Added.',9,2,'2016-07-01 13:21:08.653253');
INSERT INTO "django_admin_log" VALUES(349,'52','- vs -',1,'Added.',9,2,'2016-07-01 13:21:40.583042');
INSERT INTO "django_admin_log" VALUES(350,'53','- vs -',1,'Added.',9,2,'2016-07-01 13:22:28.187421');
INSERT INTO "django_admin_log" VALUES(351,'86','wales vs belgium - [belgium] Radja Nainggolan',1,'Added.',10,2,'2016-07-01 22:52:35.167680');
INSERT INTO "django_admin_log" VALUES(352,'87','wales vs belgium - [wales] Jonathan Williams',1,'Added.',10,2,'2016-07-01 22:53:26.407270');
INSERT INTO "django_admin_log" VALUES(353,'88','wales vs belgium - [wales] Hal Robson-Kanu',1,'Added.',10,2,'2016-07-01 22:54:16.885405');
INSERT INTO "django_admin_log" VALUES(354,'89','wales vs belgium - [wales] Sam Vokes',1,'Added.',10,2,'2016-07-01 22:54:55.762712');
INSERT INTO "django_admin_log" VALUES(355,'48','wales vs belgium',2,'Changed winner, score and finish.',9,2,'2016-07-01 22:56:19.009915');
INSERT INTO "django_admin_log" VALUES(356,'51','portugal vs wales',2,'Changed teamB.',9,2,'2016-07-02 15:41:15.246823');
INSERT INTO "django_admin_log" VALUES(357,'205','[germany] Mesut Ozil',2,'Changed name.',8,2,'2016-07-02 23:55:09.865642');
INSERT INTO "django_admin_log" VALUES(358,'90','germany vs italy - [germany] Mesut Ozil',1,'Added.',10,2,'2016-07-02 23:55:32.583752');
INSERT INTO "django_admin_log" VALUES(359,'91','germany vs italy - [italy] Leonardo Bonucci',1,'Added.',10,2,'2016-07-02 23:55:48.811549');
INSERT INTO "django_admin_log" VALUES(360,'49','germany vs italy',2,'Changed score and finish.',9,2,'2016-07-02 23:56:09.204672');
INSERT INTO "django_admin_log" VALUES(361,'92','france vs iceland - [france] Olivier Giroud',1,'Added.',10,2,'2016-07-03 22:20:47.346076');
INSERT INTO "django_admin_log" VALUES(362,'93','france vs iceland - [france] Paul Pogba',1,'Added.',10,2,'2016-07-03 22:21:06.986378');
INSERT INTO "django_admin_log" VALUES(363,'94','france vs iceland - [france] Dimitri Payet',1,'Added.',10,2,'2016-07-03 22:21:48.560560');
INSERT INTO "django_admin_log" VALUES(364,'95','france vs iceland - [france] Antoine Griezmann',1,'Added.',10,2,'2016-07-03 22:22:14.263801');
INSERT INTO "django_admin_log" VALUES(365,'96','france vs iceland - [iceland] Kolbeinn Sigthorsson',1,'Added.',10,2,'2016-07-03 22:23:39.977940');
INSERT INTO "django_admin_log" VALUES(366,'97','france vs iceland - [iceland] Birkir Bjarnason',1,'Added.',10,2,'2016-07-03 22:43:34.780284');
INSERT INTO "django_admin_log" VALUES(367,'52','germany vs france',2,'Changed teamA and teamB.',9,2,'2016-07-03 22:44:23.804190');
INSERT INTO "django_admin_log" VALUES(368,'50','france vs iceland',2,'Changed winner and score.',9,2,'2016-07-03 22:48:16.388253');
INSERT INTO "django_admin_log" VALUES(369,'50','france vs iceland',2,'No fields changed.',9,2,'2016-07-03 22:48:29.796923');
INSERT INTO "django_admin_log" VALUES(370,'50','france vs iceland',2,'Changed finish.',9,2,'2016-07-03 22:48:56.515562');
INSERT INTO "django_admin_log" VALUES(371,'98','portugal vs wales - [portugal] Cristiano Ronaldo',1,'Added.',10,2,'2016-07-06 23:28:40.910732');
INSERT INTO "django_admin_log" VALUES(372,'99','portugal vs wales - [portugal] Nani',1,'Added.',10,2,'2016-07-06 23:29:10.737192');
INSERT INTO "django_admin_log" VALUES(373,'51','portugal vs wales',2,'Changed winner, score and finish.',9,2,'2016-07-06 23:29:35.108321');
INSERT INTO "django_admin_log" VALUES(374,'100','germany vs france - [france] Antoine Griezmann',1,'Added.',10,2,'2016-07-07 23:10:29.402560');
INSERT INTO "django_admin_log" VALUES(375,'52','germany vs france',2,'Changed winner, score and finish.',9,2,'2016-07-07 23:11:17.992444');
INSERT INTO "django_admin_log" VALUES(376,'53','portugal vs france',2,'Changed teamA and teamB.',9,2,'2016-07-07 23:11:53.084352');
INSERT INTO "django_admin_log" VALUES(377,'374','[portugal] Eder',2,'Changed name.',8,2,'2016-07-11 00:47:08.138690');
INSERT INTO "django_admin_log" VALUES(378,'101','portugal vs france - [portugal] Eder',1,'Added.',10,2,'2016-07-11 00:47:24.326068');
INSERT INTO "django_admin_log" VALUES(379,'53','portugal vs france',2,'Changed winner, score and finish.',9,2,'2016-07-11 00:47:41.708676');
INSERT INTO "django_admin_log" VALUES(380,'582','[-] -',1,'Added.',8,2,'2016-07-11 12:22:22.229137');
INSERT INTO "django_admin_log" VALUES(381,'22','helena',1,'Added.',12,2,'2016-07-11 12:22:42.339211');
CREATE TABLE "django_content_type" ("id" integer NOT NULL PRIMARY KEY AUTOINCREMENT, "app_label" varchar(100) NOT NULL, "model" varchar(100) NOT NULL);
INSERT INTO "django_content_type" VALUES(1,'admin','logentry');
INSERT INTO "django_content_type" VALUES(3,'auth','group');
INSERT INTO "django_content_type" VALUES(2,'auth','permission');
INSERT INTO "django_content_type" VALUES(4,'auth','user');
INSERT INTO "django_content_type" VALUES(5,'contenttypes','contenttype');
INSERT INTO "django_content_type" VALUES(6,'sessions','session');
INSERT INTO "django_content_type" VALUES(13,'worldcup2014','comment');
INSERT INTO "django_content_type" VALUES(12,'worldcup2014','extravote');
INSERT INTO "django_content_type" VALUES(9,'worldcup2014','match');
INSERT INTO "django_content_type" VALUES(10,'worldcup2014','matchstriker');
INSERT INTO "django_content_type" VALUES(8,'worldcup2014','player');
INSERT INTO "django_content_type" VALUES(7,'worldcup2014','team');
INSERT INTO "django_content_type" VALUES(11,'worldcup2014','vote');
CREATE TABLE "auth_permission" ("id" integer NOT NULL PRIMARY KEY AUTOINCREMENT, "content_type_id" integer NOT NULL REFERENCES "django_content_type" ("id"), "codename" varchar(100) NOT NULL, "name" varchar(255) NOT NULL);
INSERT INTO "auth_permission" VALUES(1,1,'add_logentry','Can add log entry');
INSERT INTO "auth_permission" VALUES(2,1,'change_logentry','Can change log entry');
INSERT INTO "auth_permission" VALUES(3,1,'delete_logentry','Can delete log entry');
INSERT INTO "auth_permission" VALUES(4,2,'add_permission','Can add permission');
INSERT INTO "auth_permission" VALUES(5,2,'change_permission','Can change permission');
INSERT INTO "auth_permission" VALUES(6,2,'delete_permission','Can delete permission');
INSERT INTO "auth_permission" VALUES(7,3,'add_group','Can add group');
INSERT INTO "auth_permission" VALUES(8,3,'change_group','Can change group');
INSERT INTO "auth_permission" VALUES(9,3,'delete_group','Can delete group');
INSERT INTO "auth_permission" VALUES(10,4,'add_user','Can add user');
INSERT INTO "auth_permission" VALUES(11,4,'change_user','Can change user');
INSERT INTO "auth_permission" VALUES(12,4,'delete_user','Can delete user');
INSERT INTO "auth_permission" VALUES(13,5,'add_contenttype','Can add content type');
INSERT INTO "auth_permission" VALUES(14,5,'change_contenttype','Can change content type');
INSERT INTO "auth_permission" VALUES(15,5,'delete_contenttype','Can delete content type');
INSERT INTO "auth_permission" VALUES(16,6,'add_session','Can add session');
INSERT INTO "auth_permission" VALUES(17,6,'change_session','Can change session');
INSERT INTO "auth_permission" VALUES(18,6,'delete_session','Can delete session');
INSERT INTO "auth_permission" VALUES(19,7,'add_team','Can add team');
INSERT INTO "auth_permission" VALUES(20,7,'change_team','Can change team');
INSERT INTO "auth_permission" VALUES(21,7,'delete_team','Can delete team');
INSERT INTO "auth_permission" VALUES(22,8,'add_player','Can add player');
INSERT INTO "auth_permission" VALUES(23,8,'change_player','Can change player');
INSERT INTO "auth_permission" VALUES(24,8,'delete_player','Can delete player');
INSERT INTO "auth_permission" VALUES(25,9,'add_match','Can add match');
INSERT INTO "auth_permission" VALUES(26,9,'change_match','Can change match');
INSERT INTO "auth_permission" VALUES(27,9,'delete_match','Can delete match');
INSERT INTO "auth_permission" VALUES(28,10,'add_matchstriker','Can add match striker');
INSERT INTO "auth_permission" VALUES(29,10,'change_matchstriker','Can change match striker');
INSERT INTO "auth_permission" VALUES(30,10,'delete_matchstriker','Can delete match striker');
INSERT INTO "auth_permission" VALUES(31,11,'add_vote','Can add vote');
INSERT INTO "auth_permission" VALUES(32,11,'change_vote','Can change vote');
INSERT INTO "auth_permission" VALUES(33,11,'delete_vote','Can delete vote');
INSERT INTO "auth_permission" VALUES(34,12,'add_extravote','Can add extra vote');
INSERT INTO "auth_permission" VALUES(35,12,'change_extravote','Can change extra vote');
INSERT INTO "auth_permission" VALUES(36,12,'delete_extravote','Can delete extra vote');
INSERT INTO "auth_permission" VALUES(37,13,'add_comment','Can add comment');
INSERT INTO "auth_permission" VALUES(38,13,'change_comment','Can change comment');
INSERT INTO "auth_permission" VALUES(39,13,'delete_comment','Can delete comment');
CREATE TABLE "auth_user" ("id" integer NOT NULL PRIMARY KEY AUTOINCREMENT, "password" varchar(128) NOT NULL, "last_login" datetime NULL, "is_superuser" bool NOT NULL, "first_name" varchar(30) NOT NULL, "last_name" varchar(30) NOT NULL, "email" varchar(254) NOT NULL, "is_staff" bool NOT NULL, "is_active" bool NOT NULL, "date_joined" datetime NOT NULL, "username" varchar(30) NOT NULL UNIQUE);
INSERT INTO "auth_user" VALUES(2,'pbkdf2_sha256$24000$rMqVv8tFCwNB$qozrrfJsElm6oRyRX8WdCNkOt3mC+zTP9s5tMY1OJU0=','2016-07-11 12:22:49.587290',1,'','','',1,1,'2016-06-07 22:09:05','pedro');
INSERT INTO "auth_user" VALUES(3,'pbkdf2_sha256$24000$wrjPpC3FkBjp$EIBg4G0Enq773yYlrhHEWCir9bYfSRvGIkd7NC6Oqx0=','2016-07-12 15:55:12.657328',0,'','','',0,1,'2016-06-09 10:28:44.317953','teresa');
INSERT INTO "auth_user" VALUES(4,'pbkdf2_sha256$24000$HVLwnJHtx1Z3$zDwTA7LnvnEetn4xlS96+vluYX5WexOEWRHU6GLcZbQ=','2016-07-06 13:24:19.891165',0,'','','',0,1,'2016-06-09 10:28:52.880103','ricardo');
INSERT INTO "auth_user" VALUES(5,'pbkdf2_sha256$24000$owTNbP88LAi4$+ThXNaCdIOCZ9YCQXXtnrh10XSEYVqQITHJTAIehWnE=','2016-06-29 00:31:28.820156',0,'','','',0,1,'2016-06-09 10:41:50.574123','rocha');
INSERT INTO "auth_user" VALUES(6,'pbkdf2_sha256$24000$T5GK0rn1744G$Yy7WnY1w9GSAwkQr0OrcZ1N7HMlBrOzKFDA2cHw/Wos=','2016-07-02 22:26:00.296921',0,'','','',0,1,'2016-06-09 10:42:03.125137','steffi');
INSERT INTO "auth_user" VALUES(7,'pbkdf2_sha256$24000$Mw6fxLgYK7RM$3HvEvQfDfIcDJGCs+OGGXk2Ye7QSBQYvLqVXxNWj97w=','2016-07-11 17:40:42.294321',0,'','','',0,1,'2016-06-09 10:42:23.671147','helena');
INSERT INTO "auth_user" VALUES(8,'pbkdf2_sha256$24000$k2C2Y1yd72cn$UXV87zoA9DpdXj6y9Qfhr666sdtsq+3bEr63cOxM0/M=','2016-07-09 09:56:33.746824',0,'','','',0,1,'2016-06-09 10:42:32.654796','nuno');
INSERT INTO "auth_user" VALUES(9,'pbkdf2_sha256$24000$huVWwvjhKzPj$B3cY6sMA84IDCxZwVfyDQjw4bB4pT6L6GGX5ugK7/mA=','2016-07-08 19:54:21.676869',0,'','','',0,1,'2016-06-09 10:42:43.264946','assia');
INSERT INTO "auth_user" VALUES(10,'pbkdf2_sha256$24000$dEEILuMlG2IX$+Z63FQMQWAGZ8xcNfb7UObdmEKWhzJ4ExxEmLTkCL3o=','2016-07-08 19:54:40.938320',0,'','','',0,1,'2016-06-09 10:42:49.914068','omar');
INSERT INTO "auth_user" VALUES(11,'pbkdf2_sha256$24000$KzSuW5pHxT3l$pM8Qlmzri5ghDsrh4OdW+fgszD6riziaEpe6bpOh89E=','2016-06-30 21:07:37.246989',0,'','','',0,1,'2016-06-09 10:43:00.224404','alex');
INSERT INTO "auth_user" VALUES(12,'pbkdf2_sha256$24000$S8qVbAneu0vD$/ilksjQZIuHd8sCdnrs1nItVv1mWQkutWIqX/tefxPw=','2016-07-11 17:55:26.338263',0,'','','',0,1,'2016-06-09 11:49:18.071916','cesar');
INSERT INTO "auth_user" VALUES(13,'pbkdf2_sha256$24000$WJVSUMr1qcVj$F3tcyyLDCg/nfA15GG/DdeH6bxli7Cmv9z1fYBrCrf4=','2016-07-11 11:46:45.197572',0,'','','',0,1,'2016-06-09 11:49:31.129587','steph');
INSERT INTO "auth_user" VALUES(14,'pbkdf2_sha256$24000$8voKdOJTRRDS$y3knC7HWNryluKj17dq8dwcsdzQDSC/5RBhGfSDXtnU=','2016-07-11 17:28:13.108353',0,'','','',0,1,'2016-06-09 13:32:47.679705','miguel');
INSERT INTO "auth_user" VALUES(15,'pbkdf2_sha256$24000$F5KCJ3gfUxFL$MwtL5yFnknBh2l466D+Zl79MUSbo+YFYFRdIMPVcdbQ=','2016-07-07 21:51:27.192698',0,'','','',0,1,'2016-06-09 20:40:08.575448','mike');
INSERT INTO "auth_user" VALUES(16,'pbkdf2_sha256$24000$nsomdzICjvCS$mNFnENRFUOoRBtv02IlmmluAF9ZWHrT1DcjMiW9w8J0=','2016-07-11 17:14:36.108384',0,'','','',0,1,'2016-06-10 18:24:13.204895','anki');
CREATE TABLE "django_session" ("session_key" varchar(40) NOT NULL PRIMARY KEY, "session_data" text NOT NULL, "expire_date" datetime NOT NULL);
INSERT INTO "django_session" VALUES('toaajidwtywhzia8hwy27b60j3h17fhv','ZWQwYjk2MTU1ZWEyOWI0NWQ4NTcwYjBkN2Y5YzY2ZDA2ZWVhMTFmYTp7Il9hdXRoX3VzZXJfaGFzaCI6ImZiNGQzNjY3OTBkZmY2NGVhMGNjZjA0ZDYwYzc5NjMxYzRiNzQ5ZGEiLCJfYXV0aF91c2VyX2JhY2tlbmQiOiJkamFuZ28uY29udHJpYi5hdXRoLmJhY2tlbmRzLk1vZGVsQmFja2VuZCIsIl9hdXRoX3VzZXJfaWQiOiIyIn0=','2016-06-21 23:11:44.025557');
INSERT INTO "django_session" VALUES('fm5ke9ozcwyklo6m81shn5s0s4uh9tp3','ZWQwYjk2MTU1ZWEyOWI0NWQ4NTcwYjBkN2Y5YzY2ZDA2ZWVhMTFmYTp7Il9hdXRoX3VzZXJfaGFzaCI6ImZiNGQzNjY3OTBkZmY2NGVhMGNjZjA0ZDYwYzc5NjMxYzRiNzQ5ZGEiLCJfYXV0aF91c2VyX2JhY2tlbmQiOiJkamFuZ28uY29udHJpYi5hdXRoLmJhY2tlbmRzLk1vZGVsQmFja2VuZCIsIl9hdXRoX3VzZXJfaWQiOiIyIn0=','2016-06-22 16:44:55.685520');
INSERT INTO "django_session" VALUES('59nadmsgsi02kheywum1efbtdidstvfc','ZWQwYjk2MTU1ZWEyOWI0NWQ4NTcwYjBkN2Y5YzY2ZDA2ZWVhMTFmYTp7Il9hdXRoX3VzZXJfaGFzaCI6ImZiNGQzNjY3OTBkZmY2NGVhMGNjZjA0ZDYwYzc5NjMxYzRiNzQ5ZGEiLCJfYXV0aF91c2VyX2JhY2tlbmQiOiJkamFuZ28uY29udHJpYi5hdXRoLmJhY2tlbmRzLk1vZGVsQmFja2VuZCIsIl9hdXRoX3VzZXJfaWQiOiIyIn0=','2016-06-22 14:51:46.637844');
INSERT INTO "django_session" VALUES('hrs3tiow3lkty0gqpgisblnfzs4n19ki','NTgzM2NjMDQ1Njc2YWFjNzJkNDlhOWJhODJjMjQyZTdkMTgzNzYwYTp7Il9hdXRoX3VzZXJfaGFzaCI6Ijc1MzdjNDI2YWNlYWNiNmJhMTVjYmQyMmE2OTU2MzIwYzZiM2JmYzUiLCJfYXV0aF91c2VyX2JhY2tlbmQiOiJkamFuZ28uY29udHJpYi5hdXRoLmJhY2tlbmRzLk1vZGVsQmFja2VuZCIsIl9hdXRoX3VzZXJfaWQiOiIxIn0=','2016-06-22 14:59:08.012989');
INSERT INTO "django_session" VALUES('r5g3b62lphq4f3w790ef334fe5zbfzy2','NTgzM2NjMDQ1Njc2YWFjNzJkNDlhOWJhODJjMjQyZTdkMTgzNzYwYTp7Il9hdXRoX3VzZXJfaGFzaCI6Ijc1MzdjNDI2YWNlYWNiNmJhMTVjYmQyMmE2OTU2MzIwYzZiM2JmYzUiLCJfYXV0aF91c2VyX2JhY2tlbmQiOiJkamFuZ28uY29udHJpYi5hdXRoLmJhY2tlbmRzLk1vZGVsQmFja2VuZCIsIl9hdXRoX3VzZXJfaWQiOiIxIn0=','2016-06-22 15:18:50.632538');
INSERT INTO "django_session" VALUES('yef54vm4g627fo27ncaenhy8h12x4jn6','NTgzM2NjMDQ1Njc2YWFjNzJkNDlhOWJhODJjMjQyZTdkMTgzNzYwYTp7Il9hdXRoX3VzZXJfaGFzaCI6Ijc1MzdjNDI2YWNlYWNiNmJhMTVjYmQyMmE2OTU2MzIwYzZiM2JmYzUiLCJfYXV0aF91c2VyX2JhY2tlbmQiOiJkamFuZ28uY29udHJpYi5hdXRoLmJhY2tlbmRzLk1vZGVsQmFja2VuZCIsIl9hdXRoX3VzZXJfaWQiOiIxIn0=','2016-06-22 16:10:18.750237');
INSERT INTO "django_session" VALUES('r573tx5i2wi4lt312amg0guy5ov7mdbr','ZWQwYjk2MTU1ZWEyOWI0NWQ4NTcwYjBkN2Y5YzY2ZDA2ZWVhMTFmYTp7Il9hdXRoX3VzZXJfaGFzaCI6ImZiNGQzNjY3OTBkZmY2NGVhMGNjZjA0ZDYwYzc5NjMxYzRiNzQ5ZGEiLCJfYXV0aF91c2VyX2JhY2tlbmQiOiJkamFuZ28uY29udHJpYi5hdXRoLmJhY2tlbmRzLk1vZGVsQmFja2VuZCIsIl9hdXRoX3VzZXJfaWQiOiIyIn0=','2016-06-22 16:48:40.205966');
INSERT INTO "django_session" VALUES('m8c522y1qhr8lmadx7sclc74r1n8g1to','ZjkyNjZkYTlmYjYxZDU4YjkyNzJiZWRlMmYxZTcxMTE3NzU1YjE3ZDp7Il9hdXRoX3VzZXJfaGFzaCI6ImRkZTZhYjA3MmMyMDQ5MzhhNDNkMjVjZjkzZDI1NDc5YTViN2ZiMjMiLCJfYXV0aF91c2VyX2JhY2tlbmQiOiJkamFuZ28uY29udHJpYi5hdXRoLmJhY2tlbmRzLk1vZGVsQmFja2VuZCIsIl9hdXRoX3VzZXJfaWQiOiI0In0=','2016-06-27 12:03:10.743118');
INSERT INTO "django_session" VALUES('28pavfe3wlx7f0ptysrp903uu2rph31d','ZWY3ZGY2MzE5YzcxNjIyZjU3MTBkNWQ0ZGYyZDE0MGNlZjk1OGE4ZDp7Il9hdXRoX3VzZXJfaGFzaCI6IjY3NDBlYjhlYzU0YmJkYjcyMDk4ZDMwMDU3MmJlYjk3ZGU5NTk0ZWQiLCJfYXV0aF91c2VyX2lkIjoiNiIsIl9hdXRoX3VzZXJfYmFja2VuZCI6ImRqYW5nby5jb250cmliLmF1dGguYmFja2VuZHMuTW9kZWxCYWNrZW5kIn0=','2016-06-23 15:09:20.024227');
INSERT INTO "django_session" VALUES('bbg2x3a29lvou0ou1va7h4cyh3r6eggb','M2YxYmYwMTc1MWI0ODY2MmE0YmJiMTRiNDRhYjliZDhjNmQzZTAzNDp7Il9hdXRoX3VzZXJfaGFzaCI6IjMwMzQ5ZjIwY2ZjMjk1MGQ5NWY4ZGRkOTVkMmJjZDgyYzQ1MmMyYTkiLCJfYXV0aF91c2VyX2lkIjoiNSIsIl9hdXRoX3VzZXJfYmFja2VuZCI6ImRqYW5nby5jb250cmliLmF1dGguYmFja2VuZHMuTW9kZWxCYWNrZW5kIn0=','2016-06-27 16:43:48.410506');
INSERT INTO "django_session" VALUES('j7iu4d8m7nmsuybc7cj5tblynhi118s5','YmYwOTIyOTExNTM5YWQwOTNkODkzMmQ1YzRiZmIzMzA3MDFkZWJjNTp7Il9hdXRoX3VzZXJfaGFzaCI6IjJiMDRhNDAwZWM3ZWRmN2E5YzAzMjdkZDc1NmU0YTUyNDkyYTczY2QiLCJfYXV0aF91c2VyX2JhY2tlbmQiOiJkamFuZ28uY29udHJpYi5hdXRoLmJhY2tlbmRzLk1vZGVsQmFja2VuZCIsIl9hdXRoX3VzZXJfaWQiOiIxNCJ9','2016-07-25 17:28:13.113527');
INSERT INTO "django_session" VALUES('vuaqtq7ha3bkrjza4dfvc36ew4w43h2g','OGE4YjFjM2RlZTliZTRiZGExMzM5NzM0YTYzOTY5NzYyZDY1MGFjZTp7Il9hdXRoX3VzZXJfaGFzaCI6ImY4ZjVjMDI2ZDAyOWI3OWMwNDA2ZjY2MjYzODM5NmI4NzYxYTZjN2YiLCJfYXV0aF91c2VyX2JhY2tlbmQiOiJkamFuZ28uY29udHJpYi5hdXRoLmJhY2tlbmRzLk1vZGVsQmFja2VuZCIsIl9hdXRoX3VzZXJfaWQiOiIxMCJ9','2016-07-22 19:54:40.944559');
INSERT INTO "django_session" VALUES('6m7vug6jq51xsue5drz7gocsoeuexcmr','MWMwYjhiM2Y5MzA1MjE2ZmM1ODkwNDJhYmQxMzYwOTMzZDYxYWU4ODp7Il9hdXRoX3VzZXJfaGFzaCI6IjgzNzIwM2E0Yjg0YmQwYTlmNWU0ZDJhODFkODAzNzBmNTY0YzkyOGUiLCJfYXV0aF91c2VyX2JhY2tlbmQiOiJkamFuZ28uY29udHJpYi5hdXRoLmJhY2tlbmRzLk1vZGVsQmFja2VuZCIsIl9hdXRoX3VzZXJfaWQiOiIxNSJ9','2016-07-21 21:51:27.198133');
INSERT INTO "django_session" VALUES('currnqeupren21n1t2l15yca7t6t4jhz','ZjkyNjZkYTlmYjYxZDU4YjkyNzJiZWRlMmYxZTcxMTE3NzU1YjE3ZDp7Il9hdXRoX3VzZXJfaGFzaCI6ImRkZTZhYjA3MmMyMDQ5MzhhNDNkMjVjZjkzZDI1NDc5YTViN2ZiMjMiLCJfYXV0aF91c2VyX2JhY2tlbmQiOiJkamFuZ28uY29udHJpYi5hdXRoLmJhY2tlbmRzLk1vZGVsQmFja2VuZCIsIl9hdXRoX3VzZXJfaWQiOiI0In0=','2016-06-24 00:11:24.082348');
INSERT INTO "django_session" VALUES('xleb2njaizk36hoihiqtlcic269adm33','OWI3YmIxNjI3MzE3ZWYzZjQzNWZmZWRlYjhkNTI4MmU4NWI2OTNlZDp7Il9hdXRoX3VzZXJfaGFzaCI6IjExOTdmNTdjMjM0ZGIyNjE1ZGI4ODFiNmFhMDc2ODczZWI1YmVjNGUiLCJfYXV0aF91c2VyX2JhY2tlbmQiOiJkamFuZ28uY29udHJpYi5hdXRoLmJhY2tlbmRzLk1vZGVsQmFja2VuZCIsIl9hdXRoX3VzZXJfaWQiOiI5In0=','2016-06-24 10:39:26.171955');
INSERT INTO "django_session" VALUES('knv5wr9qn1xsj1mvh3phn2hvj4bowkd4','NjU4NTIzNDBjYTFlYjVmNDgyYmRkMmMzM2IxYjk0MDU2NTQyOGUwZjp7Il9hdXRoX3VzZXJfaGFzaCI6IjlmYzgwNjMwNzI3MTI0Yzk4MzdlMmY2YzM5NzllZmNjZDMyNTMzNmMiLCJfYXV0aF91c2VyX2lkIjoiMTMiLCJfYXV0aF91c2VyX2JhY2tlbmQiOiJkamFuZ28uY29udHJpYi5hdXRoLmJhY2tlbmRzLk1vZGVsQmFja2VuZCJ9','2016-07-04 09:18:16.473754');
INSERT INTO "django_session" VALUES('n6rjo3a6rj9945v56agactruv3yvilya','OWI3YmIxNjI3MzE3ZWYzZjQzNWZmZWRlYjhkNTI4MmU4NWI2OTNlZDp7Il9hdXRoX3VzZXJfaGFzaCI6IjExOTdmNTdjMjM0ZGIyNjE1ZGI4ODFiNmFhMDc2ODczZWI1YmVjNGUiLCJfYXV0aF91c2VyX2JhY2tlbmQiOiJkamFuZ28uY29udHJpYi5hdXRoLmJhY2tlbmRzLk1vZGVsQmFja2VuZCIsIl9hdXRoX3VzZXJfaWQiOiI5In0=','2016-06-24 12:26:36.681745');
INSERT INTO "django_session" VALUES('g9hpw4532exlu2j23r19d4a4s9jsx5gc','OWJjZWIxMDFlNTgxYTMxMjA1NGMwNzk5MDg4MDVhMzE5MDg2YTE0Yjp7Il9hdXRoX3VzZXJfaGFzaCI6IjkyZjMyNmQzY2E0OWY2NGNkZTQ4NThlNjU0MTA3YWI4NDhjZDU0MWEiLCJfYXV0aF91c2VyX2lkIjoiNyIsIl9hdXRoX3VzZXJfYmFja2VuZCI6ImRqYW5nby5jb250cmliLmF1dGguYmFja2VuZHMuTW9kZWxCYWNrZW5kIn0=','2016-06-27 19:02:09.434328');
INSERT INTO "django_session" VALUES('sy4l7tl5ptxzi9c5c3vn1fs7eg1kt2kb','NTY4OTZhYzcyOTM3YzE5NjM0MzE0YmQwNzAwMDAyNjRlZjJmODlkNjp7Il9hdXRoX3VzZXJfaGFzaCI6IjNlZTNjODU5ZWRmMjBlZTg2OTJkYTY2ZDEyNzFmMzVmMWY0NzNiZDEiLCJfYXV0aF91c2VyX2lkIjoiMTIiLCJfYXV0aF91c2VyX2JhY2tlbmQiOiJkamFuZ28uY29udHJpYi5hdXRoLmJhY2tlbmRzLk1vZGVsQmFja2VuZCJ9','2016-07-05 17:45:27.585731');
INSERT INTO "django_session" VALUES('2mzymptmray8ph7fliyife7erqmprcc1','NWJiNmNlYjkyZDVkZTYyZGUzYWM1NDRiNGZlNGUxN2Y5ZDUzMDBmNzp7Il9hdXRoX3VzZXJfaGFzaCI6IjJiMDRhNDAwZWM3ZWRmN2E5YzAzMjdkZDc1NmU0YTUyNDkyYTczY2QiLCJfYXV0aF91c2VyX2lkIjoiMTQiLCJfYXV0aF91c2VyX2JhY2tlbmQiOiJkamFuZ28uY29udHJpYi5hdXRoLmJhY2tlbmRzLk1vZGVsQmFja2VuZCJ9','2016-07-10 22:09:33.303948');
INSERT INTO "django_session" VALUES('9e82wfceag36j3i7rswhaqb54gf7c3t3','Y2ZiNzdiNTllNWVkN2ZmZWYxNmNkZjM2ODQyNmVjMDA2NDEwYmQ5ZTp7Il9hdXRoX3VzZXJfaGFzaCI6ImRkZTZhYjA3MmMyMDQ5MzhhNDNkMjVjZjkzZDI1NDc5YTViN2ZiMjMiLCJfYXV0aF91c2VyX2lkIjoiNCIsIl9hdXRoX3VzZXJfYmFja2VuZCI6ImRqYW5nby5jb250cmliLmF1dGguYmFja2VuZHMuTW9kZWxCYWNrZW5kIn0=','2016-06-27 18:05:56.496107');
INSERT INTO "django_session" VALUES('su0oopvxqub3dq5f7tui3aor9x0mgize','M2YxYmYwMTc1MWI0ODY2MmE0YmJiMTRiNDRhYjliZDhjNmQzZTAzNDp7Il9hdXRoX3VzZXJfaGFzaCI6IjMwMzQ5ZjIwY2ZjMjk1MGQ5NWY4ZGRkOTVkMmJjZDgyYzQ1MmMyYTkiLCJfYXV0aF91c2VyX2lkIjoiNSIsIl9hdXRoX3VzZXJfYmFja2VuZCI6ImRqYW5nby5jb250cmliLmF1dGguYmFja2VuZHMuTW9kZWxCYWNrZW5kIn0=','2016-06-27 19:51:57.464727');
INSERT INTO "django_session" VALUES('zmx1s2ru6skrmamtmocwotzxehey1g21','MTkwMmRkMzViMmIxYjI3YjhiYjlhYjIyMTAzYTI2MDk1MTE1YjdmYTp7Il9hdXRoX3VzZXJfaGFzaCI6IjY3NDBlYjhlYzU0YmJkYjcyMDk4ZDMwMDU3MmJlYjk3ZGU5NTk0ZWQiLCJfYXV0aF91c2VyX2JhY2tlbmQiOiJkamFuZ28uY29udHJpYi5hdXRoLmJhY2tlbmRzLk1vZGVsQmFja2VuZCIsIl9hdXRoX3VzZXJfaWQiOiI2In0=','2016-06-24 22:55:46.441230');
INSERT INTO "django_session" VALUES('40mcg4gt6ll7j3s4j397xlta1kku8a3h','ZGJlYmYyNDAzNDAzZDM2NTQ2OTcyMTRkMDhkMjk3ZWY4NzMyY2JiYjp7Il9hdXRoX3VzZXJfaGFzaCI6IjRmMDVjNWI3NWVlZTEzMTMyYjI2YWZmMDM5OWMxYjUwNDY5NmM0MjEiLCJfYXV0aF91c2VyX2lkIjoiMTEiLCJfYXV0aF91c2VyX2JhY2tlbmQiOiJkamFuZ28uY29udHJpYi5hdXRoLmJhY2tlbmRzLk1vZGVsQmFja2VuZCJ9','2016-06-27 18:39:44.345669');
INSERT INTO "django_session" VALUES('98uyy0pcf70jk24o94z8idh1dlmwvj7i','NDZlY2I1M2NlNjNjYzI1ZGUzMzc4YjA1NzZjZDdhNGYxNDc5NWI5OTp7Il9hdXRoX3VzZXJfaGFzaCI6IjNlZTNjODU5ZWRmMjBlZTg2OTJkYTY2ZDEyNzFmMzVmMWY0NzNiZDEiLCJfYXV0aF91c2VyX2JhY2tlbmQiOiJkamFuZ28uY29udHJpYi5hdXRoLmJhY2tlbmRzLk1vZGVsQmFja2VuZCIsIl9hdXRoX3VzZXJfaWQiOiIxMiJ9','2016-07-16 22:30:41.533604');
INSERT INTO "django_session" VALUES('6xu2vft90a4iltkvkx3pefdqbp9hmdaa','OGNhNzhmNjhlMTljYjQ3ZjUwNmVmYThjOWY0MTkzZGVlZGM4ZDczNTp7Il9hdXRoX3VzZXJfaGFzaCI6IjA3YzZlYzljMjFkNzUzZmIyOGVmMjNhZDQyODM2ZTgyMjM5OTI1MWMiLCJfYXV0aF91c2VyX2lkIjoiOCIsIl9hdXRoX3VzZXJfYmFja2VuZCI6ImRqYW5nby5jb250cmliLmF1dGguYmFja2VuZHMuTW9kZWxCYWNrZW5kIn0=','2016-07-23 09:56:33.753201');
INSERT INTO "django_session" VALUES('xbg3jx1tcst4xnkpr8wpu1lzto1pd56k','YmYwOTIyOTExNTM5YWQwOTNkODkzMmQ1YzRiZmIzMzA3MDFkZWJjNTp7Il9hdXRoX3VzZXJfaGFzaCI6IjJiMDRhNDAwZWM3ZWRmN2E5YzAzMjdkZDc1NmU0YTUyNDkyYTczY2QiLCJfYXV0aF91c2VyX2JhY2tlbmQiOiJkamFuZ28uY29udHJpYi5hdXRoLmJhY2tlbmRzLk1vZGVsQmFja2VuZCIsIl9hdXRoX3VzZXJfaWQiOiIxNCJ9','2016-07-15 20:29:18.322873');
INSERT INTO "django_session" VALUES('bdhk73gqldrfq6clb57x0ur3fx6w49kr','OTFjNGQwNWQxZDRkYmU3YmYzMmQwNTVlOGI3NzU4MjllMTM2NDFkZTp7Il9hdXRoX3VzZXJfaGFzaCI6IjlmYzgwNjMwNzI3MTI0Yzk4MzdlMmY2YzM5NzllZmNjZDMyNTMzNmMiLCJfYXV0aF91c2VyX2JhY2tlbmQiOiJkamFuZ28uY29udHJpYi5hdXRoLmJhY2tlbmRzLk1vZGVsQmFja2VuZCIsIl9hdXRoX3VzZXJfaWQiOiIxMyJ9','2016-06-26 14:35:03.638254');
INSERT INTO "django_session" VALUES('cmvmkzq3o02cv71hove1ucwzt3bt73o8','ZWE1NTMxMTU5ZDBhNjZmOTg3NDhmZGUwMDk4YzAwMjM1ODU4MTU4ZTp7Il9hdXRoX3VzZXJfaGFzaCI6IjkyZjMyNmQzY2E0OWY2NGNkZTQ4NThlNjU0MTA3YWI4NDhjZDU0MWEiLCJfYXV0aF91c2VyX2JhY2tlbmQiOiJkamFuZ28uY29udHJpYi5hdXRoLmJhY2tlbmRzLk1vZGVsQmFja2VuZCIsIl9hdXRoX3VzZXJfaWQiOiI3In0=','2016-06-26 15:02:09.626842');
INSERT INTO "django_session" VALUES('a0r62hdolxeguei4a83lbq8ywcp54e3t','ODNjYWZhNDJmNjllYTU5YmY3MDRjY2YwMTk0YTc5YzJiOGRmNTc1Njp7Il9hdXRoX3VzZXJfaGFzaCI6IjA3YzZlYzljMjFkNzUzZmIyOGVmMjNhZDQyODM2ZTgyMjM5OTI1MWMiLCJfYXV0aF91c2VyX2JhY2tlbmQiOiJkamFuZ28uY29udHJpYi5hdXRoLmJhY2tlbmRzLk1vZGVsQmFja2VuZCIsIl9hdXRoX3VzZXJfaWQiOiI4In0=','2016-07-17 00:44:49.392460');
INSERT INTO "django_session" VALUES('edirnc503s87dxtm95g17gh7x3vcbg4o','ZjAxNzg3NjE4NmQ2ZGFkMzIwNTY2YjQ0NmY1YTM4ZTYxNjI2ZTBhNjp7Il9hdXRoX3VzZXJfaGFzaCI6IjRmMDVjNWI3NWVlZTEzMTMyYjI2YWZmMDM5OWMxYjUwNDY5NmM0MjEiLCJfYXV0aF91c2VyX2JhY2tlbmQiOiJkamFuZ28uY29udHJpYi5hdXRoLmJhY2tlbmRzLk1vZGVsQmFja2VuZCIsIl9hdXRoX3VzZXJfaWQiOiIxMSJ9','2016-06-26 20:08:07.461989');
INSERT INTO "django_session" VALUES('pu1z1ne6abyfexbx5fi44igyskw50yn5','NDZlY2I1M2NlNjNjYzI1ZGUzMzc4YjA1NzZjZDdhNGYxNDc5NWI5OTp7Il9hdXRoX3VzZXJfaGFzaCI6IjNlZTNjODU5ZWRmMjBlZTg2OTJkYTY2ZDEyNzFmMzVmMWY0NzNiZDEiLCJfYXV0aF91c2VyX2JhY2tlbmQiOiJkamFuZ28uY29udHJpYi5hdXRoLmJhY2tlbmRzLk1vZGVsQmFja2VuZCIsIl9hdXRoX3VzZXJfaWQiOiIxMiJ9','2016-06-26 23:17:30.242649');
INSERT INTO "django_session" VALUES('p7khfxjq85pw94oexb1s03w9bniu3qp1','NTY4OTZhYzcyOTM3YzE5NjM0MzE0YmQwNzAwMDAyNjRlZjJmODlkNjp7Il9hdXRoX3VzZXJfaGFzaCI6IjNlZTNjODU5ZWRmMjBlZTg2OTJkYTY2ZDEyNzFmMzVmMWY0NzNiZDEiLCJfYXV0aF91c2VyX2lkIjoiMTIiLCJfYXV0aF91c2VyX2JhY2tlbmQiOiJkamFuZ28uY29udHJpYi5hdXRoLmJhY2tlbmRzLk1vZGVsQmFja2VuZCJ9','2016-07-08 13:16:46.568251');
INSERT INTO "django_session" VALUES('f0y54wpttdemvpfdfvv7caz0jrpigfh4','MWMwYjhiM2Y5MzA1MjE2ZmM1ODkwNDJhYmQxMzYwOTMzZDYxYWU4ODp7Il9hdXRoX3VzZXJfaGFzaCI6IjgzNzIwM2E0Yjg0YmQwYTlmNWU0ZDJhODFkODAzNzBmNTY0YzkyOGUiLCJfYXV0aF91c2VyX2JhY2tlbmQiOiJkamFuZ28uY29udHJpYi5hdXRoLmJhY2tlbmRzLk1vZGVsQmFja2VuZCIsIl9hdXRoX3VzZXJfaWQiOiIxNSJ9','2016-06-27 17:43:07.101602');
INSERT INTO "django_session" VALUES('o58m6ksw4f9uuksfprmbj9up7g93eob5','MjliMzk0YmE3OTQ4MDQ5N2FmNzJiZDZjNWY0ZjY0MDA0YWUxYzliYTp7Il9hdXRoX3VzZXJfaGFzaCI6ImM0YjllNDJkODQwMzk2MDUzM2I1NGNiYjNiNjEwYmJlZGQwNDA1MTQiLCJfYXV0aF91c2VyX2JhY2tlbmQiOiJkamFuZ28uY29udHJpYi5hdXRoLmJhY2tlbmRzLk1vZGVsQmFja2VuZCIsIl9hdXRoX3VzZXJfaWQiOiIzIn0=','2016-06-27 20:28:22.706395');
INSERT INTO "django_session" VALUES('zb9s0404ran0j4suepb6wvb4hssomv31','OWJjZWIxMDFlNTgxYTMxMjA1NGMwNzk5MDg4MDVhMzE5MDg2YTE0Yjp7Il9hdXRoX3VzZXJfaGFzaCI6IjkyZjMyNmQzY2E0OWY2NGNkZTQ4NThlNjU0MTA3YWI4NDhjZDU0MWEiLCJfYXV0aF91c2VyX2lkIjoiNyIsIl9hdXRoX3VzZXJfYmFja2VuZCI6ImRqYW5nby5jb250cmliLmF1dGguYmFja2VuZHMuTW9kZWxCYWNrZW5kIn0=','2016-07-04 15:40:22.245080');
INSERT INTO "django_session" VALUES('5bemyakiqen6e2v13n32fo69se4i8b7i','OGNhNzhmNjhlMTljYjQ3ZjUwNmVmYThjOWY0MTkzZGVlZGM4ZDczNTp7Il9hdXRoX3VzZXJfaGFzaCI6IjA3YzZlYzljMjFkNzUzZmIyOGVmMjNhZDQyODM2ZTgyMjM5OTI1MWMiLCJfYXV0aF91c2VyX2lkIjoiOCIsIl9hdXRoX3VzZXJfYmFja2VuZCI6ImRqYW5nby5jb250cmliLmF1dGguYmFja2VuZHMuTW9kZWxCYWNrZW5kIn0=','2016-07-12 17:20:42.468455');
INSERT INTO "django_session" VALUES('vx78kvmqkx6gkmy3jub2h1pn8z2ltdcx','MjliMzk0YmE3OTQ4MDQ5N2FmNzJiZDZjNWY0ZjY0MDA0YWUxYzliYTp7Il9hdXRoX3VzZXJfaGFzaCI6ImM0YjllNDJkODQwMzk2MDUzM2I1NGNiYjNiNjEwYmJlZGQwNDA1MTQiLCJfYXV0aF91c2VyX2JhY2tlbmQiOiJkamFuZ28uY29udHJpYi5hdXRoLmJhY2tlbmRzLk1vZGVsQmFja2VuZCIsIl9hdXRoX3VzZXJfaWQiOiIzIn0=','2016-06-28 20:57:13.507639');
INSERT INTO "django_session" VALUES('mx6bdb15mw5qdvqu6bofrfz73to7c3rd','MWMwYjhiM2Y5MzA1MjE2ZmM1ODkwNDJhYmQxMzYwOTMzZDYxYWU4ODp7Il9hdXRoX3VzZXJfaGFzaCI6IjgzNzIwM2E0Yjg0YmQwYTlmNWU0ZDJhODFkODAzNzBmNTY0YzkyOGUiLCJfYXV0aF91c2VyX2JhY2tlbmQiOiJkamFuZ28uY29udHJpYi5hdXRoLmJhY2tlbmRzLk1vZGVsQmFja2VuZCIsIl9hdXRoX3VzZXJfaWQiOiIxNSJ9','2016-06-29 09:02:05.625612');
INSERT INTO "django_session" VALUES('l55ndhtphhor5jecyv1lzay9ljrdmtzq','NzZjMzM3MjUwNTk0NDFhMjI3YzY0YzNiM2VjMjc1ZDhkZGFhNjcyMjp7Il9hdXRoX3VzZXJfaGFzaCI6ImZmNWU3MWQwY2VhZTVhN2QzZTQyMGRkODFmYjRkMGNjY2RlYjgwMWUiLCJfYXV0aF91c2VyX2lkIjoiMTYiLCJfYXV0aF91c2VyX2JhY2tlbmQiOiJkamFuZ28uY29udHJpYi5hdXRoLmJhY2tlbmRzLk1vZGVsQmFja2VuZCJ9','2016-07-18 14:46:35.649818');
INSERT INTO "django_session" VALUES('f0gmq3l5einpgu0b6hlk0aqqgl265702','MjliMzk0YmE3OTQ4MDQ5N2FmNzJiZDZjNWY0ZjY0MDA0YWUxYzliYTp7Il9hdXRoX3VzZXJfaGFzaCI6ImM0YjllNDJkODQwMzk2MDUzM2I1NGNiYjNiNjEwYmJlZGQwNDA1MTQiLCJfYXV0aF91c2VyX2JhY2tlbmQiOiJkamFuZ28uY29udHJpYi5hdXRoLmJhY2tlbmRzLk1vZGVsQmFja2VuZCIsIl9hdXRoX3VzZXJfaWQiOiIzIn0=','2016-06-30 09:41:30.877959');
INSERT INTO "django_session" VALUES('lb8ci3zmlfg1ox7v5ar178bewfvomyop','MGE3ZTA0MWQwOTUzN2UzYWUyMzBmZjEzMWYxNTJiOGYzNTIwYjZmYTp7Il9hdXRoX3VzZXJfaGFzaCI6ImZiNGQzNjY3OTBkZmY2NGVhMGNjZjA0ZDYwYzc5NjMxYzRiNzQ5ZGEiLCJfYXV0aF91c2VyX2lkIjoiMiIsIl9hdXRoX3VzZXJfYmFja2VuZCI6ImRqYW5nby5jb250cmliLmF1dGguYmFja2VuZHMuTW9kZWxCYWNrZW5kIn0=','2016-07-25 00:47:46.787500');
INSERT INTO "django_session" VALUES('t564ccugsdy3r7os9emuiozynmtzrz83','NTY4OTZhYzcyOTM3YzE5NjM0MzE0YmQwNzAwMDAyNjRlZjJmODlkNjp7Il9hdXRoX3VzZXJfaGFzaCI6IjNlZTNjODU5ZWRmMjBlZTg2OTJkYTY2ZDEyNzFmMzVmMWY0NzNiZDEiLCJfYXV0aF91c2VyX2lkIjoiMTIiLCJfYXV0aF91c2VyX2JhY2tlbmQiOiJkamFuZ28uY29udHJpYi5hdXRoLmJhY2tlbmRzLk1vZGVsQmFja2VuZCJ9','2016-07-24 18:14:15.778556');
INSERT INTO "django_session" VALUES('hnhqicerr4w0s618412q2h5egsh6jegg','OTFjNGQwNWQxZDRkYmU3YmYzMmQwNTVlOGI3NzU4MjllMTM2NDFkZTp7Il9hdXRoX3VzZXJfaGFzaCI6IjlmYzgwNjMwNzI3MTI0Yzk4MzdlMmY2YzM5NzllZmNjZDMyNTMzNmMiLCJfYXV0aF91c2VyX2JhY2tlbmQiOiJkamFuZ28uY29udHJpYi5hdXRoLmJhY2tlbmRzLk1vZGVsQmFja2VuZCIsIl9hdXRoX3VzZXJfaWQiOiIxMyJ9','2016-07-02 13:05:36.285773');
INSERT INTO "django_session" VALUES('e9vk7b04yh0fxehvhc97mmtng5y6stzl','MWMwYjhiM2Y5MzA1MjE2ZmM1ODkwNDJhYmQxMzYwOTMzZDYxYWU4ODp7Il9hdXRoX3VzZXJfaGFzaCI6IjgzNzIwM2E0Yjg0YmQwYTlmNWU0ZDJhODFkODAzNzBmNTY0YzkyOGUiLCJfYXV0aF91c2VyX2JhY2tlbmQiOiJkamFuZ28uY29udHJpYi5hdXRoLmJhY2tlbmRzLk1vZGVsQmFja2VuZCIsIl9hdXRoX3VzZXJfaWQiOiIxNSJ9','2016-07-10 01:08:34.749168');
INSERT INTO "django_session" VALUES('c03kqxxq0k79q3ozvv5e2xbzkecuk46c','OTFjNGQwNWQxZDRkYmU3YmYzMmQwNTVlOGI3NzU4MjllMTM2NDFkZTp7Il9hdXRoX3VzZXJfaGFzaCI6IjlmYzgwNjMwNzI3MTI0Yzk4MzdlMmY2YzM5NzllZmNjZDMyNTMzNmMiLCJfYXV0aF91c2VyX2JhY2tlbmQiOiJkamFuZ28uY29udHJpYi5hdXRoLmJhY2tlbmRzLk1vZGVsQmFja2VuZCIsIl9hdXRoX3VzZXJfaWQiOiIxMyJ9','2016-07-06 22:48:24.513912');
INSERT INTO "django_session" VALUES('t2a9s2vbu6g6n9odz5fgfao3m0ewh2h6','ZTNkZjUwMDUzNzE2ZDAwNGU1MmQxYWM1MjQyYzMzNDcxNTdhNzVkZDp7Il9hdXRoX3VzZXJfaGFzaCI6IjgzNzIwM2E0Yjg0YmQwYTlmNWU0ZDJhODFkODAzNzBmNTY0YzkyOGUiLCJfYXV0aF91c2VyX2lkIjoiMTUiLCJfYXV0aF91c2VyX2JhY2tlbmQiOiJkamFuZ28uY29udHJpYi5hdXRoLmJhY2tlbmRzLk1vZGVsQmFja2VuZCJ9','2016-07-11 11:23:22.473493');
INSERT INTO "django_session" VALUES('xjm0qysxoiswieta2gjezji7ba83rxwt','OWI3YmIxNjI3MzE3ZWYzZjQzNWZmZWRlYjhkNTI4MmU4NWI2OTNlZDp7Il9hdXRoX3VzZXJfaGFzaCI6IjExOTdmNTdjMjM0ZGIyNjE1ZGI4ODFiNmFhMDc2ODczZWI1YmVjNGUiLCJfYXV0aF91c2VyX2JhY2tlbmQiOiJkamFuZ28uY29udHJpYi5hdXRoLmJhY2tlbmRzLk1vZGVsQmFja2VuZCIsIl9hdXRoX3VzZXJfaWQiOiI5In0=','2016-07-08 14:36:48.094002');
INSERT INTO "django_session" VALUES('bu8pxj5q32g849e1yypbrlkbixrydn91','YmYwOTIyOTExNTM5YWQwOTNkODkzMmQ1YzRiZmIzMzA3MDFkZWJjNTp7Il9hdXRoX3VzZXJfaGFzaCI6IjJiMDRhNDAwZWM3ZWRmN2E5YzAzMjdkZDc1NmU0YTUyNDkyYTczY2QiLCJfYXV0aF91c2VyX2JhY2tlbmQiOiJkamFuZ28uY29udHJpYi5hdXRoLmJhY2tlbmRzLk1vZGVsQmFja2VuZCIsIl9hdXRoX3VzZXJfaWQiOiIxNCJ9','2016-07-15 15:19:21.137703');
INSERT INTO "django_session" VALUES('fftf3ers9ldedfsucf01z68el6s4ymj2','OTFjNGQwNWQxZDRkYmU3YmYzMmQwNTVlOGI3NzU4MjllMTM2NDFkZTp7Il9hdXRoX3VzZXJfaGFzaCI6IjlmYzgwNjMwNzI3MTI0Yzk4MzdlMmY2YzM5NzllZmNjZDMyNTMzNmMiLCJfYXV0aF91c2VyX2JhY2tlbmQiOiJkamFuZ28uY29udHJpYi5hdXRoLmJhY2tlbmRzLk1vZGVsQmFja2VuZCIsIl9hdXRoX3VzZXJfaWQiOiIxMyJ9','2016-07-09 08:08:45.241430');
INSERT INTO "django_session" VALUES('1vcydow5vlowri05xhru641xgb11ghrx','ZWY3ZGY2MzE5YzcxNjIyZjU3MTBkNWQ0ZGYyZDE0MGNlZjk1OGE4ZDp7Il9hdXRoX3VzZXJfaGFzaCI6IjY3NDBlYjhlYzU0YmJkYjcyMDk4ZDMwMDU3MmJlYjk3ZGU5NTk0ZWQiLCJfYXV0aF91c2VyX2lkIjoiNiIsIl9hdXRoX3VzZXJfYmFja2VuZCI6ImRqYW5nby5jb250cmliLmF1dGguYmFja2VuZHMuTW9kZWxCYWNrZW5kIn0=','2016-07-16 22:26:00.313578');
INSERT INTO "django_session" VALUES('m8c0spsexqmrqm1yu7wzopnq2i3mo8ew','OTFjNGQwNWQxZDRkYmU3YmYzMmQwNTVlOGI3NzU4MjllMTM2NDFkZTp7Il9hdXRoX3VzZXJfaGFzaCI6IjlmYzgwNjMwNzI3MTI0Yzk4MzdlMmY2YzM5NzllZmNjZDMyNTMzNmMiLCJfYXV0aF91c2VyX2JhY2tlbmQiOiJkamFuZ28uY29udHJpYi5hdXRoLmJhY2tlbmRzLk1vZGVsQmFja2VuZCIsIl9hdXRoX3VzZXJfaWQiOiIxMyJ9','2016-07-10 09:45:19.120113');
INSERT INTO "django_session" VALUES('4b58ukv249sav9k7bkyyaibinwjmz7j3','OTFjNGQwNWQxZDRkYmU3YmYzMmQwNTVlOGI3NzU4MjllMTM2NDFkZTp7Il9hdXRoX3VzZXJfaGFzaCI6IjlmYzgwNjMwNzI3MTI0Yzk4MzdlMmY2YzM5NzllZmNjZDMyNTMzNmMiLCJfYXV0aF91c2VyX2JhY2tlbmQiOiJkamFuZ28uY29udHJpYi5hdXRoLmJhY2tlbmRzLk1vZGVsQmFja2VuZCIsIl9hdXRoX3VzZXJfaWQiOiIxMyJ9','2016-07-10 09:51:18.296586');
INSERT INTO "django_session" VALUES('9tws9y6y0p0hrty7pop1oba04r784ima','MWMwYjhiM2Y5MzA1MjE2ZmM1ODkwNDJhYmQxMzYwOTMzZDYxYWU4ODp7Il9hdXRoX3VzZXJfaGFzaCI6IjgzNzIwM2E0Yjg0YmQwYTlmNWU0ZDJhODFkODAzNzBmNTY0YzkyOGUiLCJfYXV0aF91c2VyX2JhY2tlbmQiOiJkamFuZ28uY29udHJpYi5hdXRoLmJhY2tlbmRzLk1vZGVsQmFja2VuZCIsIl9hdXRoX3VzZXJfaWQiOiIxNSJ9','2016-07-10 18:36:06.714489');
INSERT INTO "django_session" VALUES('t94j8kitoi1t32qvwpcx1wg7kwt3038r','ZWQwYjk2MTU1ZWEyOWI0NWQ4NTcwYjBkN2Y5YzY2ZDA2ZWVhMTFmYTp7Il9hdXRoX3VzZXJfaGFzaCI6ImZiNGQzNjY3OTBkZmY2NGVhMGNjZjA0ZDYwYzc5NjMxYzRiNzQ5ZGEiLCJfYXV0aF91c2VyX2JhY2tlbmQiOiJkamFuZ28uY29udHJpYi5hdXRoLmJhY2tlbmRzLk1vZGVsQmFja2VuZCIsIl9hdXRoX3VzZXJfaWQiOiIyIn0=','2016-07-10 20:02:02.000491');
INSERT INTO "django_session" VALUES('a4llcq6ib0n67mthkgykmqcupbhheifi','NmJiZjU0YjFhYTUyMzcwNWJjYmRjODNkYjA4YjE3NzA3YWMyZWJkMTp7Il9hdXRoX3VzZXJfaGFzaCI6IjMwMzQ5ZjIwY2ZjMjk1MGQ5NWY4ZGRkOTVkMmJjZDgyYzQ1MmMyYTkiLCJfYXV0aF91c2VyX2JhY2tlbmQiOiJkamFuZ28uY29udHJpYi5hdXRoLmJhY2tlbmRzLk1vZGVsQmFja2VuZCIsIl9hdXRoX3VzZXJfaWQiOiI1In0=','2016-07-11 20:16:32.971687');
INSERT INTO "django_session" VALUES('gk1zbx30nwymdfi8tupirj58haw83s1m','ZjkyNjZkYTlmYjYxZDU4YjkyNzJiZWRlMmYxZTcxMTE3NzU1YjE3ZDp7Il9hdXRoX3VzZXJfaGFzaCI6ImRkZTZhYjA3MmMyMDQ5MzhhNDNkMjVjZjkzZDI1NDc5YTViN2ZiMjMiLCJfYXV0aF91c2VyX2JhY2tlbmQiOiJkamFuZ28uY29udHJpYi5hdXRoLmJhY2tlbmRzLk1vZGVsQmFja2VuZCIsIl9hdXRoX3VzZXJfaWQiOiI0In0=','2016-07-11 21:41:02.181884');
INSERT INTO "django_session" VALUES('5wmisilj7wmn172ggf8405u8xq6wzsd6','NzZjMzM3MjUwNTk0NDFhMjI3YzY0YzNiM2VjMjc1ZDhkZGFhNjcyMjp7Il9hdXRoX3VzZXJfaGFzaCI6ImZmNWU3MWQwY2VhZTVhN2QzZTQyMGRkODFmYjRkMGNjY2RlYjgwMWUiLCJfYXV0aF91c2VyX2lkIjoiMTYiLCJfYXV0aF91c2VyX2JhY2tlbmQiOiJkamFuZ28uY29udHJpYi5hdXRoLmJhY2tlbmRzLk1vZGVsQmFja2VuZCJ9','2016-07-25 17:14:36.233170');
INSERT INTO "django_session" VALUES('njdq3yu6cjkj658x50fiuyk4kpeeonlr','NmJiZjU0YjFhYTUyMzcwNWJjYmRjODNkYjA4YjE3NzA3YWMyZWJkMTp7Il9hdXRoX3VzZXJfaGFzaCI6IjMwMzQ5ZjIwY2ZjMjk1MGQ5NWY4ZGRkOTVkMmJjZDgyYzQ1MmMyYTkiLCJfYXV0aF91c2VyX2JhY2tlbmQiOiJkamFuZ28uY29udHJpYi5hdXRoLmJhY2tlbmRzLk1vZGVsQmFja2VuZCIsIl9hdXRoX3VzZXJfaWQiOiI1In0=','2016-07-13 00:31:28.828221');
INSERT INTO "django_session" VALUES('99py6x4mx9w8qalqxtl6tf3uko046hc9','Y2ZiNzdiNTllNWVkN2ZmZWYxNmNkZjM2ODQyNmVjMDA2NDEwYmQ5ZTp7Il9hdXRoX3VzZXJfaGFzaCI6ImRkZTZhYjA3MmMyMDQ5MzhhNDNkMjVjZjkzZDI1NDc5YTViN2ZiMjMiLCJfYXV0aF91c2VyX2lkIjoiNCIsIl9hdXRoX3VzZXJfYmFja2VuZCI6ImRqYW5nby5jb250cmliLmF1dGguYmFja2VuZHMuTW9kZWxCYWNrZW5kIn0=','2016-07-20 13:24:19.909170');
INSERT INTO "django_session" VALUES('a0xbudbriusxvus3p0ve6h6bmn5jmqgx','MjliMzk0YmE3OTQ4MDQ5N2FmNzJiZDZjNWY0ZjY0MDA0YWUxYzliYTp7Il9hdXRoX3VzZXJfaGFzaCI6ImM0YjllNDJkODQwMzk2MDUzM2I1NGNiYjNiNjEwYmJlZGQwNDA1MTQiLCJfYXV0aF91c2VyX2JhY2tlbmQiOiJkamFuZ28uY29udHJpYi5hdXRoLmJhY2tlbmRzLk1vZGVsQmFja2VuZCIsIl9hdXRoX3VzZXJfaWQiOiIzIn0=','2016-07-14 09:57:05.202264');
INSERT INTO "django_session" VALUES('eml7nb4sc6engbsu6ixmosu6eyvs4ehr','ZjAxNzg3NjE4NmQ2ZGFkMzIwNTY2YjQ0NmY1YTM4ZTYxNjI2ZTBhNjp7Il9hdXRoX3VzZXJfaGFzaCI6IjRmMDVjNWI3NWVlZTEzMTMyYjI2YWZmMDM5OWMxYjUwNDY5NmM0MjEiLCJfYXV0aF91c2VyX2JhY2tlbmQiOiJkamFuZ28uY29udHJpYi5hdXRoLmJhY2tlbmRzLk1vZGVsQmFja2VuZCIsIl9hdXRoX3VzZXJfaWQiOiIxMSJ9','2016-07-14 21:07:37.253401');
INSERT INTO "django_session" VALUES('g85kyzpb4dv9c4w7j55scarxve8ya5bu','OTFjNGQwNWQxZDRkYmU3YmYzMmQwNTVlOGI3NzU4MjllMTM2NDFkZTp7Il9hdXRoX3VzZXJfaGFzaCI6IjlmYzgwNjMwNzI3MTI0Yzk4MzdlMmY2YzM5NzllZmNjZDMyNTMzNmMiLCJfYXV0aF91c2VyX2JhY2tlbmQiOiJkamFuZ28uY29udHJpYi5hdXRoLmJhY2tlbmRzLk1vZGVsQmFja2VuZCIsIl9hdXRoX3VzZXJfaWQiOiIxMyJ9','2016-07-15 09:02:46.158435');
INSERT INTO "django_session" VALUES('8m2w6kvku3f7ceolv4c1j005aprmbxd7','MjliMzk0YmE3OTQ4MDQ5N2FmNzJiZDZjNWY0ZjY0MDA0YWUxYzliYTp7Il9hdXRoX3VzZXJfaGFzaCI6ImM0YjllNDJkODQwMzk2MDUzM2I1NGNiYjNiNjEwYmJlZGQwNDA1MTQiLCJfYXV0aF91c2VyX2JhY2tlbmQiOiJkamFuZ28uY29udHJpYi5hdXRoLmJhY2tlbmRzLk1vZGVsQmFja2VuZCIsIl9hdXRoX3VzZXJfaWQiOiIzIn0=','2016-07-15 11:27:58.825686');
INSERT INTO "django_session" VALUES('unjavw4ezb4ay318syj0s459uyyrt5xd','MGE3ZTA0MWQwOTUzN2UzYWUyMzBmZjEzMWYxNTJiOGYzNTIwYjZmYTp7Il9hdXRoX3VzZXJfaGFzaCI6ImZiNGQzNjY3OTBkZmY2NGVhMGNjZjA0ZDYwYzc5NjMxYzRiNzQ5ZGEiLCJfYXV0aF91c2VyX2lkIjoiMiIsIl9hdXRoX3VzZXJfYmFja2VuZCI6ImRqYW5nby5jb250cmliLmF1dGguYmFja2VuZHMuTW9kZWxCYWNrZW5kIn0=','2016-07-21 20:54:58.109380');
INSERT INTO "django_session" VALUES('0v5cjr4dtrrdkpg45tpn2k787i8ewke0','OTFjNGQwNWQxZDRkYmU3YmYzMmQwNTVlOGI3NzU4MjllMTM2NDFkZTp7Il9hdXRoX3VzZXJfaGFzaCI6IjlmYzgwNjMwNzI3MTI0Yzk4MzdlMmY2YzM5NzllZmNjZDMyNTMzNmMiLCJfYXV0aF91c2VyX2JhY2tlbmQiOiJkamFuZ28uY29udHJpYi5hdXRoLmJhY2tlbmRzLk1vZGVsQmFja2VuZCIsIl9hdXRoX3VzZXJfaWQiOiIxMyJ9','2016-07-16 10:05:37.826060');
INSERT INTO "django_session" VALUES('xv5s5xuuypvfc0tqb864r7cf61iavq10','OTFjNGQwNWQxZDRkYmU3YmYzMmQwNTVlOGI3NzU4MjllMTM2NDFkZTp7Il9hdXRoX3VzZXJfaGFzaCI6IjlmYzgwNjMwNzI3MTI0Yzk4MzdlMmY2YzM5NzllZmNjZDMyNTMzNmMiLCJfYXV0aF91c2VyX2JhY2tlbmQiOiJkamFuZ28uY29udHJpYi5hdXRoLmJhY2tlbmRzLk1vZGVsQmFja2VuZCIsIl9hdXRoX3VzZXJfaWQiOiIxMyJ9','2016-07-17 09:49:30.260888');
INSERT INTO "django_session" VALUES('cht3d1vl43ltw36zcckd40e6tjs5ufcw','YmYwOTIyOTExNTM5YWQwOTNkODkzMmQ1YzRiZmIzMzA3MDFkZWJjNTp7Il9hdXRoX3VzZXJfaGFzaCI6IjJiMDRhNDAwZWM3ZWRmN2E5YzAzMjdkZDc1NmU0YTUyNDkyYTczY2QiLCJfYXV0aF91c2VyX2JhY2tlbmQiOiJkamFuZ28uY29udHJpYi5hdXRoLmJhY2tlbmRzLk1vZGVsQmFja2VuZCIsIl9hdXRoX3VzZXJfaWQiOiIxNCJ9','2016-07-17 19:47:54.000823');
INSERT INTO "django_session" VALUES('knc3k8025imal1shi5vu4twxx6yphimp','MWMwYjhiM2Y5MzA1MjE2ZmM1ODkwNDJhYmQxMzYwOTMzZDYxYWU4ODp7Il9hdXRoX3VzZXJfaGFzaCI6IjgzNzIwM2E0Yjg0YmQwYTlmNWU0ZDJhODFkODAzNzBmNTY0YzkyOGUiLCJfYXV0aF91c2VyX2JhY2tlbmQiOiJkamFuZ28uY29udHJpYi5hdXRoLmJhY2tlbmRzLk1vZGVsQmFja2VuZCIsIl9hdXRoX3VzZXJfaWQiOiIxNSJ9','2016-07-17 22:20:48.370586');
INSERT INTO "django_session" VALUES('uu21q8w30vh6pmli115e3np72l4guzo2','NjU4NTIzNDBjYTFlYjVmNDgyYmRkMmMzM2IxYjk0MDU2NTQyOGUwZjp7Il9hdXRoX3VzZXJfaGFzaCI6IjlmYzgwNjMwNzI3MTI0Yzk4MzdlMmY2YzM5NzllZmNjZDMyNTMzNmMiLCJfYXV0aF91c2VyX2lkIjoiMTMiLCJfYXV0aF91c2VyX2JhY2tlbmQiOiJkamFuZ28uY29udHJpYi5hdXRoLmJhY2tlbmRzLk1vZGVsQmFja2VuZCJ9','2016-07-25 11:46:45.204021');
INSERT INTO "django_session" VALUES('xsqcevcrg47ujn8gaq0yq46jg2k6dooa','OWI3YmIxNjI3MzE3ZWYzZjQzNWZmZWRlYjhkNTI4MmU4NWI2OTNlZDp7Il9hdXRoX3VzZXJfaGFzaCI6IjExOTdmNTdjMjM0ZGIyNjE1ZGI4ODFiNmFhMDc2ODczZWI1YmVjNGUiLCJfYXV0aF91c2VyX2JhY2tlbmQiOiJkamFuZ28uY29udHJpYi5hdXRoLmJhY2tlbmRzLk1vZGVsQmFja2VuZCIsIl9hdXRoX3VzZXJfaWQiOiI5In0=','2016-07-22 19:54:21.682100');
INSERT INTO "django_session" VALUES('crqo48mdcri59v5l2l813nb9kkf2t4jk','OTFjNGQwNWQxZDRkYmU3YmYzMmQwNTVlOGI3NzU4MjllMTM2NDFkZTp7Il9hdXRoX3VzZXJfaGFzaCI6IjlmYzgwNjMwNzI3MTI0Yzk4MzdlMmY2YzM5NzllZmNjZDMyNTMzNmMiLCJfYXV0aF91c2VyX2JhY2tlbmQiOiJkamFuZ28uY29udHJpYi5hdXRoLmJhY2tlbmRzLk1vZGVsQmFja2VuZCIsIl9hdXRoX3VzZXJfaWQiOiIxMyJ9','2016-07-24 18:14:46.989003');
INSERT INTO "django_session" VALUES('r6hie4trj1ro387yiok0zwfmkagfk043','MjliMzk0YmE3OTQ4MDQ5N2FmNzJiZDZjNWY0ZjY0MDA0YWUxYzliYTp7Il9hdXRoX3VzZXJfaGFzaCI6ImM0YjllNDJkODQwMzk2MDUzM2I1NGNiYjNiNjEwYmJlZGQwNDA1MTQiLCJfYXV0aF91c2VyX2JhY2tlbmQiOiJkamFuZ28uY29udHJpYi5hdXRoLmJhY2tlbmRzLk1vZGVsQmFja2VuZCIsIl9hdXRoX3VzZXJfaWQiOiIzIn0=','2016-07-24 18:43:43.428604');
INSERT INTO "django_session" VALUES('3jwb2vnsg4kuddfnjiw3pc8bh3mnytyq','ZWQwYjk2MTU1ZWEyOWI0NWQ4NTcwYjBkN2Y5YzY2ZDA2ZWVhMTFmYTp7Il9hdXRoX3VzZXJfaGFzaCI6ImZiNGQzNjY3OTBkZmY2NGVhMGNjZjA0ZDYwYzc5NjMxYzRiNzQ5ZGEiLCJfYXV0aF91c2VyX2JhY2tlbmQiOiJkamFuZ28uY29udHJpYi5hdXRoLmJhY2tlbmRzLk1vZGVsQmFja2VuZCIsIl9hdXRoX3VzZXJfaWQiOiIyIn0=','2016-07-25 12:22:49.593693');
INSERT INTO "django_session" VALUES('8ptulfss9k31o736q3qlhyump1qhyo51','ZWE1NTMxMTU5ZDBhNjZmOTg3NDhmZGUwMDk4YzAwMjM1ODU4MTU4ZTp7Il9hdXRoX3VzZXJfaGFzaCI6IjkyZjMyNmQzY2E0OWY2NGNkZTQ4NThlNjU0MTA3YWI4NDhjZDU0MWEiLCJfYXV0aF91c2VyX2JhY2tlbmQiOiJkamFuZ28uY29udHJpYi5hdXRoLmJhY2tlbmRzLk1vZGVsQmFja2VuZCIsIl9hdXRoX3VzZXJfaWQiOiI3In0=','2016-07-25 17:40:42.300749');
INSERT INTO "django_session" VALUES('3m8uubb48ypwxo1avhry2u7tq076se3p','NDZlY2I1M2NlNjNjYzI1ZGUzMzc4YjA1NzZjZDdhNGYxNDc5NWI5OTp7Il9hdXRoX3VzZXJfaGFzaCI6IjNlZTNjODU5ZWRmMjBlZTg2OTJkYTY2ZDEyNzFmMzVmMWY0NzNiZDEiLCJfYXV0aF91c2VyX2JhY2tlbmQiOiJkamFuZ28uY29udHJpYi5hdXRoLmJhY2tlbmRzLk1vZGVsQmFja2VuZCIsIl9hdXRoX3VzZXJfaWQiOiIxMiJ9','2016-07-25 17:55:26.344754');
CREATE TABLE "worldcup2014_comment" ("id" integer NOT NULL PRIMARY KEY AUTOINCREMENT, "user" varchar(200) NOT NULL, "comment" varchar(2000) NOT NULL);
INSERT INTO "worldcup2014_comment" VALUES(1,'pedro','ola !');
INSERT INTO "worldcup2014_comment" VALUES(2,'ricardo','olé... olá... oh lá lá lá lá-lá-lá oh lá-lá-lá... :-D');
INSERT INTO "worldcup2014_comment" VALUES(3,'rocha','https://www.youtube.com/watch?v=Gk1v9s5s7YI');
INSERT INTO "worldcup2014_comment" VALUES(4,'teresa','Ola Amigos :-)');
INSERT INTO "worldcup2014_comment" VALUES(5,'pedro','France - Romania: This game is making me so sleepy.');
INSERT INTO "worldcup2014_comment" VALUES(6,'ricardo','Referee Viktor Kassai starting to kill my chances of winning the Bolao... That penalty for Romania is an unbelievable robbery!!!');
INSERT INTO "worldcup2014_comment" VALUES(7,'omar','Mis primeros 3 points.... hahaha');
INSERT INTO "worldcup2014_comment" VALUES(8,'pedro','Be very careful on which Xhaka brother you bet... The one playing for Switzerland or the one playing for Albania !');
INSERT INTO "worldcup2014_comment" VALUES(9,'mike','come on Alex, 4-0 for Poland ? a bit too optimistic no ? :-)');
INSERT INTO "worldcup2014_comment" VALUES(10,'mike','everyone is playing safe and I guess until now it is paying off, the matches have been boringly predictable....');
INSERT INTO "worldcup2014_comment" VALUES(11,'pedro','Playing safe... Well, in my case I should not forget one of the main tips to win... Always bet in a player that actually plays :)');
INSERT INTO "worldcup2014_comment" VALUES(12,'rocha','We should introduce a category for keepers... damn you''re good Neuer!');
INSERT INTO "worldcup2014_comment" VALUES(13,'ricardo','"Players" section update: HILARIOUS! So cute... :-)');
INSERT INTO "worldcup2014_comment" VALUES(14,'nuno','Uau. Italy serious contender.
Too hard on Belgium...');
INSERT INTO "worldcup2014_comment" VALUES(15,'mike','come on mike, 3-0 for portugal, a bit optimistic no? :-)');
INSERT INTO "worldcup2014_comment" VALUES(16,'mike','the cinema director is the man of the match ! and the icelandic crowd, what a spirit :-) as for the portuguese, we need to stop relying on Ronaldo, learn how to kick the corners and get new defenders :-)');
INSERT INTO "worldcup2014_comment" VALUES(17,'teresa','I agree Portugal really needs new defenders :)');
INSERT INTO "worldcup2014_comment" VALUES(18,'assia','Yeaaaah! My first 5 points! Well done,  Slovakia!');
INSERT INTO "worldcup2014_comment" VALUES(19,'teresa','me too :)');
INSERT INTO "worldcup2014_comment" VALUES(20,'steffi','Really good icelandic Spirit:)

http://www.t-online.de/sport/fussball/id_78126296/island-portugal-kommentator-rastet-bei-erstem-em-tor-aus.html');
INSERT INTO "worldcup2014_comment" VALUES(21,'rocha','My lucky times are over, it''s all down from here. That iceland guy is so excited i can''t understand a word he says!');
INSERT INTO "worldcup2014_comment" VALUES(22,'rocha','For the daredevils, the sportv stream for France-Albania has the great Domingos doing the commentary. "The player is a good player, the way he breaks the lines and does the one-on-one, a reference player who looks for the central axe, looking not for options but for solutions". Poetry...');
INSERT INTO "worldcup2014_comment" VALUES(23,'assia','I''m having a good day today!  It was about time!');
INSERT INTO "worldcup2014_comment" VALUES(24,'pedro','5 points also for me. A remontada comeca aqui !');
INSERT INTO "worldcup2014_comment" VALUES(25,'pedro','More five points Assia? Three times in two days :) Well done!');
INSERT INTO "worldcup2014_comment" VALUES(26,'ricardo','Finally, my first "Score" points! The ketchup is open!!! :-)');
INSERT INTO "worldcup2014_comment" VALUES(27,'assia','Yes, a lucky streak for me these days! I have to make up for all the losses so far☺');
INSERT INTO "worldcup2014_comment" VALUES(28,'alex','At least we managed to stress Loew. He''s smelling his hand again ;)');
INSERT INTO "worldcup2014_comment" VALUES(29,'alex','POLSKA!!!
Bialo-czerwoni!!!
POLSKA!!!
Bialo-czerwoni

I''m proud :D

https://www.youtube.com/watch?v=_aX-w6VEseY');
INSERT INTO "worldcup2014_comment" VALUES(30,'rocha','How do you change the Extra vote?');
INSERT INTO "worldcup2014_comment" VALUES(31,'teresa','I also want to change :D... missing functionality ops...');
INSERT INTO "worldcup2014_comment" VALUES(32,'teresa','Rocha your vote is ALBANIA hahahahaha');
INSERT INTO "worldcup2014_comment" VALUES(33,'teresa','can I still change my vote and put Sweden instead of Italy :''(');
INSERT INTO "worldcup2014_comment" VALUES(34,'rocha','There''s an edit button everywhere, i was assuming there would be one here too...');
INSERT INTO "worldcup2014_comment" VALUES(35,'teresa','at the end good i put 1-0 to italy :) rocha we will add the edit button...');
INSERT INTO "worldcup2014_comment" VALUES(36,'assia','Just missed 5 points for having changed my striker! Pfuu...');
INSERT INTO "worldcup2014_comment" VALUES(37,'mike','hop la suisse! :-)');
INSERT INTO "worldcup2014_comment" VALUES(38,'nuno','What a fruitful Sunday evening');
INSERT INTO "worldcup2014_comment" VALUES(39,'pedro','The playoffs stage is about to finish. Don''t forget that voting on extra points (cup winner and cup best striker) finishes this Wednesday 22 June. Today it''s not possible to edit that vote :( In case you wish to change your bet please let me know so I delete the current vote and you can vote again.');
INSERT INTO "worldcup2014_comment" VALUES(40,'pedro','@Nuno, are you sure you don''t want me to delete your extra vote ? :)');
INSERT INTO "worldcup2014_comment" VALUES(41,'nuno','@Pedro. Delete... I will reconsider my bet on wednesday evening.');
INSERT INTO "worldcup2014_comment" VALUES(42,'teresa','Pedro can you also delete mine :)');
INSERT INTO "worldcup2014_comment" VALUES(43,'teresa','we are really sorry... it''s a easy functionality but we don''t have any any time to do it :D');
INSERT INTO "worldcup2014_comment" VALUES(44,'ricardo','OK, now 20 points behind the leader, I think it''s enough for a head start... just wanted to keep you motivated for the second stage... ;-) ...with 180 points still left to grab, I''m confident!!! :-P');
INSERT INTO "worldcup2014_comment" VALUES(45,'teresa','Uiiii... Ricardo are you still playing? :)');
INSERT INTO "worldcup2014_comment" VALUES(46,'teresa','Cristiano Ronaldo don''t disappoint me!!!');
INSERT INTO "worldcup2014_comment" VALUES(47,'teresa','I hope to see Ibrahimovic scoring today :)');
INSERT INTO "worldcup2014_comment" VALUES(48,'pedro','I''m done for the round of 16. No copying allowed ;)');
INSERT INTO "worldcup2014_comment" VALUES(49,'pedro','6 bets for Switzerland, 7 for Poland, and 1 tie. This match will create some damage in the Bolao ranking.');
INSERT INTO "worldcup2014_comment" VALUES(50,'rocha','Off contest vote... Argentina 2 - Chile 1 (sorry Omar :))');
INSERT INTO "worldcup2014_comment" VALUES(51,'mike','Go Iceland !!! for all the volcanoes out there, in particular 
the Theistareykjarbunga, the Kollóttadyngja and let''s not forget the Eyjafjallajökull !');
INSERT INTO "worldcup2014_comment" VALUES(52,'mike','BREEEEEEXIT !!!!!!!!!!!!!!! OMG they''re out !!! big big heart from this Iceland !! amazing spirit !');
INSERT INTO "worldcup2014_comment" VALUES(53,'rocha','Wales is still in :) Gooo Iceland!');
INSERT INTO "worldcup2014_comment" VALUES(54,'pedro','Mike''s 2 points in this match should be transformed in 20 :)');
INSERT INTO "worldcup2014_comment" VALUES(55,'rocha','Agreed... gooo Mike!');
INSERT INTO "worldcup2014_comment" VALUES(56,'ricardo','So many votes for Morata as the striker of the competition... :-D Go go Gareth Bale!!! ;-)');
INSERT INTO "worldcup2014_comment" VALUES(57,'omar','Guys...my team (la roja) won again. Poor Argentina,  while Chile enjoy , Argentina cry.
Viva Chile mierda!!!!!!');
INSERT INTO "worldcup2014_comment" VALUES(58,'teresa','HOP HOP Portugal!');
INSERT INTO "worldcup2014_comment" VALUES(59,'nuno','- Congrats to all the Chilenos. Rocha: minus points ;)');
INSERT INTO "worldcup2014_comment" VALUES(60,'nuno','Portugal in the Semis!! OMGG! couldn''t sleep with all those horns. piii piii piiii');
INSERT INTO "worldcup2014_comment" VALUES(61,'mike','ohhh, reality made its comeback... good effort anyway iceland ! go Germany!');
INSERT INTO "worldcup2014_comment" VALUES(62,'pedro','What an uncomfortable position... suggestions welcome: shall I bet on Portugal and help my country to win the Euro cup? or shall I bet on France and win the Bolao? :)');
INSERT INTO "worldcup2014_comment" VALUES(63,'teresa','Há que ter esperança... e "Se perdermos que se foda!" Cristiano Ronaldo');
INSERT INTO "worldcup2014_comment" VALUES(64,'teresa','HAHAHAHA....');
INSERT INTO "worldcup2014_comment" VALUES(65,'nuno','Oh no.. I forgot to vote on the France Germany game... Will have to get at least 12 points on the final match, it''s mathematically impossible but there is still hoe :P. Se perder que se foram.');
INSERT INTO "worldcup2014_comment" VALUES(66,'assia','Parabens,  Portugal!');
INSERT INTO "worldcup2014_comment" VALUES(67,'teresa','Franca obrigada, thanks a lot, it''s even better against you :)');
INSERT INTO "worldcup2014_comment" VALUES(68,'teresa','i just realised now... pedro won bolao do faisao :):):) well done :):):)');
INSERT INTO "worldcup2014_comment" VALUES(69,'teresa','but as usual Assia and Omar are also in the top of the results :)');
INSERT INTO "worldcup2014_comment" VALUES(70,'pedro','Nice :) I think the only reason for my victory is the fact I always bet on Portugal :) Double victory!');
INSERT INTO "worldcup2014_comment" VALUES(71,'assia','This was my best performance so far... Congrats, Pedro!');
CREATE TABLE "worldcup2014_team" ("id" integer NOT NULL PRIMARY KEY AUTOINCREMENT, "name" varchar(200) NOT NULL UNIQUE, "group" varchar(200) NOT NULL);
INSERT INTO "worldcup2014_team" VALUES(1,'france','Group A');
INSERT INTO "worldcup2014_team" VALUES(2,'romania','Group A');
INSERT INTO "worldcup2014_team" VALUES(14,'albania','Group A');
INSERT INTO "worldcup2014_team" VALUES(15,'switzerland','Group A');
INSERT INTO "worldcup2014_team" VALUES(16,'england','Group B');
INSERT INTO "worldcup2014_team" VALUES(17,'russia','Group B');
INSERT INTO "worldcup2014_team" VALUES(18,'wales','Group B');
INSERT INTO "worldcup2014_team" VALUES(19,'slovakia','Group B');
INSERT INTO "worldcup2014_team" VALUES(20,'germany','Group C');
INSERT INTO "worldcup2014_team" VALUES(21,'ukraine','Group C');
INSERT INTO "worldcup2014_team" VALUES(22,'poland','Group C');
INSERT INTO "worldcup2014_team" VALUES(23,'northern-ireland','Group C');
INSERT INTO "worldcup2014_team" VALUES(24,'spain','Group D');
INSERT INTO "worldcup2014_team" VALUES(25,'czech-republic','Group D');
INSERT INTO "worldcup2014_team" VALUES(26,'turkey','Group D');
INSERT INTO "worldcup2014_team" VALUES(27,'croatia','Group D');
INSERT INTO "worldcup2014_team" VALUES(28,'belgium','Group E');
INSERT INTO "worldcup2014_team" VALUES(29,'italy','Group E');
INSERT INTO "worldcup2014_team" VALUES(30,'ireland','Group E');
INSERT INTO "worldcup2014_team" VALUES(31,'sweden','Group E');
INSERT INTO "worldcup2014_team" VALUES(32,'portugal','Group F');
INSERT INTO "worldcup2014_team" VALUES(33,'iceland','Group F');
INSERT INTO "worldcup2014_team" VALUES(34,'austria','Group F');
INSERT INTO "worldcup2014_team" VALUES(35,'hungary','Group F');
INSERT INTO "worldcup2014_team" VALUES(36,'-','-');
CREATE TABLE "worldcup2014_vote" ("id" integer NOT NULL PRIMARY KEY AUTOINCREMENT, "user" varchar(200) NOT NULL, "score" varchar(200) NOT NULL, "match_id" integer NOT NULL REFERENCES "worldcup2014_match" ("id"), "striker_id" integer NOT NULL REFERENCES "worldcup2014_player" ("id"), "winner_id" integer NOT NULL REFERENCES "worldcup2014_team" ("id"));
INSERT INTO "worldcup2014_vote" VALUES(5,'pedro','1-0',1,186,1);
INSERT INTO "worldcup2014_vote" VALUES(6,'rocha','2-0',1,187,1);
INSERT INTO "worldcup2014_vote" VALUES(7,'ricardo','2-0',1,186,1);
INSERT INTO "worldcup2014_vote" VALUES(8,'ricardo','0-2',2,507,15);
INSERT INTO "worldcup2014_vote" VALUES(9,'ricardo','1-1',3,579,36);
INSERT INTO "worldcup2014_vote" VALUES(10,'ricardo','2-1',4,163,16);
INSERT INTO "worldcup2014_vote" VALUES(11,'ricardo','1-2',7,110,27);
INSERT INTO "worldcup2014_vote" VALUES(12,'ricardo','3-0',5,349,22);
INSERT INTO "worldcup2014_vote" VALUES(13,'ricardo','3-0',6,208,20);
INSERT INTO "worldcup2014_vote" VALUES(14,'ricardo','3-1',8,464,24);
INSERT INTO "worldcup2014_vote" VALUES(15,'omar','1-2',2,507,15);
INSERT INTO "worldcup2014_vote" VALUES(16,'omar','3-1',1,188,1);
INSERT INTO "worldcup2014_vote" VALUES(17,'omar','1-2',3,579,19);
INSERT INTO "worldcup2014_vote" VALUES(18,'omar','2-0',4,163,16);
INSERT INTO "worldcup2014_vote" VALUES(19,'omar','1-1',7,118,36);
INSERT INTO "worldcup2014_vote" VALUES(20,'omar','3-1',5,349,22);
INSERT INTO "worldcup2014_vote" VALUES(21,'omar','2-0',6,208,20);
INSERT INTO "worldcup2014_vote" VALUES(22,'mike','3-0',1,186,1);
INSERT INTO "worldcup2014_vote" VALUES(23,'mike','0-1',2,512,15);
INSERT INTO "worldcup2014_vote" VALUES(24,'mike','2-1',3,579,18);
INSERT INTO "worldcup2014_vote" VALUES(25,'mike','1-0',4,166,16);
INSERT INTO "worldcup2014_vote" VALUES(26,'assia','2-0',1,178,1);
INSERT INTO "worldcup2014_vote" VALUES(27,'assia','0-2',2,507,15);
INSERT INTO "worldcup2014_vote" VALUES(28,'assia','1-2',3,431,19);
INSERT INTO "worldcup2014_vote" VALUES(29,'assia','2-1',4,162,16);
INSERT INTO "worldcup2014_vote" VALUES(30,'teresa','2-0',1,178,1);
INSERT INTO "worldcup2014_vote" VALUES(31,'teresa','0-1',2,507,15);
INSERT INTO "worldcup2014_vote" VALUES(32,'teresa','1-0',3,579,19);
INSERT INTO "worldcup2014_vote" VALUES(33,'teresa','2-0',4,163,16);
INSERT INTO "worldcup2014_vote" VALUES(34,'teresa','3-0',6,208,20);
INSERT INTO "worldcup2014_vote" VALUES(35,'teresa','2-0',5,349,22);
INSERT INTO "worldcup2014_vote" VALUES(36,'teresa','0-1',7,118,27);
INSERT INTO "worldcup2014_vote" VALUES(37,'miguel','1-0',1,178,1);
INSERT INTO "worldcup2014_vote" VALUES(38,'miguel','0-1',2,507,15);
INSERT INTO "worldcup2014_vote" VALUES(39,'miguel','0-2',3,441,19);
INSERT INTO "worldcup2014_vote" VALUES(40,'miguel','2-1',4,166,16);
INSERT INTO "worldcup2014_vote" VALUES(41,'steph','1-0',1,178,1);
INSERT INTO "worldcup2014_vote" VALUES(42,'steph','0-1',2,507,15);
INSERT INTO "worldcup2014_vote" VALUES(43,'steph','1-2',3,441,19);
INSERT INTO "worldcup2014_vote" VALUES(44,'steph','2-1',4,162,16);
INSERT INTO "worldcup2014_vote" VALUES(45,'nuno','2-0',1,388,1);
INSERT INTO "worldcup2014_vote" VALUES(46,'rocha','0-1',2,510,15);
INSERT INTO "worldcup2014_vote" VALUES(47,'rocha','1-1',3,579,36);
INSERT INTO "worldcup2014_vote" VALUES(48,'rocha','1-0',4,162,16);
INSERT INTO "worldcup2014_vote" VALUES(49,'rocha','1-1',7,118,27);
INSERT INTO "worldcup2014_vote" VALUES(50,'rocha','1-0',5,349,22);
INSERT INTO "worldcup2014_vote" VALUES(51,'rocha','2-0',6,208,20);
INSERT INTO "worldcup2014_vote" VALUES(52,'rocha','2-0',12,373,32);
INSERT INTO "worldcup2014_vote" VALUES(53,'pedro','0-2',2,512,15);
INSERT INTO "worldcup2014_vote" VALUES(54,'pedro','1-2',3,431,19);
INSERT INTO "worldcup2014_vote" VALUES(55,'pedro','2-0',4,166,16);
INSERT INTO "worldcup2014_vote" VALUES(56,'helena','1-0',1,178,1);
INSERT INTO "worldcup2014_vote" VALUES(57,'pedro','1-2',7,118,27);
INSERT INTO "worldcup2014_vote" VALUES(58,'pedro','3-0',5,349,22);
INSERT INTO "worldcup2014_vote" VALUES(59,'pedro','3-1',6,213,20);
INSERT INTO "worldcup2014_vote" VALUES(60,'steffi','2-1',1,185,1);
INSERT INTO "worldcup2014_vote" VALUES(61,'cesar','2-0',1,178,1);
INSERT INTO "worldcup2014_vote" VALUES(62,'anki','2-0',1,178,1);
INSERT INTO "worldcup2014_vote" VALUES(63,'steffi','0-1',2,505,15);
INSERT INTO "worldcup2014_vote" VALUES(64,'steffi','1-1',3,579,18);
INSERT INTO "worldcup2014_vote" VALUES(65,'steffi','3-0',4,163,16);
INSERT INTO "worldcup2014_vote" VALUES(66,'steffi','1-2',7,110,27);
INSERT INTO "worldcup2014_vote" VALUES(67,'steffi','2-0',5,348,22);
INSERT INTO "worldcup2014_vote" VALUES(68,'steffi','2-0',6,208,20);
INSERT INTO "worldcup2014_vote" VALUES(69,'alex','0-1',2,507,15);
INSERT INTO "worldcup2014_vote" VALUES(70,'alex','1-2',3,441,19);
INSERT INTO "worldcup2014_vote" VALUES(71,'alex','1-0',4,163,16);
INSERT INTO "worldcup2014_vote" VALUES(72,'alex','4-0',5,349,22);
INSERT INTO "worldcup2014_vote" VALUES(73,'alex','2-1',12,373,32);
INSERT INTO "worldcup2014_vote" VALUES(74,'cesar','0-1',2,507,15);
INSERT INTO "worldcup2014_vote" VALUES(75,'cesar','0-1',3,441,19);
INSERT INTO "worldcup2014_vote" VALUES(76,'cesar','2-1',4,163,16);
INSERT INTO "worldcup2014_vote" VALUES(77,'cesar','0-1',7,118,27);
INSERT INTO "worldcup2014_vote" VALUES(78,'cesar','3-1',5,349,22);
INSERT INTO "worldcup2014_vote" VALUES(79,'cesar','3-1',6,208,20);
INSERT INTO "worldcup2014_vote" VALUES(80,'nuno','0-2',2,508,15);
INSERT INTO "worldcup2014_vote" VALUES(81,'anki','1-0',2,507,15);
INSERT INTO "worldcup2014_vote" VALUES(82,'helena','1-2',2,507,15);
INSERT INTO "worldcup2014_vote" VALUES(83,'nuno','1-1',3,441,36);
INSERT INTO "worldcup2014_vote" VALUES(84,'helena','0-2',3,431,19);
INSERT INTO "worldcup2014_vote" VALUES(85,'anki','1-1',4,163,16);
INSERT INTO "worldcup2014_vote" VALUES(86,'assia','1-2',7,118,27);
INSERT INTO "worldcup2014_vote" VALUES(87,'assia','1-1',5,349,36);
INSERT INTO "worldcup2014_vote" VALUES(88,'assia','2-1',6,213,20);
INSERT INTO "worldcup2014_vote" VALUES(89,'nuno','1-0',4,163,16);
INSERT INTO "worldcup2014_vote" VALUES(90,'helena','2-1',4,163,16);
INSERT INTO "worldcup2014_vote" VALUES(91,'mike','0-2',7,118,27);
INSERT INTO "worldcup2014_vote" VALUES(92,'mike','1-0',5,349,22);
INSERT INTO "worldcup2014_vote" VALUES(93,'mike','3-1',6,208,20);
INSERT INTO "worldcup2014_vote" VALUES(94,'pedro','2-1',8,465,24);
INSERT INTO "worldcup2014_vote" VALUES(95,'pedro','1-1',9,489,36);
INSERT INTO "worldcup2014_vote" VALUES(96,'pedro','0-1',10,89,29);
INSERT INTO "worldcup2014_vote" VALUES(97,'nuno','1-2',7,118,36);
INSERT INTO "worldcup2014_vote" VALUES(98,'nuno','1-1',5,349,22);
INSERT INTO "worldcup2014_vote" VALUES(99,'nuno','4-0',6,208,20);
INSERT INTO "worldcup2014_vote" VALUES(100,'pedro','3-0',12,372,32);
INSERT INTO "worldcup2014_vote" VALUES(101,'steph','0-1',7,118,27);
INSERT INTO "worldcup2014_vote" VALUES(102,'anki','0-1',7,117,27);
INSERT INTO "worldcup2014_vote" VALUES(103,'steph','2-1',5,349,22);
INSERT INTO "worldcup2014_vote" VALUES(104,'steph','2-1',6,213,20);
INSERT INTO "worldcup2014_vote" VALUES(105,'anki','1-1',5,349,22);
INSERT INTO "worldcup2014_vote" VALUES(106,'anki','4-0',6,210,20);
INSERT INTO "worldcup2014_vote" VALUES(107,'miguel','1-1',7,118,27);
INSERT INTO "worldcup2014_vote" VALUES(108,'miguel','2-0',5,349,22);
INSERT INTO "worldcup2014_vote" VALUES(109,'miguel','3-0',6,208,20);
INSERT INTO "worldcup2014_vote" VALUES(110,'helena','1-1',7,118,27);
INSERT INTO "worldcup2014_vote" VALUES(111,'helena','2-1',5,349,36);
INSERT INTO "worldcup2014_vote" VALUES(112,'helena','3-2',6,208,20);
INSERT INTO "worldcup2014_vote" VALUES(113,'helena','3-0',8,465,24);
INSERT INTO "worldcup2014_vote" VALUES(114,'helena','0-2',9,489,31);
INSERT INTO "worldcup2014_vote" VALUES(115,'assia','2-0',8,465,24);
INSERT INTO "worldcup2014_vote" VALUES(116,'assia','0-1',9,489,31);
INSERT INTO "worldcup2014_vote" VALUES(117,'assia','1-0',10,92,28);
INSERT INTO "worldcup2014_vote" VALUES(118,'alex','2-0',6,205,20);
INSERT INTO "worldcup2014_vote" VALUES(119,'alex','2-0',8,465,24);
INSERT INTO "worldcup2014_vote" VALUES(120,'alex','1-2',9,489,31);
INSERT INTO "worldcup2014_vote" VALUES(121,'alex','1-1',19,349,20);
INSERT INTO "worldcup2014_vote" VALUES(122,'mike','2-0',8,464,24);
INSERT INTO "worldcup2014_vote" VALUES(123,'mike','1-1',10,91,36);
INSERT INTO "worldcup2014_vote" VALUES(124,'mike','0-2',9,489,31);
INSERT INTO "worldcup2014_vote" VALUES(125,'rocha','1-0',8,465,24);
INSERT INTO "worldcup2014_vote" VALUES(126,'rocha','1-1',9,489,31);
INSERT INTO "worldcup2014_vote" VALUES(127,'rocha','1-0',10,95,28);
INSERT INTO "worldcup2014_vote" VALUES(128,'rocha','2-0',11,75,34);
INSERT INTO "worldcup2014_vote" VALUES(129,'cesar','2-0',8,462,24);
INSERT INTO "worldcup2014_vote" VALUES(130,'cesar','1-1',9,274,36);
INSERT INTO "worldcup2014_vote" VALUES(131,'cesar','1-1',10,305,36);
INSERT INTO "worldcup2014_vote" VALUES(132,'cesar','2-0',12,371,32);
INSERT INTO "worldcup2014_vote" VALUES(133,'cesar','1-0',11,71,34);
INSERT INTO "worldcup2014_vote" VALUES(134,'anki','2-1',8,464,24);
INSERT INTO "worldcup2014_vote" VALUES(135,'anki','0-2',9,489,31);
INSERT INTO "worldcup2014_vote" VALUES(136,'anki','1-1',10,92,29);
INSERT INTO "worldcup2014_vote" VALUES(137,'steffi','2-0',8,465,24);
INSERT INTO "worldcup2014_vote" VALUES(138,'steffi','0-2',9,489,31);
INSERT INTO "worldcup2014_vote" VALUES(139,'steffi','0-1',10,304,29);
INSERT INTO "worldcup2014_vote" VALUES(140,'steffi','0-0',11,233,35);
INSERT INTO "worldcup2014_vote" VALUES(141,'steffi','3-0',12,371,32);
INSERT INTO "worldcup2014_vote" VALUES(142,'omar','2-1',8,465,36);
INSERT INTO "worldcup2014_vote" VALUES(143,'omar','0-2',9,489,31);
INSERT INTO "worldcup2014_vote" VALUES(144,'miguel','2-0',8,452,24);
INSERT INTO "worldcup2014_vote" VALUES(145,'miguel','1-0',9,489,31);
INSERT INTO "worldcup2014_vote" VALUES(146,'miguel','0-1',10,292,29);
INSERT INTO "worldcup2014_vote" VALUES(147,'steph','2-0',8,464,24);
INSERT INTO "worldcup2014_vote" VALUES(148,'steph','1-0',9,276,30);
INSERT INTO "worldcup2014_vote" VALUES(149,'steph','1-1',10,91,36);
INSERT INTO "worldcup2014_vote" VALUES(150,'nuno','2-0',8,464,24);
INSERT INTO "worldcup2014_vote" VALUES(151,'nuno','0-0',9,489,36);
INSERT INTO "worldcup2014_vote" VALUES(152,'nuno','2-1',10,92,28);
INSERT INTO "worldcup2014_vote" VALUES(153,'teresa','0-1',9,489,31);
INSERT INTO "worldcup2014_vote" VALUES(154,'teresa','1-0',10,92,36);
INSERT INTO "worldcup2014_vote" VALUES(155,'omar','0-2',10,304,29);
INSERT INTO "worldcup2014_vote" VALUES(156,'ricardo','0-0',10,95,36);
INSERT INTO "worldcup2014_vote" VALUES(157,'alex','1-1',10,91,36);
INSERT INTO "worldcup2014_vote" VALUES(158,'pedro','2-0',11,75,34);
INSERT INTO "worldcup2014_vote" VALUES(159,'helena','1-1',10,92,29);
INSERT INTO "worldcup2014_vote" VALUES(160,'mike','3-0',12,373,32);
INSERT INTO "worldcup2014_vote" VALUES(161,'mike','2-0',11,75,34);
INSERT INTO "worldcup2014_vote" VALUES(162,'assia','2-0',12,373,32);
INSERT INTO "worldcup2014_vote" VALUES(163,'ricardo','2-1',11,67,34);
INSERT INTO "worldcup2014_vote" VALUES(164,'ricardo','1-0',12,369,32);
INSERT INTO "worldcup2014_vote" VALUES(165,'anki','3-1',12,373,32);
INSERT INTO "worldcup2014_vote" VALUES(166,'anki','1-0',11,236,35);
INSERT INTO "worldcup2014_vote" VALUES(167,'cesar','1-1',14,441,36);
INSERT INTO "worldcup2014_vote" VALUES(168,'teresa','1-0',11,75,34);
INSERT INTO "worldcup2014_vote" VALUES(169,'teresa','2-0',12,373,32);
INSERT INTO "worldcup2014_vote" VALUES(170,'teresa','1-2',14,431,19);
INSERT INTO "worldcup2014_vote" VALUES(171,'teresa','2-0',16,188,1);
INSERT INTO "worldcup2014_vote" VALUES(172,'teresa','1-0',15,394,2);
INSERT INTO "worldcup2014_vote" VALUES(173,'assia','2-0',11,67,34);
INSERT INTO "worldcup2014_vote" VALUES(174,'miguel','1-0',11,75,34);
INSERT INTO "worldcup2014_vote" VALUES(175,'miguel','3-1',12,361,32);
INSERT INTO "worldcup2014_vote" VALUES(176,'omar','1-1',11,233,36);
INSERT INTO "worldcup2014_vote" VALUES(177,'ricardo','1-0',14,419,17);
INSERT INTO "worldcup2014_vote" VALUES(178,'ricardo','0-1',15,510,15);
INSERT INTO "worldcup2014_vote" VALUES(179,'ricardo','3-0',16,186,1);
INSERT INTO "worldcup2014_vote" VALUES(180,'ricardo','2-1',17,162,16);
INSERT INTO "worldcup2014_vote" VALUES(181,'ricardo','1-0',18,547,21);
INSERT INTO "worldcup2014_vote" VALUES(182,'ricardo','2-1',19,208,20);
INSERT INTO "worldcup2014_vote" VALUES(183,'ricardo','1-1',20,489,36);
INSERT INTO "worldcup2014_vote" VALUES(184,'ricardo','0-1',21,118,27);
INSERT INTO "worldcup2014_vote" VALUES(185,'ricardo','2-0',22,464,24);
INSERT INTO "worldcup2014_vote" VALUES(186,'ricardo','1-1',23,95,36);
INSERT INTO "worldcup2014_vote" VALUES(187,'ricardo','0-1',25,224,35);
INSERT INTO "worldcup2014_vote" VALUES(188,'ricardo','3-0',26,372,32);
INSERT INTO "worldcup2014_vote" VALUES(189,'steph','1-0',11,75,34);
INSERT INTO "worldcup2014_vote" VALUES(190,'steph','2-0',12,373,32);
INSERT INTO "worldcup2014_vote" VALUES(191,'nuno','2-0',11,75,34);
INSERT INTO "worldcup2014_vote" VALUES(192,'helena','2-0',11,67,34);
INSERT INTO "worldcup2014_vote" VALUES(193,'helena','2-1',12,373,32);
INSERT INTO "worldcup2014_vote" VALUES(194,'omar','2-0',12,373,32);
INSERT INTO "worldcup2014_vote" VALUES(195,'steffi','1-1',14,438,36);
INSERT INTO "worldcup2014_vote" VALUES(196,'steffi','0-1',15,505,15);
INSERT INTO "worldcup2014_vote" VALUES(197,'steffi','2-0',16,185,1);
INSERT INTO "worldcup2014_vote" VALUES(198,'steffi','2-1',17,163,16);
INSERT INTO "worldcup2014_vote" VALUES(199,'steffi','1-1',18,557,21);
INSERT INTO "worldcup2014_vote" VALUES(200,'steffi','2-0',19,208,20);
INSERT INTO "worldcup2014_vote" VALUES(201,'nuno','2-0',12,371,32);
INSERT INTO "worldcup2014_vote" VALUES(202,'mike','1-0',14,418,17);
INSERT INTO "worldcup2014_vote" VALUES(203,'mike','0-0',15,502,15);
INSERT INTO "worldcup2014_vote" VALUES(204,'mike','2-0',16,188,1);
INSERT INTO "worldcup2014_vote" VALUES(205,'rocha','1-1',14,419,17);
INSERT INTO "worldcup2014_vote" VALUES(206,'rocha','0-1',15,510,15);
INSERT INTO "worldcup2014_vote" VALUES(207,'rocha','2-0',16,188,1);
INSERT INTO "worldcup2014_vote" VALUES(208,'cesar','0-1',15,510,15);
INSERT INTO "worldcup2014_vote" VALUES(209,'cesar','2-0',16,188,1);
INSERT INTO "worldcup2014_vote" VALUES(210,'anki','1-1',14,419,19);
INSERT INTO "worldcup2014_vote" VALUES(211,'miguel','0-2',15,507,15);
INSERT INTO "worldcup2014_vote" VALUES(212,'miguel','2-0',16,178,1);
INSERT INTO "worldcup2014_vote" VALUES(213,'miguel','2-1',14,431,17);
INSERT INTO "worldcup2014_vote" VALUES(214,'assia','2-0',16,186,1);
INSERT INTO "worldcup2014_vote" VALUES(215,'assia','1-1',15,391,36);
INSERT INTO "worldcup2014_vote" VALUES(216,'omar','0-1',14,438,19);
INSERT INTO "worldcup2014_vote" VALUES(217,'omar','1-2',15,507,15);
INSERT INTO "worldcup2014_vote" VALUES(218,'omar','2-0',16,188,1);
INSERT INTO "worldcup2014_vote" VALUES(219,'assia','1-2',14,431,19);
INSERT INTO "worldcup2014_vote" VALUES(220,'pedro','2-1',14,431,17);
INSERT INTO "worldcup2014_vote" VALUES(221,'pedro','0-1',15,507,15);
INSERT INTO "worldcup2014_vote" VALUES(222,'pedro','2-0',16,186,1);
INSERT INTO "worldcup2014_vote" VALUES(223,'anki','1-2',15,507,15);
INSERT INTO "worldcup2014_vote" VALUES(224,'anki','0-2',16,187,1);
INSERT INTO "worldcup2014_vote" VALUES(225,'nuno','2-0',14,419,17);
INSERT INTO "worldcup2014_vote" VALUES(226,'nuno','1-1',15,507,36);
INSERT INTO "worldcup2014_vote" VALUES(227,'steph','0-1',15,510,15);
INSERT INTO "worldcup2014_vote" VALUES(228,'steph','1-0',16,178,1);
INSERT INTO "worldcup2014_vote" VALUES(229,'nuno','3-0',16,186,1);
INSERT INTO "worldcup2014_vote" VALUES(230,'omar','2-1',17,579,16);
INSERT INTO "worldcup2014_vote" VALUES(231,'miguel','1-0',17,163,16);
INSERT INTO "worldcup2014_vote" VALUES(232,'miguel','1-1',19,208,20);
INSERT INTO "worldcup2014_vote" VALUES(233,'pedro','2-0',17,163,16);
INSERT INTO "worldcup2014_vote" VALUES(234,'pedro','1-0',18,547,21);
INSERT INTO "worldcup2014_vote" VALUES(235,'pedro','2-0',19,208,20);
INSERT INTO "worldcup2014_vote" VALUES(236,'rocha','2-0',17,162,16);
INSERT INTO "worldcup2014_vote" VALUES(237,'cesar','2-1',17,162,16);
INSERT INTO "worldcup2014_vote" VALUES(238,'nuno','2-1',26,373,32);
INSERT INTO "worldcup2014_vote" VALUES(239,'rocha','1-0',18,557,21);
INSERT INTO "worldcup2014_vote" VALUES(240,'cesar','1-0',18,547,21);
INSERT INTO "worldcup2014_vote" VALUES(241,'rocha','2-0',19,208,20);
INSERT INTO "worldcup2014_vote" VALUES(242,'rocha','1-0',20,305,29);
INSERT INTO "worldcup2014_vote" VALUES(243,'cesar','2-1',19,213,20);
INSERT INTO "worldcup2014_vote" VALUES(244,'rocha','0-1',21,118,27);
INSERT INTO "worldcup2014_vote" VALUES(245,'rocha','2-0',22,465,24);
INSERT INTO "worldcup2014_vote" VALUES(246,'cesar','1-0',20,305,29);
INSERT INTO "worldcup2014_vote" VALUES(247,'cesar','0-1',21,119,27);
INSERT INTO "worldcup2014_vote" VALUES(248,'cesar','1-0',22,462,24);
INSERT INTO "worldcup2014_vote" VALUES(249,'assia','1-1',18,547,36);
INSERT INTO "worldcup2014_vote" VALUES(250,'nuno','2-2',17,163,16);
INSERT INTO "worldcup2014_vote" VALUES(251,'assia','2-1',19,213,20);
INSERT INTO "worldcup2014_vote" VALUES(252,'assia','2-1',17,579,16);
INSERT INTO "worldcup2014_vote" VALUES(253,'nuno','1-0',18,555,21);
INSERT INTO "worldcup2014_vote" VALUES(254,'nuno','2-1',19,208,20);
INSERT INTO "worldcup2014_vote" VALUES(255,'anki','2-0',17,163,16);
INSERT INTO "worldcup2014_vote" VALUES(256,'anki','2-0',18,557,21);
INSERT INTO "worldcup2014_vote" VALUES(257,'anki','2-0',19,205,20);
INSERT INTO "worldcup2014_vote" VALUES(258,'teresa','2-0',17,162,16);
INSERT INTO "worldcup2014_vote" VALUES(259,'teresa','1-0',18,557,21);
INSERT INTO "worldcup2014_vote" VALUES(260,'teresa','2-0',19,213,20);
INSERT INTO "worldcup2014_vote" VALUES(261,'steph','1-0',17,166,16);
INSERT INTO "worldcup2014_vote" VALUES(262,'steph','1-0',18,547,21);
INSERT INTO "worldcup2014_vote" VALUES(263,'steph','2-0',19,208,20);
INSERT INTO "worldcup2014_vote" VALUES(264,'omar','2-1',18,557,21);
INSERT INTO "worldcup2014_vote" VALUES(265,'alex','1-0',18,547,21);
INSERT INTO "worldcup2014_vote" VALUES(266,'assia','1-0',20,298,29);
INSERT INTO "worldcup2014_vote" VALUES(267,'alex','2-1',20,305,29);
INSERT INTO "worldcup2014_vote" VALUES(268,'alex','1-1',21,118,27);
INSERT INTO "worldcup2014_vote" VALUES(269,'assia','2-0',22,464,24);
INSERT INTO "worldcup2014_vote" VALUES(270,'assia','0-2',21,118,27);
INSERT INTO "worldcup2014_vote" VALUES(271,'omar','2-1',19,208,20);
INSERT INTO "worldcup2014_vote" VALUES(272,'steffi','0-1',20,489,31);
INSERT INTO "worldcup2014_vote" VALUES(273,'steffi','0-1',21,118,27);
INSERT INTO "worldcup2014_vote" VALUES(274,'steffi','2-0',22,465,24);
INSERT INTO "worldcup2014_vote" VALUES(275,'mike','2-0',20,304,29);
INSERT INTO "worldcup2014_vote" VALUES(276,'mike','1-2',25,236,35);
INSERT INTO "worldcup2014_vote" VALUES(277,'mike','0-2',21,110,27);
INSERT INTO "worldcup2014_vote" VALUES(278,'mike','1-0',22,454,24);
INSERT INTO "worldcup2014_vote" VALUES(279,'cesar','1-0',23,95,28);
INSERT INTO "worldcup2014_vote" VALUES(280,'mike','2-1',23,91,28);
INSERT INTO "worldcup2014_vote" VALUES(281,'mike','2-0',26,372,32);
INSERT INTO "worldcup2014_vote" VALUES(282,'cesar','0-1',25,224,35);
INSERT INTO "worldcup2014_vote" VALUES(283,'cesar','2-1',26,373,32);
INSERT INTO "worldcup2014_vote" VALUES(284,'pedro','1-0',20,298,29);
INSERT INTO "worldcup2014_vote" VALUES(285,'pedro','1-2',21,118,27);
INSERT INTO "worldcup2014_vote" VALUES(286,'pedro','2-1',22,454,24);
INSERT INTO "worldcup2014_vote" VALUES(287,'miguel','0-0',20,296,29);
INSERT INTO "worldcup2014_vote" VALUES(288,'miguel','0-2',21,118,27);
INSERT INTO "worldcup2014_vote" VALUES(289,'miguel','1-0',22,452,24);
INSERT INTO "worldcup2014_vote" VALUES(290,'anki','0-1',20,489,31);
INSERT INTO "worldcup2014_vote" VALUES(291,'anki','0-1',21,118,27);
INSERT INTO "worldcup2014_vote" VALUES(292,'anki','2-0',22,464,24);
INSERT INTO "worldcup2014_vote" VALUES(293,'steph','2-1',20,305,29);
INSERT INTO "worldcup2014_vote" VALUES(294,'steph','0-1',21,118,27);
INSERT INTO "worldcup2014_vote" VALUES(295,'steph','2-0',22,454,24);
INSERT INTO "worldcup2014_vote" VALUES(296,'teresa','1-0',20,305,29);
INSERT INTO "worldcup2014_vote" VALUES(297,'teresa','0-2',21,118,27);
INSERT INTO "worldcup2014_vote" VALUES(298,'teresa','2-0',22,465,24);
INSERT INTO "worldcup2014_vote" VALUES(299,'nuno','0-2',21,118,27);
INSERT INTO "worldcup2014_vote" VALUES(300,'nuno','1-1',20,489,36);
INSERT INTO "worldcup2014_vote" VALUES(301,'nuno','2-1',22,464,24);
INSERT INTO "worldcup2014_vote" VALUES(302,'omar','2-1',20,489,29);
INSERT INTO "worldcup2014_vote" VALUES(303,'omar','1-2',21,109,27);
INSERT INTO "worldcup2014_vote" VALUES(304,'omar','1-1',22,464,36);
INSERT INTO "worldcup2014_vote" VALUES(305,'alex','2-0',22,464,24);
INSERT INTO "worldcup2014_vote" VALUES(306,'steffi','1-0',23,95,28);
INSERT INTO "worldcup2014_vote" VALUES(307,'steffi','0-2',25,224,35);
INSERT INTO "worldcup2014_vote" VALUES(308,'steffi','2-0',26,371,32);
INSERT INTO "worldcup2014_vote" VALUES(309,'steffi','1-0',27,392,2);
INSERT INTO "worldcup2014_vote" VALUES(310,'steffi','1-2',28,185,1);
INSERT INTO "worldcup2014_vote" VALUES(311,'rocha','1-0',23,96,28);
INSERT INTO "worldcup2014_vote" VALUES(312,'rocha','0-1',25,235,36);
INSERT INTO "worldcup2014_vote" VALUES(313,'rocha','1-0',26,372,32);
INSERT INTO "worldcup2014_vote" VALUES(314,'rocha','0-1',28,188,1);
INSERT INTO "worldcup2014_vote" VALUES(315,'rocha','1-0',27,392,2);
INSERT INTO "worldcup2014_vote" VALUES(316,'alex','1-0',23,96,28);
INSERT INTO "worldcup2014_vote" VALUES(317,'alex','0-1',25,224,35);
INSERT INTO "worldcup2014_vote" VALUES(318,'alex','2-1',26,373,32);
INSERT INTO "worldcup2014_vote" VALUES(319,'assia','2-1',26,373,32);
INSERT INTO "worldcup2014_vote" VALUES(320,'assia','2-1',23,91,28);
INSERT INTO "worldcup2014_vote" VALUES(321,'pedro','2-1',23,95,28);
INSERT INTO "worldcup2014_vote" VALUES(322,'pedro','1-1',25,236,36);
INSERT INTO "worldcup2014_vote" VALUES(323,'pedro','2-1',26,372,32);
INSERT INTO "worldcup2014_vote" VALUES(324,'assia','1-1',25,235,36);
INSERT INTO "worldcup2014_vote" VALUES(325,'anki','1-0',23,95,28);
INSERT INTO "worldcup2014_vote" VALUES(326,'anki','0-1',25,236,35);
INSERT INTO "worldcup2014_vote" VALUES(327,'anki','2-0',26,373,32);
INSERT INTO "worldcup2014_vote" VALUES(328,'teresa','2-0',23,91,28);
INSERT INTO "worldcup2014_vote" VALUES(329,'teresa','1-2',25,224,35);
INSERT INTO "worldcup2014_vote" VALUES(330,'miguel','1-0',23,92,28);
INSERT INTO "worldcup2014_vote" VALUES(331,'miguel','1-0',25,236,35);
INSERT INTO "worldcup2014_vote" VALUES(332,'miguel','3-0',26,371,32);
INSERT INTO "worldcup2014_vote" VALUES(333,'teresa','2-1',26,373,32);
INSERT INTO "worldcup2014_vote" VALUES(334,'omar','2-1',23,95,28);
INSERT INTO "worldcup2014_vote" VALUES(335,'steph','1-0',26,373,32);
INSERT INTO "worldcup2014_vote" VALUES(336,'steph','1-0',23,91,28);
INSERT INTO "worldcup2014_vote" VALUES(337,'steph','0-1',25,224,35);
INSERT INTO "worldcup2014_vote" VALUES(338,'omar','2-1',26,373,32);
INSERT INTO "worldcup2014_vote" VALUES(339,'nuno','1-0',23,85,28);
INSERT INTO "worldcup2014_vote" VALUES(340,'nuno','0-1',25,236,33);
INSERT INTO "worldcup2014_vote" VALUES(341,'omar','1-2',25,224,35);
INSERT INTO "worldcup2014_vote" VALUES(342,'assia','1-0',27,391,2);
INSERT INTO "worldcup2014_vote" VALUES(343,'ricardo','1-1',27,394,36);
INSERT INTO "worldcup2014_vote" VALUES(344,'ricardo','0-2',28,187,1);
INSERT INTO "worldcup2014_vote" VALUES(345,'mike','2-1',27,394,2);
INSERT INTO "worldcup2014_vote" VALUES(346,'mike','0-1',28,184,1);
INSERT INTO "worldcup2014_vote" VALUES(347,'mike','0-1',29,579,18);
INSERT INTO "worldcup2014_vote" VALUES(348,'mike','0-1',30,166,16);
INSERT INTO "worldcup2014_vote" VALUES(349,'cesar','1-0',27,394,2);
INSERT INTO "worldcup2014_vote" VALUES(350,'cesar','0-1',28,188,1);
INSERT INTO "worldcup2014_vote" VALUES(351,'miguel','1-0',27,394,2);
INSERT INTO "worldcup2014_vote" VALUES(352,'miguel','1-1',28,186,1);
INSERT INTO "worldcup2014_vote" VALUES(353,'anki','1-0',27,392,2);
INSERT INTO "worldcup2014_vote" VALUES(354,'anki','1-2',28,184,1);
INSERT INTO "worldcup2014_vote" VALUES(355,'assia','0-1',28,189,1);
INSERT INTO "worldcup2014_vote" VALUES(356,'teresa','1-0',27,394,2);
INSERT INTO "worldcup2014_vote" VALUES(357,'pedro','1-0',27,394,2);
INSERT INTO "worldcup2014_vote" VALUES(358,'pedro','0-1',28,186,1);
INSERT INTO "worldcup2014_vote" VALUES(359,'teresa','0-1',28,184,1);
INSERT INTO "worldcup2014_vote" VALUES(360,'steph','0-1',28,186,1);
INSERT INTO "worldcup2014_vote" VALUES(361,'steph','1-0',27,394,2);
INSERT INTO "worldcup2014_vote" VALUES(362,'omar','2-1',27,394,2);
INSERT INTO "worldcup2014_vote" VALUES(363,'omar','1-1',28,186,36);
INSERT INTO "worldcup2014_vote" VALUES(364,'alex','1-0',27,394,2);
INSERT INTO "worldcup2014_vote" VALUES(365,'alex','1-1',28,186,36);
INSERT INTO "worldcup2014_vote" VALUES(366,'alex','0-2',31,349,22);
INSERT INTO "worldcup2014_vote" VALUES(367,'alex','0-2',29,579,18);
INSERT INTO "worldcup2014_vote" VALUES(368,'alex','0-1',30,166,16);
INSERT INTO "worldcup2014_vote" VALUES(369,'alex','0-2',32,210,20);
INSERT INTO "worldcup2014_vote" VALUES(370,'nuno','1-0',27,394,2);
INSERT INTO "worldcup2014_vote" VALUES(371,'nuno','0-1',28,178,1);
INSERT INTO "worldcup2014_vote" VALUES(372,'pedro','0-2',29,579,18);
INSERT INTO "worldcup2014_vote" VALUES(373,'pedro','1-1',30,166,36);
INSERT INTO "worldcup2014_vote" VALUES(374,'cesar','1-0',29,418,17);
INSERT INTO "worldcup2014_vote" VALUES(375,'cesar','0-1',30,166,16);
INSERT INTO "worldcup2014_vote" VALUES(376,'teresa','0-1',29,579,18);
INSERT INTO "worldcup2014_vote" VALUES(377,'steph','0-1',29,579,18);
INSERT INTO "worldcup2014_vote" VALUES(378,'steph','0-1',30,166,16);
INSERT INTO "worldcup2014_vote" VALUES(379,'teresa','0-1',30,166,16);
INSERT INTO "worldcup2014_vote" VALUES(380,'rocha','0-2',29,579,18);
INSERT INTO "worldcup2014_vote" VALUES(381,'steffi','0-1',29,579,18);
INSERT INTO "worldcup2014_vote" VALUES(382,'steffi','1-0',30,441,19);
INSERT INTO "worldcup2014_vote" VALUES(383,'rocha','0-1',30,162,16);
INSERT INTO "worldcup2014_vote" VALUES(384,'assia','1-2',29,579,18);
INSERT INTO "worldcup2014_vote" VALUES(385,'assia','1-1',30,162,36);
INSERT INTO "worldcup2014_vote" VALUES(386,'miguel','0-1',29,579,18);
INSERT INTO "worldcup2014_vote" VALUES(387,'miguel','0-1',30,166,16);
INSERT INTO "worldcup2014_vote" VALUES(388,'helena','1-1',29,579,36);
INSERT INTO "worldcup2014_vote" VALUES(389,'helena','1-2',30,158,16);
INSERT INTO "worldcup2014_vote" VALUES(390,'anki','2-1',29,579,17);
INSERT INTO "worldcup2014_vote" VALUES(391,'anki','0-2',30,162,16);
INSERT INTO "worldcup2014_vote" VALUES(392,'omar','1-2',29,579,18);
INSERT INTO "worldcup2014_vote" VALUES(393,'omar','1-2',30,166,16);
INSERT INTO "worldcup2014_vote" VALUES(394,'nuno','1-1',29,579,36);
INSERT INTO "worldcup2014_vote" VALUES(395,'nuno','2-2',30,163,36);
INSERT INTO "worldcup2014_vote" VALUES(396,'pedro','0-2',31,349,22);
INSERT INTO "worldcup2014_vote" VALUES(397,'pedro','0-2',32,208,20);
INSERT INTO "worldcup2014_vote" VALUES(398,'pedro','2-1',33,142,25);
INSERT INTO "worldcup2014_vote" VALUES(399,'pedro','1-2',34,465,24);
INSERT INTO "worldcup2014_vote" VALUES(400,'pedro','1-1',35,75,36);
INSERT INTO "worldcup2014_vote" VALUES(401,'pedro','0-2',36,373,32);
INSERT INTO "worldcup2014_vote" VALUES(402,'pedro','1-1',37,304,36);
INSERT INTO "worldcup2014_vote" VALUES(403,'pedro','1-2',38,95,28);
INSERT INTO "worldcup2014_vote" VALUES(404,'steffi','0-2',31,349,22);
INSERT INTO "worldcup2014_vote" VALUES(405,'steffi','0-3',32,202,20);
INSERT INTO "worldcup2014_vote" VALUES(406,'steffi','2-1',33,136,25);
INSERT INTO "worldcup2014_vote" VALUES(407,'steffi','1-1',34,464,24);
INSERT INTO "worldcup2014_vote" VALUES(408,'steffi','1-0',35,258,33);
INSERT INTO "worldcup2014_vote" VALUES(409,'steffi','0-2',36,371,32);
INSERT INTO "worldcup2014_vote" VALUES(410,'rocha','0-3',32,208,20);
INSERT INTO "worldcup2014_vote" VALUES(411,'steffi','2-1',37,304,29);
INSERT INTO "worldcup2014_vote" VALUES(412,'rocha','0-1',31,349,22);
INSERT INTO "worldcup2014_vote" VALUES(413,'steffi','1-0',38,489,31);
INSERT INTO "worldcup2014_vote" VALUES(414,'rocha','1-1',33,142,25);
INSERT INTO "worldcup2014_vote" VALUES(415,'rocha','0-2',34,465,24);
INSERT INTO "worldcup2014_vote" VALUES(416,'rocha','0-1',35,75,34);
INSERT INTO "worldcup2014_vote" VALUES(417,'rocha','0-2',36,371,32);
INSERT INTO "worldcup2014_vote" VALUES(418,'rocha','0-0',37,276,36);
INSERT INTO "worldcup2014_vote" VALUES(419,'rocha','0-2',38,95,28);
INSERT INTO "worldcup2014_vote" VALUES(420,'teresa','0-2',31,349,22);
INSERT INTO "worldcup2014_vote" VALUES(421,'teresa','0-2',32,202,20);
INSERT INTO "worldcup2014_vote" VALUES(422,'teresa','2-1',33,142,25);
INSERT INTO "worldcup2014_vote" VALUES(423,'teresa','1-2',34,465,24);
INSERT INTO "worldcup2014_vote" VALUES(424,'teresa','0-2',36,373,32);
INSERT INTO "worldcup2014_vote" VALUES(425,'assia','0-2',31,349,22);
INSERT INTO "worldcup2014_vote" VALUES(426,'assia','1-2',34,465,24);
INSERT INTO "worldcup2014_vote" VALUES(427,'assia','0-3',32,208,20);
INSERT INTO "worldcup2014_vote" VALUES(428,'assia','2-1',33,142,25);
INSERT INTO "worldcup2014_vote" VALUES(429,'miguel','0-2',32,213,20);
INSERT INTO "worldcup2014_vote" VALUES(430,'miguel','0-2',34,465,24);
INSERT INTO "worldcup2014_vote" VALUES(431,'miguel','1-0',33,142,25);
INSERT INTO "worldcup2014_vote" VALUES(432,'miguel','0-1',31,349,22);
INSERT INTO "worldcup2014_vote" VALUES(433,'omar','2-0',33,142,25);
INSERT INTO "worldcup2014_vote" VALUES(434,'omar','0-2',32,208,20);
INSERT INTO "worldcup2014_vote" VALUES(435,'omar','2-1',31,542,21);
INSERT INTO "worldcup2014_vote" VALUES(436,'omar','2-1',34,109,27);
INSERT INTO "worldcup2014_vote" VALUES(437,'steph','1-2',31,349,22);
INSERT INTO "worldcup2014_vote" VALUES(438,'nuno','0-1',31,349,22);
INSERT INTO "worldcup2014_vote" VALUES(439,'steph','0-2',32,208,20);
INSERT INTO "worldcup2014_vote" VALUES(440,'nuno','0-1',32,208,20);
INSERT INTO "worldcup2014_vote" VALUES(441,'steph','1-0',33,142,25);
INSERT INTO "worldcup2014_vote" VALUES(442,'steph','1-2',34,464,24);
INSERT INTO "worldcup2014_vote" VALUES(443,'cesar','0-1',31,348,22);
INSERT INTO "worldcup2014_vote" VALUES(444,'cesar','0-1',32,208,20);
INSERT INTO "worldcup2014_vote" VALUES(445,'cesar','1-0',33,142,25);
INSERT INTO "worldcup2014_vote" VALUES(446,'cesar','0-2',34,465,24);
INSERT INTO "worldcup2014_vote" VALUES(447,'ricardo','0-2',31,349,22);
INSERT INTO "worldcup2014_vote" VALUES(448,'ricardo','0-2',32,208,20);
INSERT INTO "worldcup2014_vote" VALUES(449,'anki','1-0',33,142,25);
INSERT INTO "worldcup2014_vote" VALUES(450,'anki','1-2',34,465,24);
INSERT INTO "worldcup2014_vote" VALUES(451,'nuno','1-1',34,465,36);
INSERT INTO "worldcup2014_vote" VALUES(452,'nuno','1-0',33,142,25);
INSERT INTO "worldcup2014_vote" VALUES(453,'ricardo','2-1',33,130,25);
INSERT INTO "worldcup2014_vote" VALUES(454,'ricardo','1-1',34,464,24);
INSERT INTO "worldcup2014_vote" VALUES(455,'ricardo','1-1',35,66,36);
INSERT INTO "worldcup2014_vote" VALUES(456,'ricardo','1-3',36,371,32);
INSERT INTO "worldcup2014_vote" VALUES(457,'cesar','0-1',35,75,34);
INSERT INTO "worldcup2014_vote" VALUES(458,'cesar','0-1',36,373,32);
INSERT INTO "worldcup2014_vote" VALUES(459,'cesar','1-0',37,304,29);
INSERT INTO "worldcup2014_vote" VALUES(460,'cesar','1-2',38,95,28);
INSERT INTO "worldcup2014_vote" VALUES(461,'ricardo','1-0',37,305,29);
INSERT INTO "worldcup2014_vote" VALUES(462,'assia','1-1',38,95,36);
INSERT INTO "worldcup2014_vote" VALUES(463,'assia','1-1',35,67,36);
INSERT INTO "worldcup2014_vote" VALUES(464,'assia','1-2',36,373,32);
INSERT INTO "worldcup2014_vote" VALUES(465,'mike','1-1',35,250,36);
INSERT INTO "worldcup2014_vote" VALUES(466,'mike','0-1',36,371,32);
INSERT INTO "worldcup2014_vote" VALUES(467,'mike','1-0',37,304,29);
INSERT INTO "worldcup2014_vote" VALUES(468,'mike','1-1',38,489,31);
INSERT INTO "worldcup2014_vote" VALUES(469,'miguel','0-0',35,75,36);
INSERT INTO "worldcup2014_vote" VALUES(470,'miguel','0-1',36,371,32);
INSERT INTO "worldcup2014_vote" VALUES(471,'teresa','0-1',35,67,34);
INSERT INTO "worldcup2014_vote" VALUES(472,'teresa','1-0',37,305,29);
INSERT INTO "worldcup2014_vote" VALUES(473,'teresa','1-2',38,95,28);
INSERT INTO "worldcup2014_vote" VALUES(474,'assia','1-1',37,276,36);
INSERT INTO "worldcup2014_vote" VALUES(475,'steph','0-1',35,75,34);
INSERT INTO "worldcup2014_vote" VALUES(476,'steph','0-1',36,373,32);
INSERT INTO "worldcup2014_vote" VALUES(477,'steph','2-1',37,276,29);
INSERT INTO "worldcup2014_vote" VALUES(478,'steph','0-1',38,95,28);
INSERT INTO "worldcup2014_vote" VALUES(479,'miguel','1-0',37,296,29);
INSERT INTO "worldcup2014_vote" VALUES(480,'miguel','1-2',38,489,28);
INSERT INTO "worldcup2014_vote" VALUES(481,'anki','1-1',35,250,33);
INSERT INTO "worldcup2014_vote" VALUES(482,'anki','0-1',36,373,36);
INSERT INTO "worldcup2014_vote" VALUES(483,'omar','0-1',35,75,34);
INSERT INTO "worldcup2014_vote" VALUES(484,'omar','1-2',36,373,32);
INSERT INTO "worldcup2014_vote" VALUES(485,'nuno','1-2',35,75,34);
INSERT INTO "worldcup2014_vote" VALUES(486,'nuno','0-2',36,371,32);
INSERT INTO "worldcup2014_vote" VALUES(487,'omar','2-0',37,305,29);
INSERT INTO "worldcup2014_vote" VALUES(488,'omar','2-1',38,489,31);
INSERT INTO "worldcup2014_vote" VALUES(489,'alex','2-0',37,305,29);
INSERT INTO "worldcup2014_vote" VALUES(490,'alex','1-2',38,489,28);
INSERT INTO "worldcup2014_vote" VALUES(491,'anki','2-0',37,305,29);
INSERT INTO "worldcup2014_vote" VALUES(492,'anki','1-1',38,489,31);
INSERT INTO "worldcup2014_vote" VALUES(493,'nuno','0-0',37,274,36);
INSERT INTO "worldcup2014_vote" VALUES(494,'nuno','1-2',38,85,28);
INSERT INTO "worldcup2014_vote" VALUES(495,'miguel','0-1',39,349,22);
INSERT INTO "worldcup2014_vote" VALUES(496,'miguel','2-0',40,579,18);
INSERT INTO "worldcup2014_vote" VALUES(497,'miguel','1-0',41,118,27);
INSERT INTO "worldcup2014_vote" VALUES(498,'pedro','1-1',39,510,15);
INSERT INTO "worldcup2014_vote" VALUES(499,'pedro','2-1',40,579,18);
INSERT INTO "worldcup2014_vote" VALUES(500,'pedro','1-2',41,373,32);
INSERT INTO "worldcup2014_vote" VALUES(501,'pedro','2-0',42,186,1);
INSERT INTO "worldcup2014_vote" VALUES(502,'pedro','2-0',43,208,20);
INSERT INTO "worldcup2014_vote" VALUES(503,'pedro','1-2',44,95,28);
INSERT INTO "worldcup2014_vote" VALUES(504,'pedro','1-1',45,465,36);
INSERT INTO "worldcup2014_vote" VALUES(505,'pedro','1-0',46,166,16);
INSERT INTO "worldcup2014_vote" VALUES(506,'alex','0-1',39,349,22);
INSERT INTO "worldcup2014_vote" VALUES(507,'alex','1-0',40,579,18);
INSERT INTO "worldcup2014_vote" VALUES(508,'ricardo','1-2',39,349,22);
INSERT INTO "worldcup2014_vote" VALUES(509,'ricardo','2-0',40,579,18);
INSERT INTO "worldcup2014_vote" VALUES(510,'ricardo','1-2',41,373,32);
INSERT INTO "worldcup2014_vote" VALUES(511,'ricardo','2-0',42,188,1);
INSERT INTO "worldcup2014_vote" VALUES(512,'ricardo','2-0',43,208,20);
INSERT INTO "worldcup2014_vote" VALUES(513,'ricardo','1-2',44,92,28);
INSERT INTO "worldcup2014_vote" VALUES(514,'ricardo','1-0',45,291,29);
INSERT INTO "worldcup2014_vote" VALUES(515,'ricardo','2-0',46,163,16);
INSERT INTO "worldcup2014_vote" VALUES(516,'assia','2-0',40,579,18);
INSERT INTO "worldcup2014_vote" VALUES(517,'assia','1-1',41,373,36);
INSERT INTO "worldcup2014_vote" VALUES(518,'assia','1-0',39,349,15);
INSERT INTO "worldcup2014_vote" VALUES(519,'anki','1-0',39,507,36);
INSERT INTO "worldcup2014_vote" VALUES(520,'anki','2-0',40,579,18);
INSERT INTO "worldcup2014_vote" VALUES(521,'anki','1-1',41,117,27);
INSERT INTO "worldcup2014_vote" VALUES(522,'cesar','1-0',39,507,15);
INSERT INTO "worldcup2014_vote" VALUES(523,'rocha','0-1',39,349,22);
INSERT INTO "worldcup2014_vote" VALUES(524,'steph','1-0',39,507,15);
INSERT INTO "worldcup2014_vote" VALUES(525,'cesar','1-0',40,579,18);
INSERT INTO "worldcup2014_vote" VALUES(526,'rocha','1-0',40,579,18);
INSERT INTO "worldcup2014_vote" VALUES(527,'cesar','1-2',41,373,32);
INSERT INTO "worldcup2014_vote" VALUES(528,'steph','1-2',41,373,32);
INSERT INTO "worldcup2014_vote" VALUES(529,'steph','1-0',40,579,18);
INSERT INTO "worldcup2014_vote" VALUES(530,'rocha','1-1',41,373,36);
INSERT INTO "worldcup2014_vote" VALUES(531,'cesar','2-0',42,184,1);
INSERT INTO "worldcup2014_vote" VALUES(532,'steffi','0-2',39,349,22);
INSERT INTO "worldcup2014_vote" VALUES(533,'steffi','2-1',40,579,18);
INSERT INTO "worldcup2014_vote" VALUES(534,'steffi','1-2',41,371,32);
INSERT INTO "worldcup2014_vote" VALUES(535,'mike','1-0',39,508,15);
INSERT INTO "worldcup2014_vote" VALUES(536,'mike','2-1',40,579,18);
INSERT INTO "worldcup2014_vote" VALUES(537,'mike','1-2',41,371,32);
INSERT INTO "worldcup2014_vote" VALUES(538,'mike','2-0',42,184,1);
INSERT INTO "worldcup2014_vote" VALUES(539,'mike','3-0',43,208,20);
INSERT INTO "worldcup2014_vote" VALUES(540,'mike','1-2',44,92,28);
INSERT INTO "worldcup2014_vote" VALUES(541,'mike','2-1',45,465,29);
INSERT INTO "worldcup2014_vote" VALUES(542,'mike','0-1',46,248,33);
INSERT INTO "worldcup2014_vote" VALUES(543,'nuno','0-1',39,349,22);
INSERT INTO "worldcup2014_vote" VALUES(544,'nuno','1-0',40,579,18);
INSERT INTO "worldcup2014_vote" VALUES(545,'nuno','1-2',41,361,32);
INSERT INTO "worldcup2014_vote" VALUES(546,'teresa','1-2',39,349,22);
INSERT INTO "worldcup2014_vote" VALUES(547,'teresa','2-1',40,579,18);
INSERT INTO "worldcup2014_vote" VALUES(548,'teresa','1-2',41,371,32);
INSERT INTO "worldcup2014_vote" VALUES(549,'omar','1-1',39,349,15);
INSERT INTO "worldcup2014_vote" VALUES(550,'alex','1-2',41,373,32);
INSERT INTO "worldcup2014_vote" VALUES(551,'alex','3-0',43,202,20);
INSERT INTO "worldcup2014_vote" VALUES(552,'alex','2-1',42,184,1);
INSERT INTO "worldcup2014_vote" VALUES(553,'steffi','2-0',42,184,1);
INSERT INTO "worldcup2014_vote" VALUES(554,'steffi','3-0',43,208,20);
INSERT INTO "worldcup2014_vote" VALUES(555,'steffi','1-0',44,232,35);
INSERT INTO "worldcup2014_vote" VALUES(556,'steffi','1-1',45,465,36);
INSERT INTO "worldcup2014_vote" VALUES(557,'steffi','2-0',46,163,16);
INSERT INTO "worldcup2014_vote" VALUES(558,'alex','1-0',44,232,35);
INSERT INTO "worldcup2014_vote" VALUES(559,'omar','2-1',41,371,27);
INSERT INTO "worldcup2014_vote" VALUES(560,'rocha','2-0',42,188,1);
INSERT INTO "worldcup2014_vote" VALUES(561,'rocha','3-0',43,208,20);
INSERT INTO "worldcup2014_vote" VALUES(562,'rocha','1-2',44,95,28);
INSERT INTO "worldcup2014_vote" VALUES(563,'rocha','0-0',45,465,36);
INSERT INTO "worldcup2014_vote" VALUES(564,'rocha','1-0',46,162,16);
INSERT INTO "worldcup2014_vote" VALUES(565,'cesar','2-0',43,208,20);
INSERT INTO "worldcup2014_vote" VALUES(566,'cesar','0-1',44,95,28);
INSERT INTO "worldcup2014_vote" VALUES(567,'cesar','0-1',45,465,24);
INSERT INTO "worldcup2014_vote" VALUES(568,'cesar','1-0',46,162,16);
INSERT INTO "worldcup2014_vote" VALUES(569,'omar','2-1',42,184,1);
INSERT INTO "worldcup2014_vote" VALUES(570,'omar','2-0',43,213,20);
INSERT INTO "worldcup2014_vote" VALUES(571,'omar','1-1',44,95,36);
INSERT INTO "worldcup2014_vote" VALUES(572,'steph','1-0',42,186,1);
INSERT INTO "worldcup2014_vote" VALUES(573,'steph','2-0',43,208,20);
INSERT INTO "worldcup2014_vote" VALUES(574,'steph','1-1',44,95,28);
INSERT INTO "worldcup2014_vote" VALUES(575,'nuno','1-0',42,186,1);
INSERT INTO "worldcup2014_vote" VALUES(576,'teresa','2-1',42,184,1);
INSERT INTO "worldcup2014_vote" VALUES(577,'teresa','2-1',43,208,20);
INSERT INTO "worldcup2014_vote" VALUES(578,'teresa','1-2',44,95,28);
INSERT INTO "worldcup2014_vote" VALUES(579,'assia','1-0',42,184,1);
INSERT INTO "worldcup2014_vote" VALUES(580,'assia','2-0',43,208,20);
INSERT INTO "worldcup2014_vote" VALUES(581,'assia','1-1',44,95,36);
INSERT INTO "worldcup2014_vote" VALUES(582,'anki','1-0',42,184,1);
INSERT INTO "worldcup2014_vote" VALUES(583,'anki','2-0',43,208,20);
INSERT INTO "worldcup2014_vote" VALUES(584,'anki','1-2',44,95,28);
INSERT INTO "worldcup2014_vote" VALUES(585,'nuno','2-0',43,204,20);
INSERT INTO "worldcup2014_vote" VALUES(586,'miguel','2-0',43,213,20);
INSERT INTO "worldcup2014_vote" VALUES(587,'miguel','0-1',44,87,28);
INSERT INTO "worldcup2014_vote" VALUES(588,'miguel','1-0',45,296,36);
INSERT INTO "worldcup2014_vote" VALUES(589,'miguel','1-0',46,166,16);
INSERT INTO "worldcup2014_vote" VALUES(590,'nuno','0-1',44,95,28);
INSERT INTO "worldcup2014_vote" VALUES(591,'steph','0-1',45,465,24);
INSERT INTO "worldcup2014_vote" VALUES(592,'steph','2-0',46,162,16);
INSERT INTO "worldcup2014_vote" VALUES(593,'anki','2-1',45,465,29);
INSERT INTO "worldcup2014_vote" VALUES(594,'anki','2-2',46,162,16);
INSERT INTO "worldcup2014_vote" VALUES(595,'teresa','1-1',45,465,36);
INSERT INTO "worldcup2014_vote" VALUES(596,'teresa','2-0',46,162,16);
INSERT INTO "worldcup2014_vote" VALUES(597,'assia','1-2',45,464,24);
INSERT INTO "worldcup2014_vote" VALUES(598,'assia','1-0',46,162,16);
INSERT INTO "worldcup2014_vote" VALUES(599,'nuno','2-0',46,163,16);
INSERT INTO "worldcup2014_vote" VALUES(600,'nuno','0-1',45,448,24);
INSERT INTO "worldcup2014_vote" VALUES(601,'omar','2-1',46,163,16);
INSERT INTO "worldcup2014_vote" VALUES(602,'pedro','1-2',47,373,32);
INSERT INTO "worldcup2014_vote" VALUES(603,'pedro','0-1',48,95,28);
INSERT INTO "worldcup2014_vote" VALUES(604,'pedro','1-1',49,304,29);
INSERT INTO "worldcup2014_vote" VALUES(605,'pedro','2-0',50,186,1);
INSERT INTO "worldcup2014_vote" VALUES(606,'ricardo','0-1',47,373,32);
INSERT INTO "worldcup2014_vote" VALUES(607,'ricardo','1-2',48,93,28);
INSERT INTO "worldcup2014_vote" VALUES(608,'ricardo','1-2',49,304,29);
INSERT INTO "worldcup2014_vote" VALUES(609,'ricardo','2-0',50,178,1);
INSERT INTO "worldcup2014_vote" VALUES(610,'steph','0-1',47,371,32);
INSERT INTO "worldcup2014_vote" VALUES(611,'teresa','0-1',47,371,32);
INSERT INTO "worldcup2014_vote" VALUES(612,'cesar','0-1',47,373,32);
INSERT INTO "worldcup2014_vote" VALUES(613,'steffi','1-1',47,349,32);
INSERT INTO "worldcup2014_vote" VALUES(614,'steffi','2-1',49,213,20);
INSERT INTO "worldcup2014_vote" VALUES(615,'steffi','1-1',48,579,28);
INSERT INTO "worldcup2014_vote" VALUES(616,'steffi','2-1',50,186,1);
INSERT INTO "worldcup2014_vote" VALUES(617,'rocha','1-1',47,349,36);
INSERT INTO "worldcup2014_vote" VALUES(618,'rocha','0-1',48,95,28);
INSERT INTO "worldcup2014_vote" VALUES(619,'rocha','1-0',49,213,20);
INSERT INTO "worldcup2014_vote" VALUES(620,'rocha','2-0',50,188,1);
INSERT INTO "worldcup2014_vote" VALUES(621,'miguel','0-1',47,373,32);
INSERT INTO "worldcup2014_vote" VALUES(622,'mike','0-1',47,371,32);
INSERT INTO "worldcup2014_vote" VALUES(623,'mike','0-2',48,92,28);
INSERT INTO "worldcup2014_vote" VALUES(624,'mike','0-1',49,305,29);
INSERT INTO "worldcup2014_vote" VALUES(625,'mike','2-1',50,186,1);
INSERT INTO "worldcup2014_vote" VALUES(626,'nuno','1-2',47,373,32);
INSERT INTO "worldcup2014_vote" VALUES(627,'cesar','0-1',48,95,28);
INSERT INTO "worldcup2014_vote" VALUES(628,'cesar','2-1',49,208,20);
INSERT INTO "worldcup2014_vote" VALUES(629,'cesar','2-1',50,188,1);
INSERT INTO "worldcup2014_vote" VALUES(630,'anki','1-1',47,349,32);
INSERT INTO "worldcup2014_vote" VALUES(631,'assia','1-1',47,349,36);
INSERT INTO "worldcup2014_vote" VALUES(632,'omar','1-1',47,373,36);
INSERT INTO "worldcup2014_vote" VALUES(633,'anki','1-2',48,92,28);
INSERT INTO "worldcup2014_vote" VALUES(634,'steph','0-1',48,95,28);
INSERT INTO "worldcup2014_vote" VALUES(635,'teresa','1-2',48,579,28);
INSERT INTO "worldcup2014_vote" VALUES(636,'teresa','1-2',49,304,29);
INSERT INTO "worldcup2014_vote" VALUES(637,'teresa','2-1',50,184,1);
INSERT INTO "worldcup2014_vote" VALUES(638,'pedro','1-0',51,373,32);
INSERT INTO "worldcup2014_vote" VALUES(639,'nuno','0-2',48,85,28);
INSERT INTO "worldcup2014_vote" VALUES(640,'assia','1-1',48,579,36);
INSERT INTO "worldcup2014_vote" VALUES(641,'miguel','1-1',48,579,28);
INSERT INTO "worldcup2014_vote" VALUES(642,'miguel','0-1',49,296,29);
INSERT INTO "worldcup2014_vote" VALUES(643,'miguel','2-1',50,184,1);
INSERT INTO "worldcup2014_vote" VALUES(644,'miguel','1-0',51,373,32);
INSERT INTO "worldcup2014_vote" VALUES(645,'omar','1-2',48,92,28);
INSERT INTO "worldcup2014_vote" VALUES(646,'steph','2-1',49,208,20);
INSERT INTO "worldcup2014_vote" VALUES(647,'assia','1-1',49,305,36);
INSERT INTO "worldcup2014_vote" VALUES(648,'nuno','1-0',49,208,20);
INSERT INTO "worldcup2014_vote" VALUES(649,'omar','2-1',49,208,20);
INSERT INTO "worldcup2014_vote" VALUES(650,'anki','3-1',49,208,20);
INSERT INTO "worldcup2014_vote" VALUES(651,'steph','2-0',50,188,1);
INSERT INTO "worldcup2014_vote" VALUES(652,'assia','1-0',50,186,1);
INSERT INTO "worldcup2014_vote" VALUES(653,'nuno','1-0',50,184,1);
INSERT INTO "worldcup2014_vote" VALUES(654,'anki','1-1',50,186,36);
INSERT INTO "worldcup2014_vote" VALUES(655,'omar','2-2',50,186,36);
INSERT INTO "worldcup2014_vote" VALUES(656,'mike','2-1',51,371,32);
INSERT INTO "worldcup2014_vote" VALUES(657,'pedro','1-2',52,186,1);
INSERT INTO "worldcup2014_vote" VALUES(658,'teresa','2-1',51,372,32);
INSERT INTO "worldcup2014_vote" VALUES(659,'teresa','1-1',52,184,36);
INSERT INTO "worldcup2014_vote" VALUES(660,'ricardo','1-1',51,371,36);
INSERT INTO "worldcup2014_vote" VALUES(661,'ricardo','0-1',52,184,1);
INSERT INTO "worldcup2014_vote" VALUES(662,'anki','2-1',51,373,32);
INSERT INTO "worldcup2014_vote" VALUES(663,'assia','1-1',51,579,36);
INSERT INTO "worldcup2014_vote" VALUES(664,'rocha','1-1',51,579,36);
INSERT INTO "worldcup2014_vote" VALUES(665,'rocha','1-1',52,208,20);
INSERT INTO "worldcup2014_vote" VALUES(666,'steffi','1-1',51,579,36);
INSERT INTO "worldcup2014_vote" VALUES(667,'steffi','1-0',52,205,20);
INSERT INTO "worldcup2014_vote" VALUES(668,'nuno','2-1',51,373,32);
INSERT INTO "worldcup2014_vote" VALUES(669,'omar','2-1',51,373,32);
INSERT INTO "worldcup2014_vote" VALUES(670,'anki','1-1',52,186,1);
INSERT INTO "worldcup2014_vote" VALUES(671,'assia','1-2',52,186,1);
INSERT INTO "worldcup2014_vote" VALUES(672,'steph','1-2',52,186,1);
INSERT INTO "worldcup2014_vote" VALUES(673,'miguel','1-2',52,178,1);
INSERT INTO "worldcup2014_vote" VALUES(674,'omar','1-1',52,188,36);
INSERT INTO "worldcup2014_vote" VALUES(675,'cesar','0-1',52,188,1);
INSERT INTO "worldcup2014_vote" VALUES(676,'miguel','3-0',53,373,32);
INSERT INTO "worldcup2014_vote" VALUES(677,'pedro','2-1',53,373,32);
INSERT INTO "worldcup2014_vote" VALUES(678,'teresa','2-1',53,373,32);
INSERT INTO "worldcup2014_vote" VALUES(679,'ricardo','0-2',53,188,1);
INSERT INTO "worldcup2014_vote" VALUES(680,'omar','3-2',53,372,32);
INSERT INTO "worldcup2014_vote" VALUES(681,'nuno','3-1',53,373,32);
INSERT INTO "worldcup2014_vote" VALUES(682,'anki','2-3',53,186,1);
INSERT INTO "worldcup2014_vote" VALUES(683,'rocha','0-2',53,188,1);
INSERT INTO "worldcup2014_vote" VALUES(684,'steffi','1-2',53,186,1);
INSERT INTO "worldcup2014_vote" VALUES(685,'assia','1-2',53,373,1);
INSERT INTO "worldcup2014_vote" VALUES(686,'steph','0-2',53,186,1);
INSERT INTO "worldcup2014_vote" VALUES(687,'cesar','1-0',53,373,32);
CREATE TABLE "worldcup2014_player" ("id" integer NOT NULL PRIMARY KEY AUTOINCREMENT, "name" varchar(200) NOT NULL, "team_id" integer NOT NULL REFERENCES "worldcup2014_team" ("id"));
INSERT INTO "worldcup2014_player" VALUES(30,'Etrit Berisha',14);
INSERT INTO "worldcup2014_player" VALUES(31,'Orges Shehi',14);
INSERT INTO "worldcup2014_player" VALUES(32,'Alban Hoxha',14);
INSERT INTO "worldcup2014_player" VALUES(33,'Lorik Cana',14);
INSERT INTO "worldcup2014_player" VALUES(34,'Mërgim Mavraj',14);
INSERT INTO "worldcup2014_player" VALUES(35,'Elseid Hysaj',14);
INSERT INTO "worldcup2014_player" VALUES(36,'Ansi Agolli',14);
INSERT INTO "worldcup2014_player" VALUES(37,'Arlind Ajeti',14);
INSERT INTO "worldcup2014_player" VALUES(38,'Naser Aliji',14);
INSERT INTO "worldcup2014_player" VALUES(39,'Frédéric Veseli',14);
INSERT INTO "worldcup2014_player" VALUES(40,'Taulant Xhaka',14);
INSERT INTO "worldcup2014_player" VALUES(41,'Amir Abrashi',14);
INSERT INTO "worldcup2014_player" VALUES(42,'Ledian Memushaj',14);
INSERT INTO "worldcup2014_player" VALUES(43,'Migjen Basha',14);
INSERT INTO "worldcup2014_player" VALUES(44,'Burim Kukeli',14);
INSERT INTO "worldcup2014_player" VALUES(45,'Ergys Kaçe',14);
INSERT INTO "worldcup2014_player" VALUES(46,'Andi Lila',14);
INSERT INTO "worldcup2014_player" VALUES(47,'Ermir Lenjani',14);
INSERT INTO "worldcup2014_player" VALUES(48,'Odise Roshi',14);
INSERT INTO "worldcup2014_player" VALUES(49,'Shkëlzen Gashi',14);
INSERT INTO "worldcup2014_player" VALUES(50,'Sokol Çikalleshi',14);
INSERT INTO "worldcup2014_player" VALUES(51,'Bekim Balaj',14);
INSERT INTO "worldcup2014_player" VALUES(52,'Armando Sadiku',14);
INSERT INTO "worldcup2014_player" VALUES(53,'Robert Almer',34);
INSERT INTO "worldcup2014_player" VALUES(54,'Ramazan Özcan',34);
INSERT INTO "worldcup2014_player" VALUES(55,'Heinz Lindner',34);
INSERT INTO "worldcup2014_player" VALUES(56,'Aleksandar Dragović',34);
INSERT INTO "worldcup2014_player" VALUES(57,'Kevin Wimmer',34);
INSERT INTO "worldcup2014_player" VALUES(58,'Martin Hinteregger',34);
INSERT INTO "worldcup2014_player" VALUES(59,'Sebastian Prödl',34);
INSERT INTO "worldcup2014_player" VALUES(60,'Florian Klein',34);
INSERT INTO "worldcup2014_player" VALUES(61,'György Garics',34);
INSERT INTO "worldcup2014_player" VALUES(62,'Christian Fuchs',34);
INSERT INTO "worldcup2014_player" VALUES(63,'Markus Suttner',34);
INSERT INTO "worldcup2014_player" VALUES(64,'Stefan Ilsanker',34);
INSERT INTO "worldcup2014_player" VALUES(65,'Julian Baumgartlinger',34);
INSERT INTO "worldcup2014_player" VALUES(66,'David Alaba',34);
INSERT INTO "worldcup2014_player" VALUES(67,'Marko Arnautovic',34);
INSERT INTO "worldcup2014_player" VALUES(68,'Martin Harnik',34);
INSERT INTO "worldcup2014_player" VALUES(69,'Jakob Jantscher',34);
INSERT INTO "worldcup2014_player" VALUES(70,'Marcel Sabitzer',34);
INSERT INTO "worldcup2014_player" VALUES(71,'Zlatko Junuzovic',34);
INSERT INTO "worldcup2014_player" VALUES(72,'Alessandro Schopf',34);
INSERT INTO "worldcup2014_player" VALUES(73,'Rubin Okotie',34);
INSERT INTO "worldcup2014_player" VALUES(74,'Lukas Hinterseer',34);
INSERT INTO "worldcup2014_player" VALUES(75,'Marc Janko',34);
INSERT INTO "worldcup2014_player" VALUES(76,'Thibaut Courtois',28);
INSERT INTO "worldcup2014_player" VALUES(77,'Simon Mignolet',28);
INSERT INTO "worldcup2014_player" VALUES(78,'Jean-François Gillet',28);
INSERT INTO "worldcup2014_player" VALUES(79,'Toby Alderweireld',28);
INSERT INTO "worldcup2014_player" VALUES(80,'Thomas Meunier',28);
INSERT INTO "worldcup2014_player" VALUES(81,'Christian Kabasele',28);
INSERT INTO "worldcup2014_player" VALUES(82,'Laurent Ciman',28);
INSERT INTO "worldcup2014_player" VALUES(83,'Jason Denayer',28);
INSERT INTO "worldcup2014_player" VALUES(84,'Thomas Vermaelen',28);
INSERT INTO "worldcup2014_player" VALUES(85,'Jordan Lukaku',28);
INSERT INTO "worldcup2014_player" VALUES(86,'Jan Vertonghen',28);
INSERT INTO "worldcup2014_player" VALUES(87,'Axel Witsel',28);
INSERT INTO "worldcup2014_player" VALUES(88,'Radja Nainggolan',28);
INSERT INTO "worldcup2014_player" VALUES(89,'Marouane Fellaini',28);
INSERT INTO "worldcup2014_player" VALUES(90,'Moussa Dembélé',28);
INSERT INTO "worldcup2014_player" VALUES(91,'Kevin De Bruyne',28);
INSERT INTO "worldcup2014_player" VALUES(92,'Eden Hazard',28);
INSERT INTO "worldcup2014_player" VALUES(93,'Yannick Ferreira-Carrasco',28);
INSERT INTO "worldcup2014_player" VALUES(94,'Dries Mertens',28);
INSERT INTO "worldcup2014_player" VALUES(95,'Romelu Lukaku',28);
INSERT INTO "worldcup2014_player" VALUES(96,'Christian Benteke',28);
INSERT INTO "worldcup2014_player" VALUES(97,'Michy Batshuayi',28);
INSERT INTO "worldcup2014_player" VALUES(98,'Divock Origi',28);
INSERT INTO "worldcup2014_player" VALUES(99,'Danijel Subašić',27);
INSERT INTO "worldcup2014_player" VALUES(100,'Lovre Kalinić',27);
INSERT INTO "worldcup2014_player" VALUES(101,'Ivan Vargić',27);
INSERT INTO "worldcup2014_player" VALUES(102,'Darijo Srna',27);
INSERT INTO "worldcup2014_player" VALUES(103,'Šime Vrsaljko',27);
INSERT INTO "worldcup2014_player" VALUES(104,'Vedran Ćorluka',27);
INSERT INTO "worldcup2014_player" VALUES(105,'Domagoj Vida',27);
INSERT INTO "worldcup2014_player" VALUES(106,'Tin Jedvaj',27);
INSERT INTO "worldcup2014_player" VALUES(107,'Gordon Schildenfeld',27);
INSERT INTO "worldcup2014_player" VALUES(108,'Ivan Strinic',27);
INSERT INTO "worldcup2014_player" VALUES(109,'Luka Modric',27);
INSERT INTO "worldcup2014_player" VALUES(110,'Ivan Rakitic',27);
INSERT INTO "worldcup2014_player" VALUES(111,'Marcelo Brozović',27);
INSERT INTO "worldcup2014_player" VALUES(112,'Mateo Kovačić',27);
INSERT INTO "worldcup2014_player" VALUES(113,'Milan Badelj',27);
INSERT INTO "worldcup2014_player" VALUES(114,'Ante Ćorić',27);
INSERT INTO "worldcup2014_player" VALUES(115,'Marko Rog',27);
INSERT INTO "worldcup2014_player" VALUES(116,'Marko Pjaca',27);
INSERT INTO "worldcup2014_player" VALUES(117,'Ivan Perisic',27);
INSERT INTO "worldcup2014_player" VALUES(118,'Mario Mandžukić',27);
INSERT INTO "worldcup2014_player" VALUES(119,'Nikola Kalinic',27);
INSERT INTO "worldcup2014_player" VALUES(120,'Andrej Kramarić',27);
INSERT INTO "worldcup2014_player" VALUES(121,'Duje Čop',27);
INSERT INTO "worldcup2014_player" VALUES(122,'Petr Čech',25);
INSERT INTO "worldcup2014_player" VALUES(123,'Tomáš Vaclík',25);
INSERT INTO "worldcup2014_player" VALUES(124,'Tomáš Koubek',25);
INSERT INTO "worldcup2014_player" VALUES(125,'Roman Hubník',25);
INSERT INTO "worldcup2014_player" VALUES(126,'David Pavelka',25);
INSERT INTO "worldcup2014_player" VALUES(127,'Pavel Kadeřábek',25);
INSERT INTO "worldcup2014_player" VALUES(128,'Theodor Gebre Selassie',25);
INSERT INTO "worldcup2014_player" VALUES(129,'Tomáš Sivok',25);
INSERT INTO "worldcup2014_player" VALUES(130,'Michal Kadlec',25);
INSERT INTO "worldcup2014_player" VALUES(131,'Marek Suchý',25);
INSERT INTO "worldcup2014_player" VALUES(132,'David Limberský',25);
INSERT INTO "worldcup2014_player" VALUES(133,'Daniel Pudil',25);
INSERT INTO "worldcup2014_player" VALUES(134,'Jiří Skalák',25);
INSERT INTO "worldcup2014_player" VALUES(135,'Bořek Dočkal',25);
INSERT INTO "worldcup2014_player" VALUES(136,'Ladislav Krejčí',25);
INSERT INTO "worldcup2014_player" VALUES(137,'Vladimír Darida',25);
INSERT INTO "worldcup2014_player" VALUES(138,'Tomáš Rosický',25);
INSERT INTO "worldcup2014_player" VALUES(139,'Daniel Kolář',25);
INSERT INTO "worldcup2014_player" VALUES(140,'Jaroslav Plašil',25);
INSERT INTO "worldcup2014_player" VALUES(141,'Josef Šural',25);
INSERT INTO "worldcup2014_player" VALUES(142,'Tomas Necid',25);
INSERT INTO "worldcup2014_player" VALUES(143,'Milan Skoda',25);
INSERT INTO "worldcup2014_player" VALUES(144,'David Lafata',25);
INSERT INTO "worldcup2014_player" VALUES(145,'Fraser Forster',16);
INSERT INTO "worldcup2014_player" VALUES(146,'Joe Hart',16);
INSERT INTO "worldcup2014_player" VALUES(147,'Tom Heaton',16);
INSERT INTO "worldcup2014_player" VALUES(148,'Ryan Bertrand',16);
INSERT INTO "worldcup2014_player" VALUES(149,'Gary Cahill',16);
INSERT INTO "worldcup2014_player" VALUES(150,'Nathaniel Clyne',16);
INSERT INTO "worldcup2014_player" VALUES(151,'Danny Rose',16);
INSERT INTO "worldcup2014_player" VALUES(152,'Chris Smalling',16);
INSERT INTO "worldcup2014_player" VALUES(153,'John Stones',16);
INSERT INTO "worldcup2014_player" VALUES(154,'Kyle Walker',16);
INSERT INTO "worldcup2014_player" VALUES(155,'Dele Alli',16);
INSERT INTO "worldcup2014_player" VALUES(156,'Ross Barkley',16);
INSERT INTO "worldcup2014_player" VALUES(157,'Eric Dier',16);
INSERT INTO "worldcup2014_player" VALUES(158,'Jordan Henderson',16);
INSERT INTO "worldcup2014_player" VALUES(159,'Adam Lallana',16);
INSERT INTO "worldcup2014_player" VALUES(160,'James Milner',16);
INSERT INTO "worldcup2014_player" VALUES(161,'Jack Wilshere',16);
INSERT INTO "worldcup2014_player" VALUES(162,'Harry Kane',16);
INSERT INTO "worldcup2014_player" VALUES(163,'Wayne Rooney',16);
INSERT INTO "worldcup2014_player" VALUES(164,'Raheem Sterling',16);
INSERT INTO "worldcup2014_player" VALUES(165,'Daniel Sturridge',16);
INSERT INTO "worldcup2014_player" VALUES(166,'Jamie Vardy',16);
INSERT INTO "worldcup2014_player" VALUES(167,'Marcus Rashford',16);
INSERT INTO "worldcup2014_player" VALUES(168,'Hugo Lloris',1);
INSERT INTO "worldcup2014_player" VALUES(169,'Steve Mandanda',1);
INSERT INTO "worldcup2014_player" VALUES(170,'Benoît Costil',1);
INSERT INTO "worldcup2014_player" VALUES(171,'Bacary Sagna',1);
INSERT INTO "worldcup2014_player" VALUES(172,'Christophe Jallet',1);
INSERT INTO "worldcup2014_player" VALUES(173,'Laurent Koscielny',1);
INSERT INTO "worldcup2014_player" VALUES(174,'Eliaquim Mangala',1);
INSERT INTO "worldcup2014_player" VALUES(175,'Samuel Umtiti',1);
INSERT INTO "worldcup2014_player" VALUES(176,'Patrice Evra',1);
INSERT INTO "worldcup2014_player" VALUES(177,'Lucas Digne',1);
INSERT INTO "worldcup2014_player" VALUES(178,'Paul Pogba',1);
INSERT INTO "worldcup2014_player" VALUES(179,'Blaise Matuidi',1);
INSERT INTO "worldcup2014_player" VALUES(180,'N''Golo Kanté',1);
INSERT INTO "worldcup2014_player" VALUES(181,'Yohan Cabaye',1);
INSERT INTO "worldcup2014_player" VALUES(182,'Moussa Sissoko',1);
INSERT INTO "worldcup2014_player" VALUES(183,'Morgan Schneiderlin',1);
INSERT INTO "worldcup2014_player" VALUES(184,'Dimitri Payet',1);
INSERT INTO "worldcup2014_player" VALUES(185,'Kingsley Coman ',1);
INSERT INTO "worldcup2014_player" VALUES(186,'Antoine Griezmann',1);
INSERT INTO "worldcup2014_player" VALUES(187,'Anthony Martial',1);
INSERT INTO "worldcup2014_player" VALUES(188,'Olivier Giroud',1);
INSERT INTO "worldcup2014_player" VALUES(189,'André-Pierre Gignac',1);
INSERT INTO "worldcup2014_player" VALUES(190,'Adil Rami',1);
INSERT INTO "worldcup2014_player" VALUES(191,'Manuel Neuer',20);
INSERT INTO "worldcup2014_player" VALUES(192,'Marc-André ter Stegen',20);
INSERT INTO "worldcup2014_player" VALUES(193,'Bernd Leno',20);
INSERT INTO "worldcup2014_player" VALUES(194,'Jerome Boateng',20);
INSERT INTO "worldcup2014_player" VALUES(195,'Mats Hummels',20);
INSERT INTO "worldcup2014_player" VALUES(196,'Jonas Hector',20);
INSERT INTO "worldcup2014_player" VALUES(197,'Shkodran Mustafi',20);
INSERT INTO "worldcup2014_player" VALUES(198,'Antonio Rüdiger ',20);
INSERT INTO "worldcup2014_player" VALUES(199,'Joshua Kimmich',20);
INSERT INTO "worldcup2014_player" VALUES(200,'Benedikt Höwedes',20);
INSERT INTO "worldcup2014_player" VALUES(201,'Emre Can ',20);
INSERT INTO "worldcup2014_player" VALUES(202,'Bastian Schweinsteiger',20);
INSERT INTO "worldcup2014_player" VALUES(203,'Sami Khedira',20);
INSERT INTO "worldcup2014_player" VALUES(204,'Toni Kroos',20);
INSERT INTO "worldcup2014_player" VALUES(205,'Mesut Ozil',20);
INSERT INTO "worldcup2014_player" VALUES(206,'Julian Draxler ',20);
INSERT INTO "worldcup2014_player" VALUES(207,'Julian Weigl',20);
INSERT INTO "worldcup2014_player" VALUES(208,'Thomas Müller',20);
INSERT INTO "worldcup2014_player" VALUES(209,'Leroy Sané',20);
INSERT INTO "worldcup2014_player" VALUES(210,'Mario Götze',20);
INSERT INTO "worldcup2014_player" VALUES(211,'Lukas Podolski',20);
INSERT INTO "worldcup2014_player" VALUES(212,'André Schürrle',20);
INSERT INTO "worldcup2014_player" VALUES(213,'Mario Gomez',20);
INSERT INTO "worldcup2014_player" VALUES(214,'Gábor Király',35);
INSERT INTO "worldcup2014_player" VALUES(215,'Dénes Dibusz',35);
INSERT INTO "worldcup2014_player" VALUES(216,'Péter Gulácsi',35);
INSERT INTO "worldcup2014_player" VALUES(217,'Barnabás Bese',35);
INSERT INTO "worldcup2014_player" VALUES(218,'Attila Fiola',35);
INSERT INTO "worldcup2014_player" VALUES(219,'Richárd Guzmics',35);
INSERT INTO "worldcup2014_player" VALUES(220,'Tamás Kádár',35);
INSERT INTO "worldcup2014_player" VALUES(221,'Mihály Korhut',35);
INSERT INTO "worldcup2014_player" VALUES(222,'Roland Juhász',35);
INSERT INTO "worldcup2014_player" VALUES(223,'Ádám Lang',35);
INSERT INTO "worldcup2014_player" VALUES(224,'Balazs Dzsudzsak',35);
INSERT INTO "worldcup2014_player" VALUES(225,'Ákos Elek',35);
INSERT INTO "worldcup2014_player" VALUES(226,'Zoltan Gera',35);
INSERT INTO "worldcup2014_player" VALUES(227,'László Kleinheisler',35);
INSERT INTO "worldcup2014_player" VALUES(228,'Gergő Lovrencsics',35);
INSERT INTO "worldcup2014_player" VALUES(229,'Ádám Nagy',35);
INSERT INTO "worldcup2014_player" VALUES(230,'Ádám Pintér',35);
INSERT INTO "worldcup2014_player" VALUES(231,'Zoltan Stieber',35);
INSERT INTO "worldcup2014_player" VALUES(232,'Dániel Böde',35);
INSERT INTO "worldcup2014_player" VALUES(233,'Nemanja Nikolic',35);
INSERT INTO "worldcup2014_player" VALUES(234,'Krisztián Németh',35);
INSERT INTO "worldcup2014_player" VALUES(235,'Tamás Priskin',35);
INSERT INTO "worldcup2014_player" VALUES(236,'Adam Szalai',35);
INSERT INTO "worldcup2014_player" VALUES(237,'Hannes Thór Halldórsson',33);
INSERT INTO "worldcup2014_player" VALUES(238,'Ögmundur Kristinsson',33);
INSERT INTO "worldcup2014_player" VALUES(239,'Ingvar Jónsson',33);
INSERT INTO "worldcup2014_player" VALUES(240,'Birkir Mar Saevarsson',33);
INSERT INTO "worldcup2014_player" VALUES(241,'Haukur Heiðar Hauksson',33);
INSERT INTO "worldcup2014_player" VALUES(242,'Hjörtur Hermannsson',33);
INSERT INTO "worldcup2014_player" VALUES(243,'Sverrir Ingi Ingason',33);
INSERT INTO "worldcup2014_player" VALUES(244,'Ragnar Sigurdsson',33);
INSERT INTO "worldcup2014_player" VALUES(245,'Kári Árnason',33);
INSERT INTO "worldcup2014_player" VALUES(246,'Hördur Björgvin Magnússon',33);
INSERT INTO "worldcup2014_player" VALUES(247,'Ari Freyr Skúlason',33);
INSERT INTO "worldcup2014_player" VALUES(248,'Jóhann Berg Guðmundsson',33);
INSERT INTO "worldcup2014_player" VALUES(249,'Birkir Bjarnason',33);
INSERT INTO "worldcup2014_player" VALUES(250,'Gylfi Sigurdsson',33);
INSERT INTO "worldcup2014_player" VALUES(251,'Rúnar Már Sigurjónsson',33);
INSERT INTO "worldcup2014_player" VALUES(252,'Aron Gunnarsson',33);
INSERT INTO "worldcup2014_player" VALUES(253,'Theódór Elmar Bjarnason',33);
INSERT INTO "worldcup2014_player" VALUES(254,'Emil Hallfredsson',33);
INSERT INTO "worldcup2014_player" VALUES(255,'Arnor Ingvi Traustason',33);
INSERT INTO "worldcup2014_player" VALUES(256,'Kolbeinn Sigthorsson',33);
INSERT INTO "worldcup2014_player" VALUES(257,'Alfred Finnbogason',33);
INSERT INTO "worldcup2014_player" VALUES(258,'Jon Dadi Bodvarsson',33);
INSERT INTO "worldcup2014_player" VALUES(259,'Eidur Gudjohnsen',33);
INSERT INTO "worldcup2014_player" VALUES(260,'Aiden McGeady',30);
INSERT INTO "worldcup2014_player" VALUES(261,'Ciaran Clark',30);
INSERT INTO "worldcup2014_player" VALUES(262,'Cyrus Christie',30);
INSERT INTO "worldcup2014_player" VALUES(263,'Darren Randolph',30);
INSERT INTO "worldcup2014_player" VALUES(264,'Daryl Murphy',30);
INSERT INTO "worldcup2014_player" VALUES(265,'David Meyler',30);
INSERT INTO "worldcup2014_player" VALUES(266,'Glenn Whelan',30);
INSERT INTO "worldcup2014_player" VALUES(267,'James McCarthy',30);
INSERT INTO "worldcup2014_player" VALUES(268,'James McClean',30);
INSERT INTO "worldcup2014_player" VALUES(269,'Jeff Hendrick',30);
INSERT INTO "worldcup2014_player" VALUES(270,'John O''Shea',30);
INSERT INTO "worldcup2014_player" VALUES(271,'Jon Walters',30);
INSERT INTO "worldcup2014_player" VALUES(272,'Richard Keogh',30);
INSERT INTO "worldcup2014_player" VALUES(273,'Robbie Brady',30);
INSERT INTO "worldcup2014_player" VALUES(274,'Robbie Keane',30);
INSERT INTO "worldcup2014_player" VALUES(275,'Seamus Coleman',30);
INSERT INTO "worldcup2014_player" VALUES(276,'Shane Long',30);
INSERT INTO "worldcup2014_player" VALUES(277,'Shay Given',30);
INSERT INTO "worldcup2014_player" VALUES(278,'Stephen Quinn',30);
INSERT INTO "worldcup2014_player" VALUES(279,'Stephen Ward',30);
INSERT INTO "worldcup2014_player" VALUES(280,'Wes Hoolahan',30);
INSERT INTO "worldcup2014_player" VALUES(281,'Keiren Westwood',30);
INSERT INTO "worldcup2014_player" VALUES(282,'Shane Duffy',30);
INSERT INTO "worldcup2014_player" VALUES(283,'Gianluigi Buffon',29);
INSERT INTO "worldcup2014_player" VALUES(284,'Salvatore Sirigu',29);
INSERT INTO "worldcup2014_player" VALUES(285,'Federico Marchetti',29);
INSERT INTO "worldcup2014_player" VALUES(286,'Matteo Darmian',29);
INSERT INTO "worldcup2014_player" VALUES(287,'Mattia De Sciglio',29);
INSERT INTO "worldcup2014_player" VALUES(288,'Angelo Ogbonna',29);
INSERT INTO "worldcup2014_player" VALUES(289,'Andrea Barzagli',29);
INSERT INTO "worldcup2014_player" VALUES(290,'Giorgio Chiellini',29);
INSERT INTO "worldcup2014_player" VALUES(291,'Leonardo Bonucci',29);
INSERT INTO "worldcup2014_player" VALUES(292,'Thiago Motta',29);
INSERT INTO "worldcup2014_player" VALUES(293,'Marco Parolo',29);
INSERT INTO "worldcup2014_player" VALUES(294,'Daniele De Rossi',29);
INSERT INTO "worldcup2014_player" VALUES(295,'Stefano Sturaro',29);
INSERT INTO "worldcup2014_player" VALUES(296,'Emanuele Giaccherini',29);
INSERT INTO "worldcup2014_player" VALUES(297,'Federico Bernardeschi',29);
INSERT INTO "worldcup2014_player" VALUES(298,'Antonio Candreva',29);
INSERT INTO "worldcup2014_player" VALUES(299,'Alessandro Florenzi',29);
INSERT INTO "worldcup2014_player" VALUES(300,'Stephan El Shaarawy',29);
INSERT INTO "worldcup2014_player" VALUES(301,'Lorenzo Insigne',29);
INSERT INTO "worldcup2014_player" VALUES(302,'Ciro Immobile',29);
INSERT INTO "worldcup2014_player" VALUES(303,'Simone Zaza',29);
INSERT INTO "worldcup2014_player" VALUES(304,'Eder',29);
INSERT INTO "worldcup2014_player" VALUES(305,'Graziano Pelle',29);
INSERT INTO "worldcup2014_player" VALUES(306,'Michael McGovern',23);
INSERT INTO "worldcup2014_player" VALUES(307,'Roy Carroll',23);
INSERT INTO "worldcup2014_player" VALUES(308,'Alan Mannus',23);
INSERT INTO "worldcup2014_player" VALUES(309,'Gareth McAuley',23);
INSERT INTO "worldcup2014_player" VALUES(310,'Jonny Evans',23);
INSERT INTO "worldcup2014_player" VALUES(311,'Craig Cathcart',23);
INSERT INTO "worldcup2014_player" VALUES(312,'Conor McLaughlin',23);
INSERT INTO "worldcup2014_player" VALUES(313,'Luke McCullough',23);
INSERT INTO "worldcup2014_player" VALUES(314,'Shane Ferguson',23);
INSERT INTO "worldcup2014_player" VALUES(315,'Lee Hodson',23);
INSERT INTO "worldcup2014_player" VALUES(316,'Oliver Norwood',23);
INSERT INTO "worldcup2014_player" VALUES(317,'Aaron Hughes',23);
INSERT INTO "worldcup2014_player" VALUES(318,'Steven Davis',23);
INSERT INTO "worldcup2014_player" VALUES(319,'Chris Baird',23);
INSERT INTO "worldcup2014_player" VALUES(320,'Stuart Dallas',23);
INSERT INTO "worldcup2014_player" VALUES(321,'Paddy McNair',23);
INSERT INTO "worldcup2014_player" VALUES(322,'Niall McGinn',23);
INSERT INTO "worldcup2014_player" VALUES(323,'Corry Evans',23);
INSERT INTO "worldcup2014_player" VALUES(324,'Kyle Lafferty',23);
INSERT INTO "worldcup2014_player" VALUES(325,'Jamie Ward',23);
INSERT INTO "worldcup2014_player" VALUES(326,'Conor Washington',23);
INSERT INTO "worldcup2014_player" VALUES(327,'Josh Magennis',23);
INSERT INTO "worldcup2014_player" VALUES(328,'Will Grigg',23);
INSERT INTO "worldcup2014_player" VALUES(329,'Lukasz Fabianski',22);
INSERT INTO "worldcup2014_player" VALUES(330,'Wojciech Szczesny',22);
INSERT INTO "worldcup2014_player" VALUES(331,'Artur Boruc',22);
INSERT INTO "worldcup2014_player" VALUES(332,'Thiago Cionek',22);
INSERT INTO "worldcup2014_player" VALUES(333,'Lukasz Piszczek',22);
INSERT INTO "worldcup2014_player" VALUES(334,'Kamil Glik',22);
INSERT INTO "worldcup2014_player" VALUES(335,'Michal Pazdan',22);
INSERT INTO "worldcup2014_player" VALUES(336,'Bartosz Salamon',22);
INSERT INTO "worldcup2014_player" VALUES(337,'Jakub Wawrzyniak',22);
INSERT INTO "worldcup2014_player" VALUES(338,'Artur Jedrzejczyk',22);
INSERT INTO "worldcup2014_player" VALUES(339,'Krzysztof Maczynski',22);
INSERT INTO "worldcup2014_player" VALUES(340,'Piotr Zielinski',22);
INSERT INTO "worldcup2014_player" VALUES(341,'Grzegorz Krychowiak',22);
INSERT INTO "worldcup2014_player" VALUES(342,'Jakub Blaszczykowski',22);
INSERT INTO "worldcup2014_player" VALUES(343,'Bartosz Kapustka',22);
INSERT INTO "worldcup2014_player" VALUES(344,'Karol Linetty',22);
INSERT INTO "worldcup2014_player" VALUES(345,'Tomasz Jodlowiec',22);
INSERT INTO "worldcup2014_player" VALUES(346,'Filip Starzynski',22);
INSERT INTO "worldcup2014_player" VALUES(347,'Slawomir Peszko',22);
INSERT INTO "worldcup2014_player" VALUES(348,'Arkadiusz Milik',22);
INSERT INTO "worldcup2014_player" VALUES(349,'Robert Lewandowski',22);
INSERT INTO "worldcup2014_player" VALUES(350,'Kamil Grosicki',22);
INSERT INTO "worldcup2014_player" VALUES(351,'Mariusz Stepinski',22);
INSERT INTO "worldcup2014_player" VALUES(352,'Rui Patricio ',32);
INSERT INTO "worldcup2014_player" VALUES(353,'Anthony Lopes',32);
INSERT INTO "worldcup2014_player" VALUES(354,'Eduardo',32);
INSERT INTO "worldcup2014_player" VALUES(355,'Cédric Soares',32);
INSERT INTO "worldcup2014_player" VALUES(356,'José Fonte',32);
INSERT INTO "worldcup2014_player" VALUES(357,'Eliseu',32);
INSERT INTO "worldcup2014_player" VALUES(358,'Raphaël Guerreiro',32);
INSERT INTO "worldcup2014_player" VALUES(359,'Bruno Alves',32);
INSERT INTO "worldcup2014_player" VALUES(360,'Ricardo Carvalho',32);
INSERT INTO "worldcup2014_player" VALUES(361,'Pepe',32);
INSERT INTO "worldcup2014_player" VALUES(362,'Adrien Silva',32);
INSERT INTO "worldcup2014_player" VALUES(363,'William Carvalho',32);
INSERT INTO "worldcup2014_player" VALUES(364,'Vieirinha',32);
INSERT INTO "worldcup2014_player" VALUES(365,'Danilo Pereira',32);
INSERT INTO "worldcup2014_player" VALUES(366,'Renato Sanches',32);
INSERT INTO "worldcup2014_player" VALUES(367,'Rafa Silva',32);
INSERT INTO "worldcup2014_player" VALUES(368,'João Moutinho',32);
INSERT INTO "worldcup2014_player" VALUES(369,'João Mário',32);
INSERT INTO "worldcup2014_player" VALUES(370,'André Gomes',32);
INSERT INTO "worldcup2014_player" VALUES(371,'Nani',32);
INSERT INTO "worldcup2014_player" VALUES(372,'Ricardo Quaresma',32);
INSERT INTO "worldcup2014_player" VALUES(373,'Cristiano Ronaldo',32);
INSERT INTO "worldcup2014_player" VALUES(374,'Eder',32);
INSERT INTO "worldcup2014_player" VALUES(375,'Ciprian Tătărușanu',2);
INSERT INTO "worldcup2014_player" VALUES(376,'Costel Pantilimon',2);
INSERT INTO "worldcup2014_player" VALUES(377,'Silviu Lung',2);
INSERT INTO "worldcup2014_player" VALUES(378,'Cristian Săpunaru',2);
INSERT INTO "worldcup2014_player" VALUES(379,'Alexandru Mățel',2);
INSERT INTO "worldcup2014_player" VALUES(380,'Vlad Chiricheș',2);
INSERT INTO "worldcup2014_player" VALUES(381,'Dragoș Grigore',2);
INSERT INTO "worldcup2014_player" VALUES(382,'Valerică Găman',2);
INSERT INTO "worldcup2014_player" VALUES(383,'Cosmin Moți',2);
INSERT INTO "worldcup2014_player" VALUES(384,'Steliano Filip',2);
INSERT INTO "worldcup2014_player" VALUES(385,'Răzvan Raț',2);
INSERT INTO "worldcup2014_player" VALUES(386,'Mihai Pintilii',2);
INSERT INTO "worldcup2014_player" VALUES(387,'Ovidiu Hoban',2);
INSERT INTO "worldcup2014_player" VALUES(388,'Adrian Popa',2);
INSERT INTO "worldcup2014_player" VALUES(389,'Gabriel Torje',2);
INSERT INTO "worldcup2014_player" VALUES(390,'Lucian Sânmărtean',2);
INSERT INTO "worldcup2014_player" VALUES(391,'Nicolae Stanciu',2);
INSERT INTO "worldcup2014_player" VALUES(392,'Claudiu Keșeru',2);
INSERT INTO "worldcup2014_player" VALUES(393,'Florin Andone',2);
INSERT INTO "worldcup2014_player" VALUES(394,'Bogdan Stancu',2);
INSERT INTO "worldcup2014_player" VALUES(395,'Denis Alibec',2);
INSERT INTO "worldcup2014_player" VALUES(396,'Alexandru Chipciu',2);
INSERT INTO "worldcup2014_player" VALUES(397,'Andrei Prepeliţă',2);
INSERT INTO "worldcup2014_player" VALUES(398,'Igor Akinfeev',17);
INSERT INTO "worldcup2014_player" VALUES(399,'Guilherme',17);
INSERT INTO "worldcup2014_player" VALUES(400,'Yuri Lodygin',17);
INSERT INTO "worldcup2014_player" VALUES(401,'Igor Smolnikov',17);
INSERT INTO "worldcup2014_player" VALUES(402,'Sergei Ignashevich',17);
INSERT INTO "worldcup2014_player" VALUES(403,'Aleksei Berezutski',17);
INSERT INTO "worldcup2014_player" VALUES(404,'Roman Shishkin',17);
INSERT INTO "worldcup2014_player" VALUES(405,'Georgi Schennikov',17);
INSERT INTO "worldcup2014_player" VALUES(406,'Vasili Berezutski',17);
INSERT INTO "worldcup2014_player" VALUES(407,'Dmitri Kombarov',17);
INSERT INTO "worldcup2014_player" VALUES(408,'Dmitri Torbinsky',17);
INSERT INTO "worldcup2014_player" VALUES(409,'Roman Neustädter',17);
INSERT INTO "worldcup2014_player" VALUES(410,'Igor Denisov',17);
INSERT INTO "worldcup2014_player" VALUES(411,'Oleg Ivanov',17);
INSERT INTO "worldcup2014_player" VALUES(412,'Roman Shirokov',17);
INSERT INTO "worldcup2014_player" VALUES(413,'Pavel Mamaev',17);
INSERT INTO "worldcup2014_player" VALUES(414,'Alexander Samedov',17);
INSERT INTO "worldcup2014_player" VALUES(415,'Denis Glushakov',17);
INSERT INTO "worldcup2014_player" VALUES(416,'Oleg Shatov',17);
INSERT INTO "worldcup2014_player" VALUES(417,'Alexander Golovin',17);
INSERT INTO "worldcup2014_player" VALUES(418,'Aleksandr Kokorin',17);
INSERT INTO "worldcup2014_player" VALUES(419,'Artyom Dzyuba',17);
INSERT INTO "worldcup2014_player" VALUES(420,'Fyodor Smolov',17);
INSERT INTO "worldcup2014_player" VALUES(421,'Ján Mucha',19);
INSERT INTO "worldcup2014_player" VALUES(422,'Matúš Kozáčik',19);
INSERT INTO "worldcup2014_player" VALUES(423,'Ján Novota',19);
INSERT INTO "worldcup2014_player" VALUES(424,'Martin Škrtel',19);
INSERT INTO "worldcup2014_player" VALUES(425,'Ján Ďurica',19);
INSERT INTO "worldcup2014_player" VALUES(426,'Tomáš Hubočan',19);
INSERT INTO "worldcup2014_player" VALUES(427,'Kornel Saláta',19);
INSERT INTO "worldcup2014_player" VALUES(428,'Dušan Švento',19);
INSERT INTO "worldcup2014_player" VALUES(429,'Nórbert Gyömbér',19);
INSERT INTO "worldcup2014_player" VALUES(430,'Peter Pekarík',19);
INSERT INTO "worldcup2014_player" VALUES(431,'Marek Hamsik',19);
INSERT INTO "worldcup2014_player" VALUES(432,'Stanislav Šesták',19);
INSERT INTO "worldcup2014_player" VALUES(433,'Juraj Kucka',19);
INSERT INTO "worldcup2014_player" VALUES(434,'Viktor Pečovský',19);
INSERT INTO "worldcup2014_player" VALUES(435,'Miroslav Stoch',19);
INSERT INTO "worldcup2014_player" VALUES(436,'Vladimir Weiss',19);
INSERT INTO "worldcup2014_player" VALUES(437,'Róbert Mak',19);
INSERT INTO "worldcup2014_player" VALUES(438,'Ondrej Duda',19);
INSERT INTO "worldcup2014_player" VALUES(439,'Patrik Hrošovský',19);
INSERT INTO "worldcup2014_player" VALUES(440,'Ján Greguš',19);
INSERT INTO "worldcup2014_player" VALUES(441,'Adam Nemec',19);
INSERT INTO "worldcup2014_player" VALUES(442,'Michal Ďuriš',19);
INSERT INTO "worldcup2014_player" VALUES(443,'Milan Škriniar',19);
INSERT INTO "worldcup2014_player" VALUES(444,'Iker Casillas',24);
INSERT INTO "worldcup2014_player" VALUES(445,'David de Gea',24);
INSERT INTO "worldcup2014_player" VALUES(446,'Sergio Rico',24);
INSERT INTO "worldcup2014_player" VALUES(447,'Marc Bartra',24);
INSERT INTO "worldcup2014_player" VALUES(448,'Jordi Alba',24);
INSERT INTO "worldcup2014_player" VALUES(449,'César Azpilicueta',24);
INSERT INTO "worldcup2014_player" VALUES(450,'Juanfran',24);
INSERT INTO "worldcup2014_player" VALUES(451,'Gerard Pique',24);
INSERT INTO "worldcup2014_player" VALUES(452,'Sergio Ramos',24);
INSERT INTO "worldcup2014_player" VALUES(453,'Sergio Busquets',24);
INSERT INTO "worldcup2014_player" VALUES(454,'Cesc Fàbregas',24);
INSERT INTO "worldcup2014_player" VALUES(455,'Bruno Soriano',24);
INSERT INTO "worldcup2014_player" VALUES(456,'Andrés Iniesta',24);
INSERT INTO "worldcup2014_player" VALUES(457,'Mikel San José',24);
INSERT INTO "worldcup2014_player" VALUES(458,'Lucas Vázquez',24);
INSERT INTO "worldcup2014_player" VALUES(459,'Koke',24);
INSERT INTO "worldcup2014_player" VALUES(460,'David Silva',24);
INSERT INTO "worldcup2014_player" VALUES(461,'Thiago Alcântara',24);
INSERT INTO "worldcup2014_player" VALUES(462,'Pedro',24);
INSERT INTO "worldcup2014_player" VALUES(463,'Aritz Aduriz',24);
INSERT INTO "worldcup2014_player" VALUES(464,'Nolito',24);
INSERT INTO "worldcup2014_player" VALUES(465,'Alvaro Morata',24);
INSERT INTO "worldcup2014_player" VALUES(466,'Héctor Bellerín',24);
INSERT INTO "worldcup2014_player" VALUES(467,'Robin Olsen',31);
INSERT INTO "worldcup2014_player" VALUES(468,'Andreas Isaksson',31);
INSERT INTO "worldcup2014_player" VALUES(469,'Patrik Carlgren',31);
INSERT INTO "worldcup2014_player" VALUES(470,'Victor Nilsson Lindelöf',31);
INSERT INTO "worldcup2014_player" VALUES(471,'Mikael Lustig',31);
INSERT INTO "worldcup2014_player" VALUES(472,'Pontus Jansson',31);
INSERT INTO "worldcup2014_player" VALUES(473,'Erik Johansson',31);
INSERT INTO "worldcup2014_player" VALUES(474,'Andreas Granqvist',31);
INSERT INTO "worldcup2014_player" VALUES(475,'Ludwig Augustinsson',31);
INSERT INTO "worldcup2014_player" VALUES(476,'Martin Olsson',31);
INSERT INTO "worldcup2014_player" VALUES(477,'Albin Ekdal',31);
INSERT INTO "worldcup2014_player" VALUES(478,'Oscar Hiljemark',31);
INSERT INTO "worldcup2014_player" VALUES(479,'Erkan Zengin',31);
INSERT INTO "worldcup2014_player" VALUES(480,'Jimmy Durmaz',31);
INSERT INTO "worldcup2014_player" VALUES(481,'Emil Forsberg',31);
INSERT INTO "worldcup2014_player" VALUES(482,'Sebastian Larsson',31);
INSERT INTO "worldcup2014_player" VALUES(483,'Kim Källström',31);
INSERT INTO "worldcup2014_player" VALUES(484,'Pontus Wernbloom',31);
INSERT INTO "worldcup2014_player" VALUES(485,'Oscar Lewicki',31);
INSERT INTO "worldcup2014_player" VALUES(486,'Marcus Berg',31);
INSERT INTO "worldcup2014_player" VALUES(487,'John Guidetti',31);
INSERT INTO "worldcup2014_player" VALUES(488,'Emir Kujovic',31);
INSERT INTO "worldcup2014_player" VALUES(489,'Zlatan Ibrahimovic ',31);
INSERT INTO "worldcup2014_player" VALUES(490,'Roman Bürki',15);
INSERT INTO "worldcup2014_player" VALUES(491,'Yann Sommer',15);
INSERT INTO "worldcup2014_player" VALUES(492,'Marwin Hitz',15);
INSERT INTO "worldcup2014_player" VALUES(493,'Stephan Lichtsteiner',15);
INSERT INTO "worldcup2014_player" VALUES(494,'Michael Lang',15);
INSERT INTO "worldcup2014_player" VALUES(495,'Ricardo Rodríguez',15);
INSERT INTO "worldcup2014_player" VALUES(496,'Jacques François Moubandje',15);
INSERT INTO "worldcup2014_player" VALUES(497,'Johan Djourou',15);
INSERT INTO "worldcup2014_player" VALUES(498,'Fabian Schar',15);
INSERT INTO "worldcup2014_player" VALUES(499,'Steve von Bergen',15);
INSERT INTO "worldcup2014_player" VALUES(500,'Nico Elvedi',15);
INSERT INTO "worldcup2014_player" VALUES(501,'Valon Behrami',15);
INSERT INTO "worldcup2014_player" VALUES(502,'Granit Xhaka',15);
INSERT INTO "worldcup2014_player" VALUES(503,'Blerim Dzemaili',15);
INSERT INTO "worldcup2014_player" VALUES(504,'Gélson Fernandes',15);
INSERT INTO "worldcup2014_player" VALUES(505,'Fabian Frei',15);
INSERT INTO "worldcup2014_player" VALUES(506,'Denis Zakaria',15);
INSERT INTO "worldcup2014_player" VALUES(507,'Xherdan Shaqiri',15);
INSERT INTO "worldcup2014_player" VALUES(508,'Admir Mehmedi',15);
INSERT INTO "worldcup2014_player" VALUES(509,'Shani Tarashaj',15);
INSERT INTO "worldcup2014_player" VALUES(510,'Haris Seferović',15);
INSERT INTO "worldcup2014_player" VALUES(511,'Breel Embolo',15);
INSERT INTO "worldcup2014_player" VALUES(512,'Eren Derdiyok',15);
INSERT INTO "worldcup2014_player" VALUES(513,'Volkan Babacan',26);
INSERT INTO "worldcup2014_player" VALUES(514,'Onur Kivrak',26);
INSERT INTO "worldcup2014_player" VALUES(515,'Harun Tekin',26);
INSERT INTO "worldcup2014_player" VALUES(516,'Gökhan Gönül',26);
INSERT INTO "worldcup2014_player" VALUES(517,'Şener Özbayraklı',26);
INSERT INTO "worldcup2014_player" VALUES(518,'Hakan Kadir Balta',26);
INSERT INTO "worldcup2014_player" VALUES(519,'Ahmet Çalık',26);
INSERT INTO "worldcup2014_player" VALUES(520,'Mehmet Topal',26);
INSERT INTO "worldcup2014_player" VALUES(521,'Caner Erkin',26);
INSERT INTO "worldcup2014_player" VALUES(522,'İsmail Köybaşı',26);
INSERT INTO "worldcup2014_player" VALUES(523,'Semih Kaya',26);
INSERT INTO "worldcup2014_player" VALUES(524,'Ozan Tufan',26);
INSERT INTO "worldcup2014_player" VALUES(525,'Selçuk İnan',26);
INSERT INTO "worldcup2014_player" VALUES(526,'Oğuzhan Özyakup',26);
INSERT INTO "worldcup2014_player" VALUES(527,'Nuri Şahin',26);
INSERT INTO "worldcup2014_player" VALUES(528,'Hakan Çalhanoğlu',26);
INSERT INTO "worldcup2014_player" VALUES(529,'Arda Turan',26);
INSERT INTO "worldcup2014_player" VALUES(530,'Volkan Şen',26);
INSERT INTO "worldcup2014_player" VALUES(531,'Olcay Şahan',26);
INSERT INTO "worldcup2014_player" VALUES(532,'Emre Mor',26);
INSERT INTO "worldcup2014_player" VALUES(533,'Burak Yilmaz',26);
INSERT INTO "worldcup2014_player" VALUES(534,'Cenk Tosun',26);
INSERT INTO "worldcup2014_player" VALUES(535,'Yunus Mallı',26);
INSERT INTO "worldcup2014_player" VALUES(536,'Andriy Pyatov',21);
INSERT INTO "worldcup2014_player" VALUES(537,'Denys Boyko',21);
INSERT INTO "worldcup2014_player" VALUES(538,'Mykyta Shevchenko',21);
INSERT INTO "worldcup2014_player" VALUES(539,'Vyacheslav Shevchuk',21);
INSERT INTO "worldcup2014_player" VALUES(540,'Oleksandr Kucher',21);
INSERT INTO "worldcup2014_player" VALUES(541,'Yevhen Khacheridi',21);
INSERT INTO "worldcup2014_player" VALUES(542,'Yaroslav Rakitskyi',21);
INSERT INTO "worldcup2014_player" VALUES(543,'Artem Fedetskyi',21);
INSERT INTO "worldcup2014_player" VALUES(544,'Yevhen Konoplyanka',21);
INSERT INTO "worldcup2014_player" VALUES(545,'Anatoliy Tymoshchuk',21);
INSERT INTO "worldcup2014_player" VALUES(546,'Ruslan Rotan',21);
INSERT INTO "worldcup2014_player" VALUES(547,'Andriy Yarmolenko',21);
INSERT INTO "worldcup2014_player" VALUES(548,'Taras Stepanenko',21);
INSERT INTO "worldcup2014_player" VALUES(549,'Denys Harmash',21);
INSERT INTO "worldcup2014_player" VALUES(550,'Serhiy Sydorchuk',21);
INSERT INTO "worldcup2014_player" VALUES(551,'Viktor Kovalenko',21);
INSERT INTO "worldcup2014_player" VALUES(552,'Oleksandr Karavayev',21);
INSERT INTO "worldcup2014_player" VALUES(553,'Serhiy Rybalka',21);
INSERT INTO "worldcup2014_player" VALUES(554,'Oleksandr Zinchenko',21);
INSERT INTO "worldcup2014_player" VALUES(555,'Roman Zozulya',21);
INSERT INTO "worldcup2014_player" VALUES(556,'Pylyp Budkivskyi',21);
INSERT INTO "worldcup2014_player" VALUES(557,'Yevhen Seleznyov',21);
INSERT INTO "worldcup2014_player" VALUES(558,'Bohdan Butko',21);
INSERT INTO "worldcup2014_player" VALUES(559,'Wayne Hennessey',18);
INSERT INTO "worldcup2014_player" VALUES(560,'Danny Ward',18);
INSERT INTO "worldcup2014_player" VALUES(561,'Owain-Fon Williams',18);
INSERT INTO "worldcup2014_player" VALUES(562,'Ashley \',18);
INSERT INTO "worldcup2014_player" VALUES(563,'Ben Davies',18);
INSERT INTO "worldcup2014_player" VALUES(564,'Chris Gunter',18);
INSERT INTO "worldcup2014_player" VALUES(565,'James Collins',18);
INSERT INTO "worldcup2014_player" VALUES(566,'James Chester',18);
INSERT INTO "worldcup2014_player" VALUES(567,'Ashley Williams',18);
INSERT INTO "worldcup2014_player" VALUES(568,'Neil Taylor',18);
INSERT INTO "worldcup2014_player" VALUES(569,'Joe Allen',18);
INSERT INTO "worldcup2014_player" VALUES(570,'David Edwards',18);
INSERT INTO "worldcup2014_player" VALUES(571,'Joe Ledley',18);
INSERT INTO "worldcup2014_player" VALUES(572,'Aaron Ramsey',18);
INSERT INTO "worldcup2014_player" VALUES(573,'David Vaughan',18);
INSERT INTO "worldcup2014_player" VALUES(574,'Jonathan Williams',18);
INSERT INTO "worldcup2014_player" VALUES(575,'Andy King',18);
INSERT INTO "worldcup2014_player" VALUES(576,'Hal Robson-Kanu',18);
INSERT INTO "worldcup2014_player" VALUES(577,'David Cotterill',18);
INSERT INTO "worldcup2014_player" VALUES(578,'Simon Church',18);
INSERT INTO "worldcup2014_player" VALUES(579,'Gareth Bale',18);
INSERT INTO "worldcup2014_player" VALUES(580,'George Williams',18);
INSERT INTO "worldcup2014_player" VALUES(581,'Sam Vokes',18);
INSERT INTO "worldcup2014_player" VALUES(582,'-',36);
CREATE TABLE "worldcup2014_matchstriker" ("id" integer NOT NULL PRIMARY KEY AUTOINCREMENT, "match_id" integer NOT NULL REFERENCES "worldcup2014_match" ("id"), "striker_id" integer NOT NULL REFERENCES "worldcup2014_player" ("id"));
INSERT INTO "worldcup2014_matchstriker" VALUES(1,1,188);
INSERT INTO "worldcup2014_matchstriker" VALUES(2,1,394);
INSERT INTO "worldcup2014_matchstriker" VALUES(3,1,184);
INSERT INTO "worldcup2014_matchstriker" VALUES(4,2,498);
INSERT INTO "worldcup2014_matchstriker" VALUES(5,3,579);
INSERT INTO "worldcup2014_matchstriker" VALUES(6,3,438);
INSERT INTO "worldcup2014_matchstriker" VALUES(7,3,576);
INSERT INTO "worldcup2014_matchstriker" VALUES(8,4,157);
INSERT INTO "worldcup2014_matchstriker" VALUES(9,4,415);
INSERT INTO "worldcup2014_matchstriker" VALUES(10,7,109);
INSERT INTO "worldcup2014_matchstriker" VALUES(11,5,348);
INSERT INTO "worldcup2014_matchstriker" VALUES(12,6,197);
INSERT INTO "worldcup2014_matchstriker" VALUES(13,6,202);
INSERT INTO "worldcup2014_matchstriker" VALUES(14,8,451);
INSERT INTO "worldcup2014_matchstriker" VALUES(15,9,280);
INSERT INTO "worldcup2014_matchstriker" VALUES(16,9,261);
INSERT INTO "worldcup2014_matchstriker" VALUES(17,10,296);
INSERT INTO "worldcup2014_matchstriker" VALUES(18,10,305);
INSERT INTO "worldcup2014_matchstriker" VALUES(19,11,236);
INSERT INTO "worldcup2014_matchstriker" VALUES(20,11,231);
INSERT INTO "worldcup2014_matchstriker" VALUES(21,12,371);
INSERT INTO "worldcup2014_matchstriker" VALUES(22,12,249);
INSERT INTO "worldcup2014_matchstriker" VALUES(23,14,436);
INSERT INTO "worldcup2014_matchstriker" VALUES(24,14,431);
INSERT INTO "worldcup2014_matchstriker" VALUES(25,14,415);
INSERT INTO "worldcup2014_matchstriker" VALUES(26,15,394);
INSERT INTO "worldcup2014_matchstriker" VALUES(27,15,508);
INSERT INTO "worldcup2014_matchstriker" VALUES(28,16,186);
INSERT INTO "worldcup2014_matchstriker" VALUES(29,16,184);
INSERT INTO "worldcup2014_matchstriker" VALUES(30,17,579);
INSERT INTO "worldcup2014_matchstriker" VALUES(31,17,166);
INSERT INTO "worldcup2014_matchstriker" VALUES(32,17,165);
INSERT INTO "worldcup2014_matchstriker" VALUES(33,18,309);
INSERT INTO "worldcup2014_matchstriker" VALUES(34,18,322);
INSERT INTO "worldcup2014_matchstriker" VALUES(35,20,304);
INSERT INTO "worldcup2014_matchstriker" VALUES(36,21,117);
INSERT INTO "worldcup2014_matchstriker" VALUES(37,21,110);
INSERT INTO "worldcup2014_matchstriker" VALUES(38,21,143);
INSERT INTO "worldcup2014_matchstriker" VALUES(39,21,142);
INSERT INTO "worldcup2014_matchstriker" VALUES(40,22,465);
INSERT INTO "worldcup2014_matchstriker" VALUES(41,22,464);
INSERT INTO "worldcup2014_matchstriker" VALUES(42,23,95);
INSERT INTO "worldcup2014_matchstriker" VALUES(43,23,87);
INSERT INTO "worldcup2014_matchstriker" VALUES(44,25,244);
INSERT INTO "worldcup2014_matchstriker" VALUES(45,25,240);
INSERT INTO "worldcup2014_matchstriker" VALUES(46,27,52);
INSERT INTO "worldcup2014_matchstriker" VALUES(47,29,572);
INSERT INTO "worldcup2014_matchstriker" VALUES(48,29,568);
INSERT INTO "worldcup2014_matchstriker" VALUES(49,29,579);
INSERT INTO "worldcup2014_matchstriker" VALUES(50,31,342);
INSERT INTO "worldcup2014_matchstriker" VALUES(51,32,213);
INSERT INTO "worldcup2014_matchstriker" VALUES(52,33,524);
INSERT INTO "worldcup2014_matchstriker" VALUES(53,33,533);
INSERT INTO "worldcup2014_matchstriker" VALUES(54,34,465);
INSERT INTO "worldcup2014_matchstriker" VALUES(55,34,117);
INSERT INTO "worldcup2014_matchstriker" VALUES(56,34,119);
INSERT INTO "worldcup2014_matchstriker" VALUES(57,35,258);
INSERT INTO "worldcup2014_matchstriker" VALUES(58,35,72);
INSERT INTO "worldcup2014_matchstriker" VALUES(59,35,255);
INSERT INTO "worldcup2014_matchstriker" VALUES(60,36,226);
INSERT INTO "worldcup2014_matchstriker" VALUES(61,36,371);
INSERT INTO "worldcup2014_matchstriker" VALUES(62,36,224);
INSERT INTO "worldcup2014_matchstriker" VALUES(63,36,373);
INSERT INTO "worldcup2014_matchstriker" VALUES(64,37,273);
INSERT INTO "worldcup2014_matchstriker" VALUES(65,38,88);
INSERT INTO "worldcup2014_matchstriker" VALUES(66,39,342);
INSERT INTO "worldcup2014_matchstriker" VALUES(67,39,507);
INSERT INTO "worldcup2014_matchstriker" VALUES(68,40,309);
INSERT INTO "worldcup2014_matchstriker" VALUES(69,41,372);
INSERT INTO "worldcup2014_matchstriker" VALUES(70,42,273);
INSERT INTO "worldcup2014_matchstriker" VALUES(71,42,186);
INSERT INTO "worldcup2014_matchstriker" VALUES(72,43,194);
INSERT INTO "worldcup2014_matchstriker" VALUES(73,43,213);
INSERT INTO "worldcup2014_matchstriker" VALUES(74,43,206);
INSERT INTO "worldcup2014_matchstriker" VALUES(75,44,79);
INSERT INTO "worldcup2014_matchstriker" VALUES(76,44,97);
INSERT INTO "worldcup2014_matchstriker" VALUES(77,44,92);
INSERT INTO "worldcup2014_matchstriker" VALUES(78,44,93);
INSERT INTO "worldcup2014_matchstriker" VALUES(79,45,290);
INSERT INTO "worldcup2014_matchstriker" VALUES(80,45,305);
INSERT INTO "worldcup2014_matchstriker" VALUES(81,46,163);
INSERT INTO "worldcup2014_matchstriker" VALUES(82,46,244);
INSERT INTO "worldcup2014_matchstriker" VALUES(83,46,256);
INSERT INTO "worldcup2014_matchstriker" VALUES(84,47,349);
INSERT INTO "worldcup2014_matchstriker" VALUES(85,47,366);
INSERT INTO "worldcup2014_matchstriker" VALUES(86,48,88);
INSERT INTO "worldcup2014_matchstriker" VALUES(87,48,574);
INSERT INTO "worldcup2014_matchstriker" VALUES(88,48,576);
INSERT INTO "worldcup2014_matchstriker" VALUES(89,48,581);
INSERT INTO "worldcup2014_matchstriker" VALUES(90,49,205);
INSERT INTO "worldcup2014_matchstriker" VALUES(91,49,291);
INSERT INTO "worldcup2014_matchstriker" VALUES(92,50,188);
INSERT INTO "worldcup2014_matchstriker" VALUES(93,50,178);
INSERT INTO "worldcup2014_matchstriker" VALUES(94,50,184);
INSERT INTO "worldcup2014_matchstriker" VALUES(95,50,186);
INSERT INTO "worldcup2014_matchstriker" VALUES(96,50,256);
INSERT INTO "worldcup2014_matchstriker" VALUES(97,50,249);
INSERT INTO "worldcup2014_matchstriker" VALUES(98,51,373);
INSERT INTO "worldcup2014_matchstriker" VALUES(99,51,371);
INSERT INTO "worldcup2014_matchstriker" VALUES(100,52,186);
INSERT INTO "worldcup2014_matchstriker" VALUES(101,53,374);
CREATE TABLE "worldcup2014_match" ("id" integer NOT NULL PRIMARY KEY AUTOINCREMENT, "matchtime" datetime NOT NULL, "score" varchar(200) NOT NULL, "finish" bool NOT NULL, "stage" varchar(200) NOT NULL, "teamA_id" integer NOT NULL REFERENCES "worldcup2014_team" ("id"), "teamB_id" integer NOT NULL REFERENCES "worldcup2014_team" ("id"), "winner_id" integer NOT NULL REFERENCES "worldcup2014_team" ("id"));
INSERT INTO "worldcup2014_match" VALUES(1,'2016-06-10 21:00:00','2-1',1,'groups',1,2,1);
INSERT INTO "worldcup2014_match" VALUES(2,'2016-06-11 15:00:00','0-1',1,'groups',14,15,15);
INSERT INTO "worldcup2014_match" VALUES(3,'2016-06-11 18:00:00','2-1',1,'groups',18,19,18);
INSERT INTO "worldcup2014_match" VALUES(4,'2016-06-11 21:00:00','1-1',1,'groups',16,17,36);
INSERT INTO "worldcup2014_match" VALUES(5,'2016-06-12 18:00:00','1-0',1,'groups',22,23,22);
INSERT INTO "worldcup2014_match" VALUES(6,'2016-06-12 21:00:00','2-0',1,'groups',20,21,20);
INSERT INTO "worldcup2014_match" VALUES(7,'2016-06-12 15:00:00','0-1',1,'groups',26,27,27);
INSERT INTO "worldcup2014_match" VALUES(8,'2016-06-13 15:00:00','1-0',1,'groups',24,25,24);
INSERT INTO "worldcup2014_match" VALUES(9,'2016-06-13 18:00:00','1-1',1,'groups',30,31,36);
INSERT INTO "worldcup2014_match" VALUES(10,'2016-06-13 21:00:00','0-2',1,'groups',28,29,29);
INSERT INTO "worldcup2014_match" VALUES(11,'2016-06-14 18:00:00','0-2',1,'groups',34,35,35);
INSERT INTO "worldcup2014_match" VALUES(12,'2016-06-14 21:00:00','1-1',1,'groups',32,33,36);
INSERT INTO "worldcup2014_match" VALUES(14,'2016-06-15 15:00:00','1-2',1,'groups',17,19,19);
INSERT INTO "worldcup2014_match" VALUES(15,'2016-06-15 18:00:00','1-1',1,'groups',2,15,36);
INSERT INTO "worldcup2014_match" VALUES(16,'2016-06-15 21:00:00','2-0',1,'groups',1,14,1);
INSERT INTO "worldcup2014_match" VALUES(17,'2016-06-16 15:00:00','2-1',1,'groups',16,18,16);
INSERT INTO "worldcup2014_match" VALUES(18,'2016-06-16 18:00:00','0-2',1,'groups',21,23,23);
INSERT INTO "worldcup2014_match" VALUES(19,'2016-06-16 21:00:00','0-0',1,'groups',20,22,36);
INSERT INTO "worldcup2014_match" VALUES(20,'2016-06-17 15:00:00','1-0',1,'groups',29,31,29);
INSERT INTO "worldcup2014_match" VALUES(21,'2016-06-17 18:00:00','2-2',1,'groups',25,27,36);
INSERT INTO "worldcup2014_match" VALUES(22,'2016-06-17 21:00:00','3-0',1,'groups',24,26,24);
INSERT INTO "worldcup2014_match" VALUES(23,'2016-06-18 15:00:00','3-0',1,'groups',28,30,28);
INSERT INTO "worldcup2014_match" VALUES(25,'2016-06-18 18:00:00','1-1',1,'groups',33,35,36);
INSERT INTO "worldcup2014_match" VALUES(26,'2016-06-18 21:00:00','0-0',1,'groups',32,34,36);
INSERT INTO "worldcup2014_match" VALUES(27,'2016-06-19 21:00:00','0-1',1,'groups',2,14,14);
INSERT INTO "worldcup2014_match" VALUES(28,'2016-06-19 21:00:00','0-0',1,'groups',15,1,36);
INSERT INTO "worldcup2014_match" VALUES(29,'2016-06-20 21:00:00','0-3',1,'groups',17,18,18);
INSERT INTO "worldcup2014_match" VALUES(30,'2016-06-20 21:00:00','0-0',1,'groups',19,16,36);
INSERT INTO "worldcup2014_match" VALUES(31,'2016-06-21 18:00:00','0-1',1,'groups',21,22,22);
INSERT INTO "worldcup2014_match" VALUES(32,'2016-06-21 18:00:00','0-1',1,'groups',23,20,20);
INSERT INTO "worldcup2014_match" VALUES(33,'2016-06-21 21:00:00','0-2',1,'groups',25,26,26);
INSERT INTO "worldcup2014_match" VALUES(34,'2016-06-21 21:00:00','2-1',1,'groups',27,24,27);
INSERT INTO "worldcup2014_match" VALUES(35,'2016-06-22 18:00:00','2-1',1,'groups',33,34,33);
INSERT INTO "worldcup2014_match" VALUES(36,'2016-06-22 18:00:00','3-3',1,'groups',35,32,36);
INSERT INTO "worldcup2014_match" VALUES(37,'2016-06-22 21:00:00','0-1',1,'groups',29,30,30);
INSERT INTO "worldcup2014_match" VALUES(38,'2016-06-22 21:00:00','0-1',1,'groups',31,28,28);
INSERT INTO "worldcup2014_match" VALUES(39,'2016-06-25 15:00:00','1-1',1,'round-of-16',15,22,36);
INSERT INTO "worldcup2014_match" VALUES(40,'2016-06-25 18:00:00','1-0',1,'round-of-16',18,23,18);
INSERT INTO "worldcup2014_match" VALUES(41,'2016-06-25 21:00:00','0-1',1,'round-of-16',27,32,32);
INSERT INTO "worldcup2014_match" VALUES(42,'2016-06-26 15:00:00','2-1',1,'round-of-16',1,30,1);
INSERT INTO "worldcup2014_match" VALUES(43,'2016-06-26 18:00:00','3-0',1,'round-of-16',20,19,20);
INSERT INTO "worldcup2014_match" VALUES(44,'2016-06-26 21:00:00','0-4',1,'round-of-16',35,28,28);
INSERT INTO "worldcup2014_match" VALUES(45,'2016-06-27 18:00:00','2-0',1,'round-of-16',29,24,29);
INSERT INTO "worldcup2014_match" VALUES(46,'2016-06-27 21:00:00','1-2',1,'round-of-16',16,33,33);
INSERT INTO "worldcup2014_match" VALUES(47,'2016-06-30 21:00:00','1-1',1,'quarter-finals',22,32,36);
INSERT INTO "worldcup2014_match" VALUES(48,'2016-07-01 21:00:00','3-1',1,'quarter-finals',18,28,18);
INSERT INTO "worldcup2014_match" VALUES(49,'2016-07-02 21:00:00','1-1',1,'quarter-finals',20,29,36);
INSERT INTO "worldcup2014_match" VALUES(50,'2016-07-03 21:00:00','5-2',1,'quarter-finals',1,33,1);
INSERT INTO "worldcup2014_match" VALUES(51,'2016-07-06 21:00:00','2-0',1,'semi-finals',32,18,32);
INSERT INTO "worldcup2014_match" VALUES(52,'2016-07-07 21:00:00','0-2',1,'semi-finals',20,1,1);
INSERT INTO "worldcup2014_match" VALUES(53,'2016-07-10 21:00:00','1-0',1,'final',32,1,32);
CREATE TABLE "worldcup2014_extravote" ("id" integer NOT NULL PRIMARY KEY AUTOINCREMENT, "user" varchar(200) NOT NULL, "striker_id" integer NOT NULL REFERENCES "worldcup2014_player" ("id"), "winner_id" integer NOT NULL REFERENCES "worldcup2014_team" ("id"));
INSERT INTO "worldcup2014_extravote" VALUES(6,'alex',373,20);
INSERT INTO "worldcup2014_extravote" VALUES(8,'miguel',373,29);
INSERT INTO "worldcup2014_extravote" VALUES(9,'cesar',184,1);
INSERT INTO "worldcup2014_extravote" VALUES(11,'steffi',202,20);
INSERT INTO "worldcup2014_extravote" VALUES(12,'steph',465,1);
INSERT INTO "worldcup2014_extravote" VALUES(13,'ricardo',579,29);
INSERT INTO "worldcup2014_extravote" VALUES(14,'teresa',465,29);
INSERT INTO "worldcup2014_extravote" VALUES(15,'omar',184,20);
INSERT INTO "worldcup2014_extravote" VALUES(16,'rocha',208,20);
INSERT INTO "worldcup2014_extravote" VALUES(17,'pedro',465,1);
INSERT INTO "worldcup2014_extravote" VALUES(18,'anki',465,1);
INSERT INTO "worldcup2014_extravote" VALUES(19,'assia',579,1);
INSERT INTO "worldcup2014_extravote" VALUES(20,'mike',465,20);
INSERT INTO "worldcup2014_extravote" VALUES(21,'nuno',184,32);
INSERT INTO "worldcup2014_extravote" VALUES(22,'helena',582,36);
DELETE FROM sqlite_sequence;
INSERT INTO "sqlite_sequence" VALUES('django_migrations',13);
INSERT INTO "sqlite_sequence" VALUES('django_admin_log',381);
INSERT INTO "sqlite_sequence" VALUES('django_content_type',13);
INSERT INTO "sqlite_sequence" VALUES('auth_permission',39);
INSERT INTO "sqlite_sequence" VALUES('auth_user',16);
INSERT INTO "sqlite_sequence" VALUES('worldcup2014_player',582);
INSERT INTO "sqlite_sequence" VALUES('worldcup2014_matchstriker',101);
INSERT INTO "sqlite_sequence" VALUES('worldcup2014_match',53);
INSERT INTO "sqlite_sequence" VALUES('worldcup2014_extravote',22);
INSERT INTO "sqlite_sequence" VALUES('worldcup2014_team',36);
INSERT INTO "sqlite_sequence" VALUES('worldcup2014_comment',71);
INSERT INTO "sqlite_sequence" VALUES('worldcup2014_vote',687);
CREATE UNIQUE INDEX "auth_group_permissions_group_id_0cd325b0_uniq" ON "auth_group_permissions" ("group_id", "permission_id");
CREATE INDEX "auth_group_permissions_0e939a4f" ON "auth_group_permissions" ("group_id");
CREATE INDEX "auth_group_permissions_8373b171" ON "auth_group_permissions" ("permission_id");
CREATE UNIQUE INDEX "auth_user_groups_user_id_94350c0c_uniq" ON "auth_user_groups" ("user_id", "group_id");
CREATE INDEX "auth_user_groups_e8701ad4" ON "auth_user_groups" ("user_id");
CREATE INDEX "auth_user_groups_0e939a4f" ON "auth_user_groups" ("group_id");
CREATE UNIQUE INDEX "auth_user_user_permissions_user_id_14a6b632_uniq" ON "auth_user_user_permissions" ("user_id", "permission_id");
CREATE INDEX "auth_user_user_permissions_e8701ad4" ON "auth_user_user_permissions" ("user_id");
CREATE INDEX "auth_user_user_permissions_8373b171" ON "auth_user_user_permissions" ("permission_id");
CREATE INDEX "django_admin_log_417f1b1c" ON "django_admin_log" ("content_type_id");
CREATE INDEX "django_admin_log_e8701ad4" ON "django_admin_log" ("user_id");
CREATE UNIQUE INDEX "django_content_type_app_label_76bd3d3b_uniq" ON "django_content_type" ("app_label", "model");
CREATE UNIQUE INDEX "auth_permission_content_type_id_01ab375a_uniq" ON "auth_permission" ("content_type_id", "codename");
CREATE INDEX "auth_permission_417f1b1c" ON "auth_permission" ("content_type_id");
CREATE INDEX "django_session_de54fa62" ON "django_session" ("expire_date");
CREATE INDEX "worldcup2014_vote_ff9c4e4a" ON "worldcup2014_vote" ("match_id");
CREATE INDEX "worldcup2014_vote_0aca829e" ON "worldcup2014_vote" ("striker_id");
CREATE INDEX "worldcup2014_vote_c8ac5278" ON "worldcup2014_vote" ("winner_id");
CREATE INDEX "worldcup2014_player_f6a7ca40" ON "worldcup2014_player" ("team_id");
CREATE INDEX "worldcup2014_matchstriker_ff9c4e4a" ON "worldcup2014_matchstriker" ("match_id");
CREATE INDEX "worldcup2014_matchstriker_0aca829e" ON "worldcup2014_matchstriker" ("striker_id");
CREATE INDEX "worldcup2014_match_4a8280a7" ON "worldcup2014_match" ("teamA_id");
CREATE INDEX "worldcup2014_match_4a26187a" ON "worldcup2014_match" ("teamB_id");
CREATE INDEX "worldcup2014_match_c8ac5278" ON "worldcup2014_match" ("winner_id");
CREATE INDEX "worldcup2014_extravote_0aca829e" ON "worldcup2014_extravote" ("striker_id");
CREATE INDEX "worldcup2014_extravote_c8ac5278" ON "worldcup2014_extravote" ("winner_id");
COMMIT;
