PRAGMA foreign_keys=OFF;
BEGIN TRANSACTION;
CREATE TABLE "worldcup2014_comment" ("id" integer NOT NULL PRIMARY KEY AUTOINCREMENT, "user" varchar(200) NOT NULL, "comment" varchar(2000) NOT NULL);
INSERT INTO "worldcup2014_comment" VALUES(1,'rocha','Nao da'' para editar os Extra?');
INSERT INTO "worldcup2014_comment" VALUES(2,'pedro','Nops :( mas posso apagar e votas de novo... eh so dizer.');
INSERT INTO "worldcup2014_comment" VALUES(3,'miguel','Is this website GDPR-compliant?');
INSERT INTO "worldcup2014_comment" VALUES(4,'pedro','The GDPR email will be send soon ;)');
INSERT INTO "worldcup2014_comment" VALUES(5,'pedro','Hum... not the best start of the tournament for me, betting on a player not playing. Must improve my research. Cesar what are the best websites for predictions?');
INSERT INTO "worldcup2014_comment" VALUES(6,'assia','Well done, Pedro! I changed from Dzyuba and made a mistake!');
INSERT INTO "worldcup2014_comment" VALUES(7,'cesar','Definitely no revealing my sources 😃. Just have to say that bloomberg is not making predictions for this time😢');
INSERT INTO "worldcup2014_comment" VALUES(8,'pedro','And the first 5-points in a single match go to... Assia and Rocha. Well done!');
INSERT INTO "worldcup2014_comment" VALUES(9,'nuno','Oh no. I put the wrong 2-0. ');
INSERT INTO "worldcup2014_comment" VALUES(10,'pedro','@Nuno: yes, that ''s a classic in all bolao editions, to miss a good score because of the "wrong order"');
INSERT INTO "worldcup2014_comment" VALUES(11,'nuno','After all the magic came from the nr. 10....Luca Modric. Uau');
INSERT INTO "worldcup2014_comment" VALUES(12,'rocha','Mbappe');
INSERT INTO "worldcup2014_comment" VALUES(13,'teresa','I only saw now that Croatia won... well done :)');
INSERT INTO "worldcup2014_comment" VALUES(14,'pedro','This is perhaps the most competitive Bolao ever. The diference between the first 6 players is 3 points !');
INSERT INTO "worldcup2014_comment" VALUES(15,'pedro','#BRACRC how to get 4 points more at the 97 minute :D');
INSERT INTO "worldcup2014_comment" VALUES(16,'teresa','Disappointed with Brazil... only 2 :(');
INSERT INTO "worldcup2014_comment" VALUES(17,'nuno','It''s Hell&Gore in Sweden today.
Skål everyone. Cheers');
INSERT INTO "worldcup2014_comment" VALUES(18,'cesar','The points for ShakirI on switzerland Serbia are not there! A mistake pedro!
Hey oh! I want my points!

Ok spoke too fast ShakirI is there now 😁');
INSERT INTO "worldcup2014_comment" VALUES(19,'rocha','Es un sentimiento, No puedo parar!!!');
INSERT INTO "worldcup2014_comment" VALUES(20,'rocha','Second in group G gives a much better chance of getting to the final: https://e00-marca.uecdn.es/assets/multimedia/imagenes/2018/06/27/15301290602327.jpg
...
For next editions, should striker accept "None" and give 2 points if noone scores?');
INSERT INTO "worldcup2014_comment" VALUES(21,'pedro','Thanks Rocha for the link :-)');
INSERT INTO "worldcup2014_comment" VALUES(22,'teresa','Thanks Rocha for the link! It''s my comment not Pedro ops... :)');
INSERT INTO "worldcup2014_comment" VALUES(24,'pedro','Editing of extra votes is not allowed anymore. Few different opinions there, I''m curious to see the final result :)');
INSERT INTO "worldcup2014_comment" VALUES(25,'pedro','Rocha: a "no striker" option makes sense, can be added in the 2020 edition!');
INSERT INTO "worldcup2014_comment" VALUES(26,'rocha','We could also take the chance and use a microservice approach using a service mesh with blockchain validation. You know, because ML and AI...');
INSERT INTO "worldcup2014_comment" VALUES(27,'pedro','Sure, even if a AWS t2.micro running django 1.8 in development mode with debug on is doing a great job :)');
INSERT INTO "worldcup2014_comment" VALUES(29,'rocha','Hmmm... bolao''s classic score screw up hit the bolao manager.');
INSERT INTO "worldcup2014_comment" VALUES(30,'pedro','Ups, I really wanted Portugal to win :( score fixed!');
INSERT INTO "worldcup2014_comment" VALUES(31,'miguel','My first jackpot yeah with inside info from Anki’s father ! Wait, where are my points?');
INSERT INTO "worldcup2014_comment" VALUES(32,'pedro','Today’s games created a little earthquake in the classification... everyone is super close to each other. We have Bolao until the last game :) Well done Miguel and Cesar for the jackpot!');
INSERT INTO "worldcup2014_comment" VALUES(33,'pedro','With a few games left, the bluff starts to show up :) A 7-2 bet for France vs Uruguay doesn''t sound very likely to remain.');
INSERT INTO "worldcup2014_comment" VALUES(34,'teresa','I hope I''m wrong and that Sweden wins... Freja and Bjorn will be very sad if they are eliminated :(');
INSERT INTO "worldcup2014_comment" VALUES(35,'omar','Sweden was eliminated...I need a snaps');
INSERT INTO "worldcup2014_comment" VALUES(36,'rocha','Italy made it to the world cup and the final after all... sad, sad...');
INSERT INTO "worldcup2014_comment" VALUES(37,'teresa','Rocha 8? Let''s hope Croatia score 1 and that they manage to win! Sorry Steph but it''s France :-) 
Rocha you can still win the Bolao that actually I think you deserve but I will also be happy if it''s Steph :-) 
Forca Croacia!');
INSERT INTO "worldcup2014_comment" VALUES(38,'nuno','It seems almost sure that Harry Kane is going to be the top striker. Bravo.
Imy bet was on lukaku.. :(');
INSERT INTO "worldcup2014_comment" VALUES(39,'pedro','On the other hand you are the only one with Croatia. If they actually win you should get 50 points, not 5, for such prediction.');
INSERT INTO "worldcup2014_comment" VALUES(40,'nuno','You make the rules ;). I will accept those 50 points gladly. Go Hrvatska. ');
INSERT INTO "worldcup2014_comment" VALUES(41,'nuno','Mandzukic own goal. Do I get points for that? ');
INSERT INTO "worldcup2014_comment" VALUES(42,'nuno','Mandzukic own goal. Do I get points for that? ');
INSERT INTO "worldcup2014_comment" VALUES(43,'nuno','Uau what a finish for Steph. Congrats');
INSERT INTO "worldcup2014_comment" VALUES(44,'steph','Thanks! Winning the Bolao is almost as good as winning the World Cup! Can''t wait for the next Euro :)');
INSERT INTO "worldcup2014_comment" VALUES(45,'ricardo','What an ending with style! Eder style!!! :-) Congrats to Steph! As for myself, a glorious 4th place, or as they say in the Olympics, "the first of the last"! Cheers everyone!');
CREATE TABLE "worldcup2014_team" ("id" integer NOT NULL PRIMARY KEY AUTOINCREMENT, "name" varchar(200) NOT NULL UNIQUE, "group" varchar(200) NOT NULL);
INSERT INTO "worldcup2014_team" VALUES(1,'russia','Group A');
INSERT INTO "worldcup2014_team" VALUES(2,'saudi-arabia','Group A');
INSERT INTO "worldcup2014_team" VALUES(14,'egypt','Group A');
INSERT INTO "worldcup2014_team" VALUES(15,'uruguay','Group A');
INSERT INTO "worldcup2014_team" VALUES(16,'portugal','Group B');
INSERT INTO "worldcup2014_team" VALUES(17,'spain','Group B');
INSERT INTO "worldcup2014_team" VALUES(18,'morocco','Group B');
INSERT INTO "worldcup2014_team" VALUES(19,'iran','Group B');
INSERT INTO "worldcup2014_team" VALUES(20,'france','Group C');
INSERT INTO "worldcup2014_team" VALUES(21,'australia','Group C');
INSERT INTO "worldcup2014_team" VALUES(22,'peru','Group C');
INSERT INTO "worldcup2014_team" VALUES(23,'denmark','Group C');
INSERT INTO "worldcup2014_team" VALUES(24,'argentina','Group D');
INSERT INTO "worldcup2014_team" VALUES(25,'iceland','Group D');
INSERT INTO "worldcup2014_team" VALUES(26,'croatia','Group D');
INSERT INTO "worldcup2014_team" VALUES(27,'nigeria','Group D');
INSERT INTO "worldcup2014_team" VALUES(28,'brazil','Group E');
INSERT INTO "worldcup2014_team" VALUES(29,'switzerland','Group E');
INSERT INTO "worldcup2014_team" VALUES(30,'costa-rica','Group E');
INSERT INTO "worldcup2014_team" VALUES(31,'serbia','Group E');
INSERT INTO "worldcup2014_team" VALUES(32,'germany','Group F');
INSERT INTO "worldcup2014_team" VALUES(33,'mexico','Group F');
INSERT INTO "worldcup2014_team" VALUES(34,'sweden','Group F');
INSERT INTO "worldcup2014_team" VALUES(35,'korea','Group F');
INSERT INTO "worldcup2014_team" VALUES(36,'belgium','Group G');
INSERT INTO "worldcup2014_team" VALUES(37,'panama','Group G');
INSERT INTO "worldcup2014_team" VALUES(38,'tunisia','Group G');
INSERT INTO "worldcup2014_team" VALUES(39,'england','Group G');
INSERT INTO "worldcup2014_team" VALUES(40,'poland','Group H');
INSERT INTO "worldcup2014_team" VALUES(41,'senegal','Group H');
INSERT INTO "worldcup2014_team" VALUES(42,'colombia','Group H');
INSERT INTO "worldcup2014_team" VALUES(43,'japan','Group H');
INSERT INTO "worldcup2014_team" VALUES(44,'-','-');
CREATE TABLE "worldcup2014_vote" ("id" integer NOT NULL PRIMARY KEY AUTOINCREMENT, "user" varchar(200) NOT NULL, "score" varchar(200) NOT NULL, "match_id" integer NOT NULL REFERENCES "worldcup2014_match" ("id"), "striker_id" integer NOT NULL REFERENCES "worldcup2014_player" ("id"), "winner_id" integer NOT NULL REFERENCES "worldcup2014_team" ("id"));
INSERT INTO "worldcup2014_vote" VALUES(1,'pedro','1-1',3,18,16);
INSERT INTO "worldcup2014_vote" VALUES(3,'pedro','1-0',1,69,1);
INSERT INTO "worldcup2014_vote" VALUES(4,'rocha','0-1',3,181,17);
INSERT INTO "worldcup2014_vote" VALUES(5,'omar','3-0',1,57,1);
INSERT INTO "worldcup2014_vote" VALUES(6,'assia','1-0',1,57,1);
INSERT INTO "worldcup2014_vote" VALUES(7,'assia','1-2',2,148,15);
INSERT INTO "worldcup2014_vote" VALUES(8,'assia','1-1',3,8,44);
INSERT INTO "worldcup2014_vote" VALUES(9,'assia','2-1',4,226,18);
INSERT INTO "worldcup2014_vote" VALUES(10,'pedro','0-2',2,160,15);
INSERT INTO "worldcup2014_vote" VALUES(11,'pedro','1-1',4,192,44);
INSERT INTO "worldcup2014_vote" VALUES(12,'pedro','0-0',5,482,31);
INSERT INTO "worldcup2014_vote" VALUES(13,'pedro','2-0',6,507,32);
INSERT INTO "worldcup2014_vote" VALUES(14,'pedro','3-1',7,426,28);
INSERT INTO "worldcup2014_vote" VALUES(15,'nuno','2-1',1,66,1);
INSERT INTO "worldcup2014_vote" VALUES(16,'ricardo','1-0',1,64,1);
INSERT INTO "worldcup2014_vote" VALUES(17,'ricardo','1-3',2,160,15);
INSERT INTO "worldcup2014_vote" VALUES(18,'ricardo','1-1',4,204,44);
INSERT INTO "worldcup2014_vote" VALUES(19,'ricardo','0-0',3,8,44);
INSERT INTO "worldcup2014_vote" VALUES(20,'ricardo','2-2',5,482,44);
INSERT INTO "worldcup2014_vote" VALUES(21,'ricardo','2-0',6,497,32);
INSERT INTO "worldcup2014_vote" VALUES(22,'ricardo','3-0',7,434,28);
INSERT INTO "worldcup2014_vote" VALUES(23,'ricardo','0-2',8,730,35);
INSERT INTO "worldcup2014_vote" VALUES(24,'ricardo','2-0',9,563,36);
INSERT INTO "worldcup2014_vote" VALUES(25,'ricardo','0-3',10,631,39);
INSERT INTO "worldcup2014_vote" VALUES(26,'rocha','2-0',1,57,1);
INSERT INTO "worldcup2014_vote" VALUES(27,'steffi','3-1',1,70,1);
INSERT INTO "worldcup2014_vote" VALUES(28,'steffi','2-0',2,160,15);
INSERT INTO "worldcup2014_vote" VALUES(29,'steffi','1-0',4,225,19);
INSERT INTO "worldcup2014_vote" VALUES(30,'steffi','2-1',3,8,16);
INSERT INTO "worldcup2014_vote" VALUES(31,'steffi','2-0',6,497,32);
INSERT INTO "worldcup2014_vote" VALUES(32,'steffi','0-2',5,482,31);
INSERT INTO "worldcup2014_vote" VALUES(33,'steffi','3-0',7,425,28);
INSERT INTO "worldcup2014_vote" VALUES(34,'omar','1-2',2,148,15);
INSERT INTO "worldcup2014_vote" VALUES(35,'omar','2-0',4,192,18);
INSERT INTO "worldcup2014_vote" VALUES(36,'omar','1-0',3,8,16);
INSERT INTO "worldcup2014_vote" VALUES(37,'omar','1-2',5,482,31);
INSERT INTO "worldcup2014_vote" VALUES(38,'omar','2-1',6,497,32);
INSERT INTO "worldcup2014_vote" VALUES(39,'omar','3-1',7,425,28);
INSERT INTO "worldcup2014_vote" VALUES(40,'steph','2-0',1,64,1);
INSERT INTO "worldcup2014_vote" VALUES(41,'miguel','2-0',1,57,1);
INSERT INTO "worldcup2014_vote" VALUES(42,'teresa','1-0',1,57,1);
INSERT INTO "worldcup2014_vote" VALUES(43,'ricardo','2-0',45,238,20);
INSERT INTO "worldcup2014_vote" VALUES(44,'ricardo','3-0',46,334,24);
INSERT INTO "worldcup2014_vote" VALUES(45,'ricardo','1-1',47,295,44);
INSERT INTO "worldcup2014_vote" VALUES(46,'ricardo','2-2',48,386,44);
INSERT INTO "worldcup2014_vote" VALUES(47,'anki','3-1',1,57,1);
INSERT INTO "worldcup2014_vote" VALUES(48,'helena','1-0',1,57,1);
INSERT INTO "worldcup2014_vote" VALUES(49,'pedro','3-0',45,241,20);
INSERT INTO "worldcup2014_vote" VALUES(50,'cesar','1-0',1,57,1);
INSERT INTO "worldcup2014_vote" VALUES(51,'pedro','2-1',46,334,24);
INSERT INTO "worldcup2014_vote" VALUES(52,'pedro','1-1',47,286,44);
INSERT INTO "worldcup2014_vote" VALUES(53,'pedro','2-1',48,386,26);
INSERT INTO "worldcup2014_vote" VALUES(54,'pedro','1-1',8,539,44);
INSERT INTO "worldcup2014_vote" VALUES(55,'pedro','2-0',9,564,36);
INSERT INTO "worldcup2014_vote" VALUES(56,'pedro','0-2',10,632,39);
INSERT INTO "worldcup2014_vote" VALUES(57,'omar','3-1',45,238,20);
INSERT INTO "worldcup2014_vote" VALUES(58,'omar','3-1',46,333,24);
INSERT INTO "worldcup2014_vote" VALUES(59,'omar','2-1',47,297,22);
INSERT INTO "worldcup2014_vote" VALUES(60,'omar','1-0',48,386,26);
INSERT INTO "worldcup2014_vote" VALUES(61,'assia','3-0',45,241,20);
INSERT INTO "worldcup2014_vote" VALUES(62,'assia','1-0',46,333,24);
INSERT INTO "worldcup2014_vote" VALUES(63,'assia','1-1',47,310,44);
INSERT INTO "worldcup2014_vote" VALUES(64,'cesar','1-2',2,160,15);
INSERT INTO "worldcup2014_vote" VALUES(65,'cesar','1-0',4,192,18);
INSERT INTO "worldcup2014_vote" VALUES(66,'cesar','1-1',3,8,17);
INSERT INTO "worldcup2014_vote" VALUES(67,'nuno','2-1',3,8,16);
INSERT INTO "worldcup2014_vote" VALUES(68,'rocha','1-2',2,126,15);
INSERT INTO "worldcup2014_vote" VALUES(69,'rocha','0-0',4,194,18);
INSERT INTO "worldcup2014_vote" VALUES(70,'assia','2-0',48,386,26);
INSERT INTO "worldcup2014_vote" VALUES(71,'assia','0-1',5,470,31);
INSERT INTO "worldcup2014_vote" VALUES(72,'assia','2-0',7,425,28);
INSERT INTO "worldcup2014_vote" VALUES(73,'assia','2-0',6,493,32);
INSERT INTO "worldcup2014_vote" VALUES(74,'nuno','2-0',4,194,18);
INSERT INTO "worldcup2014_vote" VALUES(75,'nuno','0-3',2,148,15);
INSERT INTO "worldcup2014_vote" VALUES(76,'steph','1-2',2,160,15);
INSERT INTO "worldcup2014_vote" VALUES(77,'cesar','2-0',45,241,20);
INSERT INTO "worldcup2014_vote" VALUES(78,'anki','2-1',2,148,14);
INSERT INTO "worldcup2014_vote" VALUES(79,'teresa','1-2',2,148,15);
INSERT INTO "worldcup2014_vote" VALUES(80,'anki','1-1',4,209,18);
INSERT INTO "worldcup2014_vote" VALUES(81,'anki','1-1',3,8,44);
INSERT INTO "worldcup2014_vote" VALUES(82,'teresa','1-0',4,192,18);
INSERT INTO "worldcup2014_vote" VALUES(83,'teresa','1-0',3,8,16);
INSERT INTO "worldcup2014_vote" VALUES(84,'teresa','3-0',45,241,20);
INSERT INTO "worldcup2014_vote" VALUES(85,'teresa','3-0',46,334,24);
INSERT INTO "worldcup2014_vote" VALUES(86,'teresa','2-1',47,297,22);
INSERT INTO "worldcup2014_vote" VALUES(87,'teresa','1-0',48,386,26);
INSERT INTO "worldcup2014_vote" VALUES(88,'teresa','1-2',5,482,31);
INSERT INTO "worldcup2014_vote" VALUES(89,'teresa','2-1',6,497,32);
INSERT INTO "worldcup2014_vote" VALUES(90,'teresa','3-1',7,425,28);
INSERT INTO "worldcup2014_vote" VALUES(91,'steph','1-0',4,194,18);
INSERT INTO "worldcup2014_vote" VALUES(92,'helena','3-1',4,194,18);
INSERT INTO "worldcup2014_vote" VALUES(93,'helena','2-1',3,8,16);
INSERT INTO "worldcup2014_vote" VALUES(94,'steph','0-1',3,184,17);
INSERT INTO "worldcup2014_vote" VALUES(95,'miguel','2-1',3,8,16);
INSERT INTO "worldcup2014_vote" VALUES(96,'miguel','2-0',45,237,20);
INSERT INTO "worldcup2014_vote" VALUES(97,'miguel','2-0',46,333,24);
INSERT INTO "worldcup2014_vote" VALUES(98,'miguel','2-1',47,285,22);
INSERT INTO "worldcup2014_vote" VALUES(99,'miguel','3-0',48,386,26);
INSERT INTO "worldcup2014_vote" VALUES(100,'miguel','3-0',6,497,32);
INSERT INTO "worldcup2014_vote" VALUES(101,'miguel','0-2',5,470,31);
INSERT INTO "worldcup2014_vote" VALUES(102,'miguel','1-0',7,425,28);
INSERT INTO "worldcup2014_vote" VALUES(103,'omar','2-1',8,539,34);
INSERT INTO "worldcup2014_vote" VALUES(104,'omar','4-0',9,562,36);
INSERT INTO "worldcup2014_vote" VALUES(105,'omar','1-2',10,631,39);
INSERT INTO "worldcup2014_vote" VALUES(106,'omar','2-1',11,694,42);
INSERT INTO "worldcup2014_vote" VALUES(107,'omar','1-0',12,654,40);
INSERT INTO "worldcup2014_vote" VALUES(108,'omar','3-0',13,69,1);
INSERT INTO "worldcup2014_vote" VALUES(109,'steffi','4-0',45,238,20);
INSERT INTO "worldcup2014_vote" VALUES(110,'steffi','3-1',46,333,24);
INSERT INTO "worldcup2014_vote" VALUES(111,'steffi','1-1',47,297,44);
INSERT INTO "worldcup2014_vote" VALUES(112,'steffi','3-0',48,386,26);
INSERT INTO "worldcup2014_vote" VALUES(113,'rocha','2-0',45,238,20);
INSERT INTO "worldcup2014_vote" VALUES(114,'rocha','3-1',46,333,24);
INSERT INTO "worldcup2014_vote" VALUES(115,'rocha','0-0',47,286,23);
INSERT INTO "worldcup2014_vote" VALUES(116,'rocha','2-0',48,386,26);
INSERT INTO "worldcup2014_vote" VALUES(117,'cesar','2-1',46,333,24);
INSERT INTO "worldcup2014_vote" VALUES(118,'cesar','1-1',47,286,44);
INSERT INTO "worldcup2014_vote" VALUES(119,'cesar','2-1',48,373,26);
INSERT INTO "worldcup2014_vote" VALUES(120,'cesar','0-1',5,470,31);
INSERT INTO "worldcup2014_vote" VALUES(121,'cesar','2-1',6,493,32);
INSERT INTO "worldcup2014_vote" VALUES(122,'cesar','2-1',7,425,28);
INSERT INTO "worldcup2014_vote" VALUES(123,'steph','2-0',45,238,20);
INSERT INTO "worldcup2014_vote" VALUES(124,'steph','1-0',46,334,24);
INSERT INTO "worldcup2014_vote" VALUES(125,'steph','1-1',47,310,44);
INSERT INTO "worldcup2014_vote" VALUES(126,'steph','1-0',48,373,26);
INSERT INTO "worldcup2014_vote" VALUES(127,'nuno','2-0',45,238,20);
INSERT INTO "worldcup2014_vote" VALUES(128,'nuno','1-0',46,333,24);
INSERT INTO "worldcup2014_vote" VALUES(129,'nuno','1-1',47,310,23);
INSERT INTO "worldcup2014_vote" VALUES(130,'anki','2-1',46,333,24);
INSERT INTO "worldcup2014_vote" VALUES(131,'anki','0-1',47,310,23);
INSERT INTO "worldcup2014_vote" VALUES(132,'anki','2-1',48,407,26);
INSERT INTO "worldcup2014_vote" VALUES(133,'nuno','3-0',48,386,26);
INSERT INTO "worldcup2014_vote" VALUES(134,'steph','0-1',5,470,31);
INSERT INTO "worldcup2014_vote" VALUES(135,'steph','2-0',6,493,32);
INSERT INTO "worldcup2014_vote" VALUES(136,'steph','1-0',7,434,28);
INSERT INTO "worldcup2014_vote" VALUES(137,'rocha','0-1',5,470,31);
INSERT INTO "worldcup2014_vote" VALUES(138,'rocha','3-1',6,497,32);
INSERT INTO "worldcup2014_vote" VALUES(139,'rocha','2-0',7,425,28);
INSERT INTO "worldcup2014_vote" VALUES(140,'anki','0-1',5,470,31);
INSERT INTO "worldcup2014_vote" VALUES(141,'anki','3-1',6,493,32);
INSERT INTO "worldcup2014_vote" VALUES(142,'anki','2-1',7,425,44);
INSERT INTO "worldcup2014_vote" VALUES(143,'anki','1-0',8,539,34);
INSERT INTO "worldcup2014_vote" VALUES(144,'anki','2-0',9,562,36);
INSERT INTO "worldcup2014_vote" VALUES(145,'anki','0-2',10,631,39);
INSERT INTO "worldcup2014_vote" VALUES(146,'assia','3-0',9,562,36);
INSERT INTO "worldcup2014_vote" VALUES(147,'assia','0-1',10,631,39);
INSERT INTO "worldcup2014_vote" VALUES(148,'assia','1-0',8,539,34);
INSERT INTO "worldcup2014_vote" VALUES(149,'miguel','2-0',9,563,36);
INSERT INTO "worldcup2014_vote" VALUES(150,'miguel','1-1',10,631,44);
INSERT INTO "worldcup2014_vote" VALUES(151,'miguel','1-0',8,539,34);
INSERT INTO "worldcup2014_vote" VALUES(152,'nuno','0-0',5,482,31);
INSERT INTO "worldcup2014_vote" VALUES(153,'nuno','1-0',6,497,33);
INSERT INTO "worldcup2014_vote" VALUES(154,'nuno','2-0',7,425,28);
INSERT INTO "worldcup2014_vote" VALUES(155,'steph','2-1',8,539,34);
INSERT INTO "worldcup2014_vote" VALUES(156,'steph','2-0',9,562,36);
INSERT INTO "worldcup2014_vote" VALUES(157,'steph','0-1',10,631,39);
INSERT INTO "worldcup2014_vote" VALUES(158,'cesar','1-0',8,539,34);
INSERT INTO "worldcup2014_vote" VALUES(159,'cesar','2-0',9,563,36);
INSERT INTO "worldcup2014_vote" VALUES(160,'rocha','1-0',8,539,34);
INSERT INTO "worldcup2014_vote" VALUES(161,'cesar','0-1',10,631,39);
INSERT INTO "worldcup2014_vote" VALUES(162,'rocha','3-0',9,562,36);
INSERT INTO "worldcup2014_vote" VALUES(163,'rocha','0-3',10,631,39);
INSERT INTO "worldcup2014_vote" VALUES(164,'teresa','1-1',8,539,44);
INSERT INTO "worldcup2014_vote" VALUES(165,'teresa','3-1',9,569,36);
INSERT INTO "worldcup2014_vote" VALUES(166,'teresa','0-1',10,632,39);
INSERT INTO "worldcup2014_vote" VALUES(167,'assia','2-0',11,693,42);
INSERT INTO "worldcup2014_vote" VALUES(168,'nuno','1-0',8,540,34);
INSERT INTO "worldcup2014_vote" VALUES(169,'nuno','2-0',9,562,36);
INSERT INTO "worldcup2014_vote" VALUES(170,'nuno','0-3',10,631,39);
INSERT INTO "worldcup2014_vote" VALUES(171,'steffi','3-0',10,631,39);
INSERT INTO "worldcup2014_vote" VALUES(172,'anki','3-1',11,694,42);
INSERT INTO "worldcup2014_vote" VALUES(173,'anki','2-1',12,654,40);
INSERT INTO "worldcup2014_vote" VALUES(174,'anki','3-1',13,53,1);
INSERT INTO "worldcup2014_vote" VALUES(175,'miguel','2-0',11,694,42);
INSERT INTO "worldcup2014_vote" VALUES(176,'miguel','2-1',12,654,40);
INSERT INTO "worldcup2014_vote" VALUES(177,'miguel','1-0',13,57,1);
INSERT INTO "worldcup2014_vote" VALUES(178,'rocha','2-1',11,693,42);
INSERT INTO "worldcup2014_vote" VALUES(179,'rocha','2-1',12,654,40);
INSERT INTO "worldcup2014_vote" VALUES(180,'rocha','1-0',13,57,1);
INSERT INTO "worldcup2014_vote" VALUES(181,'pedro','2-0',11,693,42);
INSERT INTO "worldcup2014_vote" VALUES(182,'pedro','2-1',12,654,40);
INSERT INTO "worldcup2014_vote" VALUES(183,'pedro','2-1',13,69,1);
INSERT INTO "worldcup2014_vote" VALUES(184,'anki','2-0',14,8,16);
INSERT INTO "worldcup2014_vote" VALUES(185,'anki','4-0',15,148,15);
INSERT INTO "worldcup2014_vote" VALUES(186,'anki','1-2',16,184,17);
INSERT INTO "worldcup2014_vote" VALUES(187,'cesar','2-1',11,693,42);
INSERT INTO "worldcup2014_vote" VALUES(188,'cesar','1-1',12,678,40);
INSERT INTO "worldcup2014_vote" VALUES(189,'cesar','1-1',13,64,1);
INSERT INTO "worldcup2014_vote" VALUES(190,'assia','2-1',12,654,40);
INSERT INTO "worldcup2014_vote" VALUES(191,'ricardo','2-1',11,694,42);
INSERT INTO "worldcup2014_vote" VALUES(192,'ricardo','1-2',12,654,41);
INSERT INTO "worldcup2014_vote" VALUES(193,'ricardo','1-0',13,57,1);
INSERT INTO "worldcup2014_vote" VALUES(194,'steph','2-0',11,693,42);
INSERT INTO "worldcup2014_vote" VALUES(195,'steph','1-0',12,654,40);
INSERT INTO "worldcup2014_vote" VALUES(196,'steph','1-0',13,57,1);
INSERT INTO "worldcup2014_vote" VALUES(197,'nuno','1-0',11,694,42);
INSERT INTO "worldcup2014_vote" VALUES(198,'nuno','3-0',12,654,40);
INSERT INTO "worldcup2014_vote" VALUES(199,'teresa','2-1',11,694,42);
INSERT INTO "worldcup2014_vote" VALUES(200,'teresa','1-0',12,654,40);
INSERT INTO "worldcup2014_vote" VALUES(201,'teresa','2-1',13,57,1);
INSERT INTO "worldcup2014_vote" VALUES(202,'steffi','2-1',11,703,42);
INSERT INTO "worldcup2014_vote" VALUES(203,'steffi','2-0',12,654,40);
INSERT INTO "worldcup2014_vote" VALUES(204,'steffi','2-0',13,57,1);
INSERT INTO "worldcup2014_vote" VALUES(205,'assia','1-1',13,126,44);
INSERT INTO "worldcup2014_vote" VALUES(206,'ricardo','3-1',14,8,16);
INSERT INTO "worldcup2014_vote" VALUES(207,'ricardo','4-0',15,160,15);
INSERT INTO "worldcup2014_vote" VALUES(208,'ricardo','0-3',16,184,17);
INSERT INTO "worldcup2014_vote" VALUES(209,'ricardo','2-1',17,310,23);
INSERT INTO "worldcup2014_vote" VALUES(210,'ricardo','3-1',18,238,20);
INSERT INTO "worldcup2014_vote" VALUES(211,'ricardo','1-1',19,333,44);
INSERT INTO "worldcup2014_vote" VALUES(212,'ricardo','2-0',20,426,28);
INSERT INTO "worldcup2014_vote" VALUES(213,'ricardo','0-0',21,402,44);
INSERT INTO "worldcup2014_vote" VALUES(214,'ricardo','1-1',22,461,44);
INSERT INTO "worldcup2014_vote" VALUES(215,'ricardo','3-1',23,562,36);
INSERT INTO "worldcup2014_vote" VALUES(216,'ricardo','0-1',24,514,33);
INSERT INTO "worldcup2014_vote" VALUES(217,'ricardo','2-0',25,492,32);
INSERT INTO "worldcup2014_vote" VALUES(218,'ricardo','3-0',26,631,39);
INSERT INTO "worldcup2014_vote" VALUES(219,'ricardo','1-2',27,678,41);
INSERT INTO "worldcup2014_vote" VALUES(220,'ricardo','1-1',28,654,44);
INSERT INTO "worldcup2014_vote" VALUES(221,'assia','2-0',14,8,16);
INSERT INTO "worldcup2014_vote" VALUES(222,'assia','4-0',15,160,15);
INSERT INTO "worldcup2014_vote" VALUES(223,'nuno','2-0',13,69,1);
INSERT INTO "worldcup2014_vote" VALUES(224,'pedro','2-1',14,8,16);
INSERT INTO "worldcup2014_vote" VALUES(225,'pedro','2-0',15,160,15);
INSERT INTO "worldcup2014_vote" VALUES(226,'pedro','0-3',16,181,17);
INSERT INTO "worldcup2014_vote" VALUES(227,'miguel','2-0',14,8,16);
INSERT INTO "worldcup2014_vote" VALUES(228,'miguel','2-0',15,148,15);
INSERT INTO "worldcup2014_vote" VALUES(229,'miguel','0-2',16,184,17);
INSERT INTO "worldcup2014_vote" VALUES(230,'rocha','2-1',14,12,16);
INSERT INTO "worldcup2014_vote" VALUES(231,'rocha','3-0',15,148,15);
INSERT INTO "worldcup2014_vote" VALUES(232,'rocha','0-3',16,181,17);
INSERT INTO "worldcup2014_vote" VALUES(233,'omar','3-1',14,8,16);
INSERT INTO "worldcup2014_vote" VALUES(234,'omar','1-0',15,148,15);
INSERT INTO "worldcup2014_vote" VALUES(235,'omar','1-3',16,181,17);
INSERT INTO "worldcup2014_vote" VALUES(236,'steph','2-1',14,18,16);
INSERT INTO "worldcup2014_vote" VALUES(237,'steph','2-0',15,148,15);
INSERT INTO "worldcup2014_vote" VALUES(238,'steph','0-2',16,184,17);
INSERT INTO "worldcup2014_vote" VALUES(239,'teresa','2-0',14,8,16);
INSERT INTO "worldcup2014_vote" VALUES(240,'teresa','1-0',15,148,15);
INSERT INTO "worldcup2014_vote" VALUES(241,'teresa','0-3',16,181,17);
INSERT INTO "worldcup2014_vote" VALUES(242,'assia','0-2',16,181,17);
INSERT INTO "worldcup2014_vote" VALUES(243,'nuno','2-1',14,8,16);
INSERT INTO "worldcup2014_vote" VALUES(244,'assia','1-0',17,310,23);
INSERT INTO "worldcup2014_vote" VALUES(245,'cesar','2-0',14,8,16);
INSERT INTO "worldcup2014_vote" VALUES(246,'cesar','3-0',15,148,15);
INSERT INTO "worldcup2014_vote" VALUES(247,'cesar','0-2',16,181,17);
INSERT INTO "worldcup2014_vote" VALUES(248,'nuno','0-2',15,148,15);
INSERT INTO "worldcup2014_vote" VALUES(249,'nuno','0-2',16,181,17);
INSERT INTO "worldcup2014_vote" VALUES(250,'miguel','1-0',17,310,23);
INSERT INTO "worldcup2014_vote" VALUES(251,'miguel','1-0',18,237,20);
INSERT INTO "worldcup2014_vote" VALUES(252,'miguel','1-0',19,333,24);
INSERT INTO "worldcup2014_vote" VALUES(253,'anki','1-1',18,287,44);
INSERT INTO "worldcup2014_vote" VALUES(254,'anki','2-0',17,310,23);
INSERT INTO "worldcup2014_vote" VALUES(255,'anki','1-1',19,333,24);
INSERT INTO "worldcup2014_vote" VALUES(256,'omar','2-1',17,310,23);
INSERT INTO "worldcup2014_vote" VALUES(257,'omar','1-2',18,286,22);
INSERT INTO "worldcup2014_vote" VALUES(258,'omar','1-2',19,379,26);
INSERT INTO "worldcup2014_vote" VALUES(259,'omar','3-0',20,426,28);
INSERT INTO "worldcup2014_vote" VALUES(260,'omar','1-2',22,461,29);
INSERT INTO "worldcup2014_vote" VALUES(261,'omar','0-1',21,357,25);
INSERT INTO "worldcup2014_vote" VALUES(262,'omar','2-1',23,562,36);
INSERT INTO "worldcup2014_vote" VALUES(263,'omar','2-1',24,521,33);
INSERT INTO "worldcup2014_vote" VALUES(264,'omar','2-0',25,497,32);
INSERT INTO "worldcup2014_vote" VALUES(265,'omar','3-0',26,631,39);
INSERT INTO "worldcup2014_vote" VALUES(266,'omar','2-1',28,694,42);
INSERT INTO "worldcup2014_vote" VALUES(267,'omar','1-3',27,678,41);
INSERT INTO "worldcup2014_vote" VALUES(268,'omar','1-2',29,69,1);
INSERT INTO "worldcup2014_vote" VALUES(269,'omar','1-2',30,126,14);
INSERT INTO "worldcup2014_vote" VALUES(270,'omar','3-1',31,184,17);
INSERT INTO "worldcup2014_vote" VALUES(271,'omar','1-3',32,8,16);
INSERT INTO "worldcup2014_vote" VALUES(272,'assia','1-1',18,286,44);
INSERT INTO "worldcup2014_vote" VALUES(273,'cesar','1-1',17,310,23);
INSERT INTO "worldcup2014_vote" VALUES(274,'cesar','1-0',18,241,20);
INSERT INTO "worldcup2014_vote" VALUES(275,'cesar','1-0',19,333,44);
INSERT INTO "worldcup2014_vote" VALUES(276,'assia','2-1',19,333,24);
INSERT INTO "worldcup2014_vote" VALUES(277,'rocha','1-0',17,309,23);
INSERT INTO "worldcup2014_vote" VALUES(278,'teresa','1-0',17,310,23);
INSERT INTO "worldcup2014_vote" VALUES(279,'teresa','1-2',18,286,22);
INSERT INTO "worldcup2014_vote" VALUES(280,'teresa','1-2',19,379,26);
INSERT INTO "worldcup2014_vote" VALUES(281,'steph','0-1',17,265,21);
INSERT INTO "worldcup2014_vote" VALUES(282,'steph','2-0',18,240,20);
INSERT INTO "worldcup2014_vote" VALUES(283,'steph','1-1',19,379,44);
INSERT INTO "worldcup2014_vote" VALUES(284,'rocha','2-0',18,241,20);
INSERT INTO "worldcup2014_vote" VALUES(285,'rocha','2-1',19,333,24);
INSERT INTO "worldcup2014_vote" VALUES(286,'nuno','1-1',17,309,23);
INSERT INTO "worldcup2014_vote" VALUES(287,'omar','1-3',33,286,22);
INSERT INTO "worldcup2014_vote" VALUES(288,'omar','1-2',34,238,20);
INSERT INTO "worldcup2014_vote" VALUES(289,'nuno','1-0',18,238,20);
INSERT INTO "worldcup2014_vote" VALUES(290,'omar','1-2',35,333,24);
INSERT INTO "worldcup2014_vote" VALUES(291,'omar','0-2',36,386,26);
INSERT INTO "worldcup2014_vote" VALUES(292,'omar','0-3',37,492,32);
INSERT INTO "worldcup2014_vote" VALUES(293,'omar','1-0',38,521,33);
INSERT INTO "worldcup2014_vote" VALUES(294,'omar','1-3',39,424,28);
INSERT INTO "worldcup2014_vote" VALUES(295,'omar','3-1',40,447,29);
INSERT INTO "worldcup2014_vote" VALUES(296,'pedro','2-0',18,238,20);
INSERT INTO "worldcup2014_vote" VALUES(297,'pedro','2-1',19,333,24);
INSERT INTO "worldcup2014_vote" VALUES(298,'ricardo','1-1',29,160,44);
INSERT INTO "worldcup2014_vote" VALUES(299,'ricardo','0-2',30,126,14);
INSERT INTO "worldcup2014_vote" VALUES(300,'ricardo','2-0',31,184,17);
INSERT INTO "worldcup2014_vote" VALUES(301,'ricardo','0-2',32,8,16);
INSERT INTO "worldcup2014_vote" VALUES(302,'assia','2-0',20,426,28);
INSERT INTO "worldcup2014_vote" VALUES(303,'nuno','2-1',19,333,24);
INSERT INTO "worldcup2014_vote" VALUES(304,'miguel','1-0',20,426,28);
INSERT INTO "worldcup2014_vote" VALUES(305,'miguel','0-1',21,358,25);
INSERT INTO "worldcup2014_vote" VALUES(306,'miguel','0-1',22,461,29);
INSERT INTO "worldcup2014_vote" VALUES(307,'anki','3-0',20,426,28);
INSERT INTO "worldcup2014_vote" VALUES(308,'anki','0-1',21,356,25);
INSERT INTO "worldcup2014_vote" VALUES(309,'anki','1-2',22,448,29);
INSERT INTO "worldcup2014_vote" VALUES(310,'cesar','2-0',20,426,28);
INSERT INTO "worldcup2014_vote" VALUES(311,'cesar','0-1',21,356,25);
INSERT INTO "worldcup2014_vote" VALUES(312,'rocha','3-0',20,424,28);
INSERT INTO "worldcup2014_vote" VALUES(313,'rocha','1-1',21,357,44);
INSERT INTO "worldcup2014_vote" VALUES(314,'rocha','1-2',22,457,29);
INSERT INTO "worldcup2014_vote" VALUES(315,'assia','0-1',21,356,25);
INSERT INTO "worldcup2014_vote" VALUES(316,'nuno','2-0',20,425,28);
INSERT INTO "worldcup2014_vote" VALUES(317,'teresa','3-0',20,426,28);
INSERT INTO "worldcup2014_vote" VALUES(318,'teresa','0-1',21,357,25);
INSERT INTO "worldcup2014_vote" VALUES(319,'teresa','1-2',22,461,29);
INSERT INTO "worldcup2014_vote" VALUES(320,'pedro','2-0',20,425,28);
INSERT INTO "worldcup2014_vote" VALUES(321,'pedro','1-1',21,357,25);
INSERT INTO "worldcup2014_vote" VALUES(322,'pedro','0-1',22,447,29);
INSERT INTO "worldcup2014_vote" VALUES(323,'steph','2-0',20,424,28);
INSERT INTO "worldcup2014_vote" VALUES(324,'steph','0-1',21,356,25);
INSERT INTO "worldcup2014_vote" VALUES(325,'steph','0-1',22,461,29);
INSERT INTO "worldcup2014_vote" VALUES(326,'assia','1-1',22,470,44);
INSERT INTO "worldcup2014_vote" VALUES(327,'assia','2-0',23,562,36);
INSERT INTO "worldcup2014_vote" VALUES(328,'cesar','0-1',22,461,29);
INSERT INTO "worldcup2014_vote" VALUES(329,'nuno','0-1',21,356,25);
INSERT INTO "worldcup2014_vote" VALUES(330,'nuno','0-2',22,461,29);
INSERT INTO "worldcup2014_vote" VALUES(331,'miguel','1-0',23,563,36);
INSERT INTO "worldcup2014_vote" VALUES(332,'miguel','0-1',24,523,33);
INSERT INTO "worldcup2014_vote" VALUES(333,'miguel','1-0',25,497,32);
INSERT INTO "worldcup2014_vote" VALUES(334,'pedro','2-0',23,562,36);
INSERT INTO "worldcup2014_vote" VALUES(335,'pedro','0-2',24,521,33);
INSERT INTO "worldcup2014_vote" VALUES(336,'pedro','2-0',25,497,32);
INSERT INTO "worldcup2014_vote" VALUES(337,'assia','0-2',24,521,33);
INSERT INTO "worldcup2014_vote" VALUES(338,'assia','1-0',25,493,32);
INSERT INTO "worldcup2014_vote" VALUES(339,'miguel','2-0',26,631,39);
INSERT INTO "worldcup2014_vote" VALUES(340,'miguel','0-1',27,669,41);
INSERT INTO "worldcup2014_vote" VALUES(341,'miguel','1-1',28,693,44);
INSERT INTO "worldcup2014_vote" VALUES(342,'anki','2-0',23,562,36);
INSERT INTO "worldcup2014_vote" VALUES(343,'anki','0-3',24,529,33);
INSERT INTO "worldcup2014_vote" VALUES(344,'anki','1-1',25,539,44);
INSERT INTO "worldcup2014_vote" VALUES(345,'cesar','2-0',23,563,36);
INSERT INTO "worldcup2014_vote" VALUES(346,'cesar','0-2',24,529,33);
INSERT INTO "worldcup2014_vote" VALUES(347,'cesar','2-1',25,491,32);
INSERT INTO "worldcup2014_vote" VALUES(348,'nuno','2-0',23,562,36);
INSERT INTO "worldcup2014_vote" VALUES(349,'nuno','0-3',24,529,33);
INSERT INTO "worldcup2014_vote" VALUES(350,'steph','2-0',23,562,36);
INSERT INTO "worldcup2014_vote" VALUES(351,'steph','0-1',24,521,33);
INSERT INTO "worldcup2014_vote" VALUES(352,'steph','1-0',25,497,32);
INSERT INTO "worldcup2014_vote" VALUES(353,'nuno','2-0',25,497,32);
INSERT INTO "worldcup2014_vote" VALUES(354,'rocha','2-0',23,562,36);
INSERT INTO "worldcup2014_vote" VALUES(355,'teresa','3-1',23,562,36);
INSERT INTO "worldcup2014_vote" VALUES(356,'rocha','0-1',24,521,33);
INSERT INTO "worldcup2014_vote" VALUES(357,'teresa','1-2',24,521,33);
INSERT INTO "worldcup2014_vote" VALUES(358,'rocha','2-0',25,497,32);
INSERT INTO "worldcup2014_vote" VALUES(359,'teresa','1-0',25,497,32);
INSERT INTO "worldcup2014_vote" VALUES(360,'rocha','2-0',26,631,39);
INSERT INTO "worldcup2014_vote" VALUES(361,'rocha','0-1',27,678,41);
INSERT INTO "worldcup2014_vote" VALUES(362,'rocha','1-1',28,654,40);
INSERT INTO "worldcup2014_vote" VALUES(363,'omar','1-2',41,654,40);
INSERT INTO "worldcup2014_vote" VALUES(364,'omar','2-1',42,694,42);
INSERT INTO "worldcup2014_vote" VALUES(365,'omar','1-2',43,609,38);
INSERT INTO "worldcup2014_vote" VALUES(366,'omar','2-1',44,631,39);
INSERT INTO "worldcup2014_vote" VALUES(367,'assia','2-0',26,631,39);
INSERT INTO "worldcup2014_vote" VALUES(368,'assia','1-2',27,714,41);
INSERT INTO "worldcup2014_vote" VALUES(369,'assia','1-2',28,693,42);
INSERT INTO "worldcup2014_vote" VALUES(370,'anki','3-0',26,631,39);
INSERT INTO "worldcup2014_vote" VALUES(371,'anki','2-1',27,678,43);
INSERT INTO "worldcup2014_vote" VALUES(372,'pedro','2-0',26,631,39);
INSERT INTO "worldcup2014_vote" VALUES(373,'pedro','1-2',27,714,41);
INSERT INTO "worldcup2014_vote" VALUES(374,'pedro','1-2',28,693,42);
INSERT INTO "worldcup2014_vote" VALUES(375,'anki','0-2',28,693,42);
INSERT INTO "worldcup2014_vote" VALUES(376,'cesar','2-0',26,631,39);
INSERT INTO "worldcup2014_vote" VALUES(377,'teresa','3-0',26,631,39);
INSERT INTO "worldcup2014_vote" VALUES(378,'teresa','1-2',27,678,41);
INSERT INTO "worldcup2014_vote" VALUES(379,'teresa','1-2',28,694,42);
INSERT INTO "worldcup2014_vote" VALUES(380,'nuno','1-0',26,631,39);
INSERT INTO "worldcup2014_vote" VALUES(381,'steph','1-0',26,631,39);
INSERT INTO "worldcup2014_vote" VALUES(382,'steph','0-1',27,678,41);
INSERT INTO "worldcup2014_vote" VALUES(383,'steph','1-2',28,694,42);
INSERT INTO "worldcup2014_vote" VALUES(384,'cesar','0-1',27,39,41);
INSERT INTO "worldcup2014_vote" VALUES(385,'cesar','0-1',28,693,42);
INSERT INTO "worldcup2014_vote" VALUES(386,'nuno','0-2',27,678,41);
INSERT INTO "worldcup2014_vote" VALUES(387,'assia','1-1',29,148,44);
INSERT INTO "worldcup2014_vote" VALUES(388,'assia','0-2',30,126,14);
INSERT INTO "worldcup2014_vote" VALUES(389,'nuno','1-3',28,694,42);
INSERT INTO "worldcup2014_vote" VALUES(390,'assia','2-0',31,181,17);
INSERT INTO "worldcup2014_vote" VALUES(391,'anki','1-2',29,53,1);
INSERT INTO "worldcup2014_vote" VALUES(392,'anki','0-3',30,126,14);
INSERT INTO "worldcup2014_vote" VALUES(393,'assia','0-1',32,8,16);
INSERT INTO "worldcup2014_vote" VALUES(394,'pedro','1-1',29,148,44);
INSERT INTO "worldcup2014_vote" VALUES(395,'pedro','1-1',30,126,2);
INSERT INTO "worldcup2014_vote" VALUES(396,'pedro','2-1',31,181,17);
INSERT INTO "worldcup2014_vote" VALUES(397,'pedro','0-1',32,8,16);
INSERT INTO "worldcup2014_vote" VALUES(398,'anki','2-0',31,181,17);
INSERT INTO "worldcup2014_vote" VALUES(399,'anki','1-2',32,8,16);
INSERT INTO "worldcup2014_vote" VALUES(400,'rocha','1-2',29,148,44);
INSERT INTO "worldcup2014_vote" VALUES(401,'rocha','1-3',30,126,14);
INSERT INTO "worldcup2014_vote" VALUES(402,'rocha','3-0',31,181,17);
INSERT INTO "worldcup2014_vote" VALUES(403,'rocha','1-1',32,12,44);
INSERT INTO "worldcup2014_vote" VALUES(404,'cesar','1-2',29,53,1);
INSERT INTO "worldcup2014_vote" VALUES(405,'cesar','0-1',30,126,14);
INSERT INTO "worldcup2014_vote" VALUES(406,'cesar','0-2',32,8,16);
INSERT INTO "worldcup2014_vote" VALUES(407,'miguel','0-2',29,53,1);
INSERT INTO "worldcup2014_vote" VALUES(408,'cesar','2-1',31,181,17);
INSERT INTO "worldcup2014_vote" VALUES(409,'miguel','1-1',30,126,44);
INSERT INTO "worldcup2014_vote" VALUES(410,'miguel','2-0',31,181,17);
INSERT INTO "worldcup2014_vote" VALUES(411,'miguel','0-1',32,8,16);
INSERT INTO "worldcup2014_vote" VALUES(412,'steph','1-2',29,69,1);
INSERT INTO "worldcup2014_vote" VALUES(413,'steph','0-1',30,126,14);
INSERT INTO "worldcup2014_vote" VALUES(414,'steph','2-1',31,184,17);
INSERT INTO "worldcup2014_vote" VALUES(415,'steph','0-1',32,8,16);
INSERT INTO "worldcup2014_vote" VALUES(416,'nuno','1-0',29,69,1);
INSERT INTO "worldcup2014_vote" VALUES(417,'nuno','0-2',30,126,14);
INSERT INTO "worldcup2014_vote" VALUES(418,'nuno','2-0',31,181,17);
INSERT INTO "worldcup2014_vote" VALUES(419,'nuno','0-2',32,10,16);
INSERT INTO "worldcup2014_vote" VALUES(420,'teresa','2-0',31,181,17);
INSERT INTO "worldcup2014_vote" VALUES(421,'teresa','0-2',32,8,16);
INSERT INTO "worldcup2014_vote" VALUES(422,'anki','1-2',36,379,26);
INSERT INTO "worldcup2014_vote" VALUES(423,'anki','0-1',35,333,24);
INSERT INTO "worldcup2014_vote" VALUES(424,'anki','1-2',34,238,20);
INSERT INTO "worldcup2014_vote" VALUES(425,'rocha','0-2',33,286,22);
INSERT INTO "worldcup2014_vote" VALUES(426,'anki','1-1',33,286,44);
INSERT INTO "worldcup2014_vote" VALUES(427,'rocha','1-2',34,238,20);
INSERT INTO "worldcup2014_vote" VALUES(428,'rocha','1-3',35,333,24);
INSERT INTO "worldcup2014_vote" VALUES(429,'rocha','0-1',36,386,26);
INSERT INTO "worldcup2014_vote" VALUES(430,'teresa','2-1',33,269,21);
INSERT INTO "worldcup2014_vote" VALUES(431,'teresa','1-2',34,241,20);
INSERT INTO "worldcup2014_vote" VALUES(432,'teresa','1-2',35,334,24);
INSERT INTO "worldcup2014_vote" VALUES(433,'teresa','0-2',36,379,26);
INSERT INTO "worldcup2014_vote" VALUES(434,'teresa','0-3',37,492,32);
INSERT INTO "worldcup2014_vote" VALUES(435,'teresa','1-0',38,521,33);
INSERT INTO "worldcup2014_vote" VALUES(436,'teresa','0-3',39,426,28);
INSERT INTO "worldcup2014_vote" VALUES(437,'teresa','3-1',40,461,29);
INSERT INTO "worldcup2014_vote" VALUES(438,'cesar','1-2',33,269,22);
INSERT INTO "worldcup2014_vote" VALUES(439,'cesar','1-2',34,238,20);
INSERT INTO "worldcup2014_vote" VALUES(440,'cesar','1-2',36,357,26);
INSERT INTO "worldcup2014_vote" VALUES(441,'cesar','1-2',35,333,24);
INSERT INTO "worldcup2014_vote" VALUES(442,'miguel','0-0',33,263,44);
INSERT INTO "worldcup2014_vote" VALUES(443,'miguel','0-1',34,237,20);
INSERT INTO "worldcup2014_vote" VALUES(444,'miguel','0-1',35,333,24);
INSERT INTO "worldcup2014_vote" VALUES(445,'miguel','0-1',36,386,26);
INSERT INTO "worldcup2014_vote" VALUES(446,'assia','1-1',33,286,44);
INSERT INTO "worldcup2014_vote" VALUES(447,'assia','1-2',34,240,20);
INSERT INTO "worldcup2014_vote" VALUES(448,'steph','0-1',33,286,22);
INSERT INTO "worldcup2014_vote" VALUES(449,'steph','0-1',34,240,20);
INSERT INTO "worldcup2014_vote" VALUES(450,'assia','1-2',35,333,24);
INSERT INTO "worldcup2014_vote" VALUES(451,'assia','1-1',36,356,44);
INSERT INTO "worldcup2014_vote" VALUES(452,'nuno','0-1',33,286,21);
INSERT INTO "worldcup2014_vote" VALUES(453,'nuno','0-1',34,235,20);
INSERT INTO "worldcup2014_vote" VALUES(454,'pedro','0-2',35,333,24);
INSERT INTO "worldcup2014_vote" VALUES(455,'pedro','1-2',36,386,26);
INSERT INTO "worldcup2014_vote" VALUES(456,'pedro','0-3',37,492,32);
INSERT INTO "worldcup2014_vote" VALUES(457,'pedro','1-0',38,521,33);
INSERT INTO "worldcup2014_vote" VALUES(458,'steph','1-2',35,333,24);
INSERT INTO "worldcup2014_vote" VALUES(459,'steph','1-2',36,379,26);
INSERT INTO "worldcup2014_vote" VALUES(460,'nuno','1-1',35,333,24);
INSERT INTO "worldcup2014_vote" VALUES(461,'nuno','0-2',36,386,26);
INSERT INTO "worldcup2014_vote" VALUES(462,'ricardo','1-2',35,333,24);
INSERT INTO "worldcup2014_vote" VALUES(463,'ricardo','1-1',36,373,26);
INSERT INTO "worldcup2014_vote" VALUES(464,'ricardo','0-3',37,494,32);
INSERT INTO "worldcup2014_vote" VALUES(465,'ricardo','2-0',38,514,33);
INSERT INTO "worldcup2014_vote" VALUES(466,'ricardo','1-3',39,435,28);
INSERT INTO "worldcup2014_vote" VALUES(467,'ricardo','2-2',40,447,44);
INSERT INTO "worldcup2014_vote" VALUES(468,'ricardo','1-1',41,654,44);
INSERT INTO "worldcup2014_vote" VALUES(469,'ricardo','2-2',42,694,44);
INSERT INTO "worldcup2014_vote" VALUES(470,'ricardo','0-1',43,609,38);
INSERT INTO "worldcup2014_vote" VALUES(471,'ricardo','1-1',44,563,44);
INSERT INTO "worldcup2014_vote" VALUES(472,'ricardo','0-0',50,148,44);
INSERT INTO "worldcup2014_vote" VALUES(473,'ricardo','3-2',51,181,44);
INSERT INTO "worldcup2014_vote" VALUES(474,'miguel','2-0',51,181,17);
INSERT INTO "worldcup2014_vote" VALUES(475,'miguel','0-2',37,497,32);
INSERT INTO "worldcup2014_vote" VALUES(476,'miguel','1-1',38,516,44);
INSERT INTO "worldcup2014_vote" VALUES(477,'miguel','1-2',39,426,28);
INSERT INTO "worldcup2014_vote" VALUES(478,'miguel','1-0',40,461,29);
INSERT INTO "worldcup2014_vote" VALUES(479,'miguel','0-1',50,8,16);
INSERT INTO "worldcup2014_vote" VALUES(480,'miguel','1-0',41,33,43);
INSERT INTO "worldcup2014_vote" VALUES(481,'nuno','0-3',37,492,32);
INSERT INTO "worldcup2014_vote" VALUES(482,'nuno','1-1',38,521,44);
INSERT INTO "worldcup2014_vote" VALUES(483,'nuno','0-1',39,425,28);
INSERT INTO "worldcup2014_vote" VALUES(484,'nuno','2-0',40,461,29);
INSERT INTO "worldcup2014_vote" VALUES(485,'cesar','1-3',37,494,32);
INSERT INTO "worldcup2014_vote" VALUES(486,'cesar','1-0',38,529,33);
INSERT INTO "worldcup2014_vote" VALUES(487,'cesar','1-2',39,425,28);
INSERT INTO "worldcup2014_vote" VALUES(488,'cesar','2-1',40,461,29);
INSERT INTO "worldcup2014_vote" VALUES(489,'cesar','2-1',41,38,43);
INSERT INTO "worldcup2014_vote" VALUES(490,'anki','0-3',37,493,32);
INSERT INTO "worldcup2014_vote" VALUES(491,'anki','1-1',38,539,44);
INSERT INTO "worldcup2014_vote" VALUES(492,'anki','0-4',39,425,28);
INSERT INTO "worldcup2014_vote" VALUES(493,'anki','2-0',40,448,29);
INSERT INTO "worldcup2014_vote" VALUES(494,'assia','0-2',37,493,32);
INSERT INTO "worldcup2014_vote" VALUES(495,'assia','1-1',38,521,44);
INSERT INTO "worldcup2014_vote" VALUES(496,'rocha','0-3',37,497,32);
INSERT INTO "worldcup2014_vote" VALUES(497,'rocha','1-1',38,521,44);
INSERT INTO "worldcup2014_vote" VALUES(498,'assia','2-0',40,461,29);
INSERT INTO "worldcup2014_vote" VALUES(499,'rocha','0-2',39,425,28);
INSERT INTO "worldcup2014_vote" VALUES(500,'rocha','2-0',40,457,29);
INSERT INTO "worldcup2014_vote" VALUES(501,'assia','1-2',39,470,28);
INSERT INTO "worldcup2014_vote" VALUES(502,'ricardo','1-0',49,241,20);
INSERT INTO "worldcup2014_vote" VALUES(503,'ricardo','2-0',52,376,44);
INSERT INTO "worldcup2014_vote" VALUES(504,'steph','0-2',37,493,32);
INSERT INTO "worldcup2014_vote" VALUES(505,'steph','1-0',38,521,33);
INSERT INTO "worldcup2014_vote" VALUES(506,'assia','2-1',41,34,43);
INSERT INTO "worldcup2014_vote" VALUES(507,'steph','1-2',39,426,28);
INSERT INTO "worldcup2014_vote" VALUES(508,'assia','1-2',42,693,42);
INSERT INTO "worldcup2014_vote" VALUES(509,'steph','1-0',40,457,29);
INSERT INTO "worldcup2014_vote" VALUES(510,'pedro','0-2',39,424,28);
INSERT INTO "worldcup2014_vote" VALUES(511,'pedro','2-0',40,447,29);
INSERT INTO "worldcup2014_vote" VALUES(512,'anki','1-0',41,39,43);
INSERT INTO "worldcup2014_vote" VALUES(513,'anki','1-2',42,693,42);
INSERT INTO "worldcup2014_vote" VALUES(514,'pedro','2-1',41,654,43);
INSERT INTO "worldcup2014_vote" VALUES(515,'pedro','1-2',42,693,42);
INSERT INTO "worldcup2014_vote" VALUES(516,'pedro','0-1',43,609,38);
INSERT INTO "worldcup2014_vote" VALUES(517,'pedro','1-1',44,631,36);
INSERT INTO "worldcup2014_vote" VALUES(518,'anki','0-1',43,609,38);
INSERT INTO "worldcup2014_vote" VALUES(519,'anki','1-1',44,631,44);
INSERT INTO "worldcup2014_vote" VALUES(520,'rocha','1-0',41,39,43);
INSERT INTO "worldcup2014_vote" VALUES(521,'rocha','1-2',42,693,42);
INSERT INTO "worldcup2014_vote" VALUES(522,'rocha','0-1',43,609,38);
INSERT INTO "worldcup2014_vote" VALUES(523,'rocha','0-0',44,562,44);
INSERT INTO "worldcup2014_vote" VALUES(524,'assia','1-1',44,562,44);
INSERT INTO "worldcup2014_vote" VALUES(525,'assia','0-2',43,609,38);
INSERT INTO "worldcup2014_vote" VALUES(526,'steph','1-0',41,39,43);
INSERT INTO "worldcup2014_vote" VALUES(527,'steph','0-2',42,693,42);
INSERT INTO "worldcup2014_vote" VALUES(528,'ricardo','2-0',53,424,28);
INSERT INTO "worldcup2014_vote" VALUES(529,'ricardo','1-2',55,461,29);
INSERT INTO "worldcup2014_vote" VALUES(530,'nuno','1-1',41,39,44);
INSERT INTO "worldcup2014_vote" VALUES(531,'miguel','0-1',42,693,42);
INSERT INTO "worldcup2014_vote" VALUES(532,'nuno','1-1',42,693,42);
INSERT INTO "worldcup2014_vote" VALUES(533,'miguel','0-1',43,609,38);
INSERT INTO "worldcup2014_vote" VALUES(534,'miguel','0-1',44,563,36);
INSERT INTO "worldcup2014_vote" VALUES(535,'miguel','1-1',49,241,20);
INSERT INTO "worldcup2014_vote" VALUES(536,'nuno','0-1',43,609,38);
INSERT INTO "worldcup2014_vote" VALUES(537,'nuno','0-2',44,562,36);
INSERT INTO "worldcup2014_vote" VALUES(538,'cesar','0-2',43,609,38);
INSERT INTO "worldcup2014_vote" VALUES(539,'cesar','1-1',44,633,44);
INSERT INTO "worldcup2014_vote" VALUES(540,'teresa','0-1',43,609,38);
INSERT INTO "worldcup2014_vote" VALUES(541,'teresa','1-1',44,631,36);
INSERT INTO "worldcup2014_vote" VALUES(542,'steph','1-1',44,574,44);
INSERT INTO "worldcup2014_vote" VALUES(543,'steph','0-2',43,609,38);
INSERT INTO "worldcup2014_vote" VALUES(544,'anki','2-2',50,8,44);
INSERT INTO "worldcup2014_vote" VALUES(545,'anki','2-1',49,241,20);
INSERT INTO "worldcup2014_vote" VALUES(546,'teresa','1-0',49,241,20);
INSERT INTO "worldcup2014_vote" VALUES(547,'teresa','0-1',50,8,16);
INSERT INTO "worldcup2014_vote" VALUES(548,'pedro','2-1',49,238,20);
INSERT INTO "worldcup2014_vote" VALUES(549,'pedro','1-1',50,8,16);
INSERT INTO "worldcup2014_vote" VALUES(550,'pedro','2-0',51,181,17);
INSERT INTO "worldcup2014_vote" VALUES(551,'pedro','2-0',52,386,26);
INSERT INTO "worldcup2014_vote" VALUES(552,'pedro','2-0',53,426,28);
INSERT INTO "worldcup2014_vote" VALUES(553,'pedro','3-0',54,562,36);
INSERT INTO "worldcup2014_vote" VALUES(554,'pedro','1-1',55,461,44);
INSERT INTO "worldcup2014_vote" VALUES(555,'pedro','2-1',56,631,44);
INSERT INTO "worldcup2014_vote" VALUES(556,'cesar','2-1',49,333,20);
INSERT INTO "worldcup2014_vote" VALUES(557,'cesar','0-1',50,8,16);
INSERT INTO "worldcup2014_vote" VALUES(558,'cesar','2-0',51,184,17);
INSERT INTO "worldcup2014_vote" VALUES(559,'cesar','2-1',52,386,26);
INSERT INTO "worldcup2014_vote" VALUES(560,'assia','1-1',50,8,44);
INSERT INTO "worldcup2014_vote" VALUES(561,'assia','1-1',49,333,44);
INSERT INTO "worldcup2014_vote" VALUES(562,'ricardo','2-0',54,562,36);
INSERT INTO "worldcup2014_vote" VALUES(563,'ricardo','1-1',56,704,44);
INSERT INTO "worldcup2014_vote" VALUES(564,'steph','1-0',49,238,20);
INSERT INTO "worldcup2014_vote" VALUES(565,'steph','0-1',50,8,16);
INSERT INTO "worldcup2014_vote" VALUES(566,'rocha','2-0',50,148,15);
INSERT INTO "worldcup2014_vote" VALUES(567,'rocha','2-0',51,181,17);
INSERT INTO "worldcup2014_vote" VALUES(568,'rocha','2-1',52,386,26);
INSERT INTO "worldcup2014_vote" VALUES(569,'rocha','1-2',49,333,24);
INSERT INTO "worldcup2014_vote" VALUES(570,'omar','1-0',49,238,20);
INSERT INTO "worldcup2014_vote" VALUES(571,'omar','1-2',50,8,16);
INSERT INTO "worldcup2014_vote" VALUES(572,'omar','2-1',51,181,17);
INSERT INTO "worldcup2014_vote" VALUES(573,'omar','2-1',52,379,26);
INSERT INTO "worldcup2014_vote" VALUES(574,'omar','2-1',53,426,28);
INSERT INTO "worldcup2014_vote" VALUES(575,'omar','1-2',55,461,29);
INSERT INTO "worldcup2014_vote" VALUES(576,'omar','2-1',56,694,42);
INSERT INTO "worldcup2014_vote" VALUES(577,'omar','2-1',54,562,36);
INSERT INTO "worldcup2014_vote" VALUES(578,'nuno','1-0',49,238,20);
INSERT INTO "worldcup2014_vote" VALUES(579,'nuno','0-1',50,8,15);
INSERT INTO "worldcup2014_vote" VALUES(580,'assia','3-1',51,181,17);
INSERT INTO "worldcup2014_vote" VALUES(581,'steph','2-1',51,181,17);
INSERT INTO "worldcup2014_vote" VALUES(582,'steph','1-0',52,386,26);
INSERT INTO "worldcup2014_vote" VALUES(583,'assia','2-0',52,376,26);
INSERT INTO "worldcup2014_vote" VALUES(584,'nuno','2-0',51,181,17);
INSERT INTO "worldcup2014_vote" VALUES(585,'nuno','1-0',52,386,26);
INSERT INTO "worldcup2014_vote" VALUES(586,'anki','3-1',51,181,17);
INSERT INTO "worldcup2014_vote" VALUES(587,'anki','2-1',52,379,44);
INSERT INTO "worldcup2014_vote" VALUES(588,'teresa','2-1',51,181,17);
INSERT INTO "worldcup2014_vote" VALUES(589,'teresa','2-0',52,379,26);
INSERT INTO "worldcup2014_vote" VALUES(590,'miguel','2-1',52,386,26);
INSERT INTO "worldcup2014_vote" VALUES(591,'anki','1-0',53,426,28);
INSERT INTO "worldcup2014_vote" VALUES(592,'anki','3-1',54,562,36);
INSERT INTO "worldcup2014_vote" VALUES(593,'rocha','2-1',53,425,28);
INSERT INTO "worldcup2014_vote" VALUES(594,'rocha','2-0',54,562,36);
INSERT INTO "worldcup2014_vote" VALUES(595,'rocha','1-1',55,539,29);
INSERT INTO "worldcup2014_vote" VALUES(596,'rocha','0-1',56,631,39);
INSERT INTO "worldcup2014_vote" VALUES(597,'rocha','1-2',57,238,20);
INSERT INTO "worldcup2014_vote" VALUES(598,'cesar','2-1',53,425,28);
INSERT INTO "worldcup2014_vote" VALUES(599,'cesar','3-1',54,563,36);
INSERT INTO "worldcup2014_vote" VALUES(600,'cesar','1-1',55,461,44);
INSERT INTO "worldcup2014_vote" VALUES(601,'cesar','1-1',56,631,44);
INSERT INTO "worldcup2014_vote" VALUES(602,'assia','2-0',53,425,28);
INSERT INTO "worldcup2014_vote" VALUES(603,'teresa','2-1',53,426,28);
INSERT INTO "worldcup2014_vote" VALUES(604,'miguel','1-1',53,426,44);
INSERT INTO "worldcup2014_vote" VALUES(605,'miguel','2-0',54,563,36);
INSERT INTO "worldcup2014_vote" VALUES(606,'miguel','1-0',56,693,42);
INSERT INTO "worldcup2014_vote" VALUES(607,'assia','3-0',54,562,36);
INSERT INTO "worldcup2014_vote" VALUES(608,'steph','2-1',53,425,28);
INSERT INTO "worldcup2014_vote" VALUES(609,'steph','2-0',54,562,36);
INSERT INTO "worldcup2014_vote" VALUES(610,'nuno','3-0',53,427,28);
INSERT INTO "worldcup2014_vote" VALUES(611,'nuno','1-0',54,562,36);
INSERT INTO "worldcup2014_vote" VALUES(612,'ricardo','1-2',57,240,20);
INSERT INTO "worldcup2014_vote" VALUES(613,'teresa','3-0',54,562,36);
INSERT INTO "worldcup2014_vote" VALUES(614,'assia','1-2',56,631,39);
INSERT INTO "worldcup2014_vote" VALUES(615,'teresa','2-0',55,539,34);
INSERT INTO "worldcup2014_vote" VALUES(616,'assia','1-1',55,539,44);
INSERT INTO "worldcup2014_vote" VALUES(617,'teresa','2-1',56,694,42);
INSERT INTO "worldcup2014_vote" VALUES(618,'anki','2-1',55,540,34);
INSERT INTO "worldcup2014_vote" VALUES(619,'anki','2-0',56,631,39);
INSERT INTO "worldcup2014_vote" VALUES(620,'miguel','1-0',55,540,34);
INSERT INTO "worldcup2014_vote" VALUES(621,'steph','0-1',55,461,29);
INSERT INTO "worldcup2014_vote" VALUES(622,'steph','1-2',56,631,39);
INSERT INTO "worldcup2014_vote" VALUES(623,'nuno','2-1',55,539,34);
INSERT INTO "worldcup2014_vote" VALUES(624,'nuno','1-1',56,631,39);
INSERT INTO "worldcup2014_vote" VALUES(625,'ricardo','1-2',60,375,26);
INSERT INTO "worldcup2014_vote" VALUES(626,'ricardo','2-0',58,426,28);
INSERT INTO "worldcup2014_vote" VALUES(627,'cesar','1-2',57,241,20);
INSERT INTO "worldcup2014_vote" VALUES(628,'cesar','2-1',58,562,28);
INSERT INTO "worldcup2014_vote" VALUES(629,'omar','2-1',57,148,15);
INSERT INTO "worldcup2014_vote" VALUES(630,'ricardo','1-3',59,641,39);
INSERT INTO "worldcup2014_vote" VALUES(631,'omar','2-1',58,425,28);
INSERT INTO "worldcup2014_vote" VALUES(632,'omar','1-2',59,631,39);
INSERT INTO "worldcup2014_vote" VALUES(633,'omar','1-2',60,379,26);
INSERT INTO "worldcup2014_vote" VALUES(634,'pedro','1-2',57,241,20);
INSERT INTO "worldcup2014_vote" VALUES(635,'pedro','2-1',58,562,28);
INSERT INTO "worldcup2014_vote" VALUES(636,'anki','1-1',57,160,44);
INSERT INTO "worldcup2014_vote" VALUES(637,'anki','2-2',58,562,36);
INSERT INTO "worldcup2014_vote" VALUES(638,'anki','2-1',59,631,34);
INSERT INTO "worldcup2014_vote" VALUES(639,'anki','2-0',60,69,1);
INSERT INTO "worldcup2014_vote" VALUES(640,'rocha','1-2',58,562,36);
INSERT INTO "worldcup2014_vote" VALUES(641,'rocha','0-2',59,631,39);
INSERT INTO "worldcup2014_vote" VALUES(642,'rocha','0-0',60,69,44);
INSERT INTO "worldcup2014_vote" VALUES(643,'steph','1-2',57,238,20);
INSERT INTO "worldcup2014_vote" VALUES(644,'teresa','1-2',57,241,20);
INSERT INTO "worldcup2014_vote" VALUES(645,'teresa','1-2',58,562,36);
INSERT INTO "worldcup2014_vote" VALUES(646,'teresa','1-2',59,631,39);
INSERT INTO "worldcup2014_vote" VALUES(647,'teresa','1-1',60,379,26);
INSERT INTO "worldcup2014_vote" VALUES(648,'nuno','2-0',57,148,15);
INSERT INTO "worldcup2014_vote" VALUES(649,'assia','1-2',58,562,36);
INSERT INTO "worldcup2014_vote" VALUES(650,'assia','1-1',57,148,44);
INSERT INTO "worldcup2014_vote" VALUES(651,'nuno','0-2',58,562,36);
INSERT INTO "worldcup2014_vote" VALUES(652,'miguel','1-0',57,148,15);
INSERT INTO "worldcup2014_vote" VALUES(653,'miguel','0-1',58,563,36);
INSERT INTO "worldcup2014_vote" VALUES(654,'miguel','1-0',59,540,34);
INSERT INTO "worldcup2014_vote" VALUES(655,'miguel','0-1',60,386,26);
INSERT INTO "worldcup2014_vote" VALUES(656,'steph','2-1',58,426,28);
INSERT INTO "worldcup2014_vote" VALUES(657,'nuno','1-2',59,631,39);
INSERT INTO "worldcup2014_vote" VALUES(658,'assia','1-2',59,631,39);
INSERT INTO "worldcup2014_vote" VALUES(659,'cesar','0-1',59,631,39);
INSERT INTO "worldcup2014_vote" VALUES(660,'cesar','1-2',60,386,26);
INSERT INTO "worldcup2014_vote" VALUES(661,'steph','0-2',59,631,39);
INSERT INTO "worldcup2014_vote" VALUES(662,'assia','1-1',60,69,44);
INSERT INTO "worldcup2014_vote" VALUES(663,'nuno','0-2',60,386,26);
INSERT INTO "worldcup2014_vote" VALUES(664,'steph','0-0',60,379,44);
INSERT INTO "worldcup2014_vote" VALUES(665,'pedro','1-1',60,69,44);
INSERT INTO "worldcup2014_vote" VALUES(666,'pedro','1-2',61,562,36);
INSERT INTO "worldcup2014_vote" VALUES(667,'pedro','1-1',62,631,44);
INSERT INTO "worldcup2014_vote" VALUES(668,'teresa','1-3',61,562,36);
INSERT INTO "worldcup2014_vote" VALUES(669,'anki','1-2',61,562,36);
INSERT INTO "worldcup2014_vote" VALUES(670,'cesar','2-1',61,563,20);
INSERT INTO "worldcup2014_vote" VALUES(671,'cesar','1-2',62,631,39);
INSERT INTO "worldcup2014_vote" VALUES(672,'assia','1-2',61,562,36);
INSERT INTO "worldcup2014_vote" VALUES(673,'rocha','1-1',61,562,36);
INSERT INTO "worldcup2014_vote" VALUES(674,'rocha','0-2',62,631,39);
INSERT INTO "worldcup2014_vote" VALUES(675,'omar','3-2',61,238,20);
INSERT INTO "worldcup2014_vote" VALUES(676,'omar','2-1',62,376,26);
INSERT INTO "worldcup2014_vote" VALUES(677,'assia','1-2',62,631,39);
INSERT INTO "worldcup2014_vote" VALUES(678,'steph','2-1',61,238,20);
INSERT INTO "worldcup2014_vote" VALUES(679,'ricardo','1-2',61,560,36);
INSERT INTO "worldcup2014_vote" VALUES(680,'ricardo','3-1',62,386,26);
INSERT INTO "worldcup2014_vote" VALUES(681,'miguel','0-1',61,563,36);
INSERT INTO "worldcup2014_vote" VALUES(682,'nuno','1-2',61,562,36);
INSERT INTO "worldcup2014_vote" VALUES(683,'anki','0-2',62,632,39);
INSERT INTO "worldcup2014_vote" VALUES(684,'miguel','0-2',62,634,39);
INSERT INTO "worldcup2014_vote" VALUES(685,'steph','1-2',62,631,39);
INSERT INTO "worldcup2014_vote" VALUES(686,'pedro','2-1',64,241,20);
INSERT INTO "worldcup2014_vote" VALUES(687,'teresa','0-1',62,631,39);
INSERT INTO "worldcup2014_vote" VALUES(688,'nuno','1-0',62,386,26);
INSERT INTO "worldcup2014_vote" VALUES(689,'rocha','2-1',64,241,20);
INSERT INTO "worldcup2014_vote" VALUES(690,'pedro','0-1',63,560,36);
INSERT INTO "worldcup2014_vote" VALUES(691,'teresa','1-0',63,562,36);
INSERT INTO "worldcup2014_vote" VALUES(692,'teresa','1-1',64,241,44);
INSERT INTO "worldcup2014_vote" VALUES(693,'ricardo','1-0',63,571,36);
INSERT INTO "worldcup2014_vote" VALUES(694,'ricardo','1-0',64,241,20);
INSERT INTO "worldcup2014_vote" VALUES(695,'anki','0-1',63,631,39);
INSERT INTO "worldcup2014_vote" VALUES(696,'omar','3-2',63,562,36);
INSERT INTO "worldcup2014_vote" VALUES(697,'omar','1-2',64,379,26);
INSERT INTO "worldcup2014_vote" VALUES(698,'rocha','2-1',63,631,36);
INSERT INTO "worldcup2014_vote" VALUES(699,'assia','3-1',63,562,36);
INSERT INTO "worldcup2014_vote" VALUES(700,'nuno','2-1',63,562,36);
INSERT INTO "worldcup2014_vote" VALUES(701,'cesar','2-0',63,563,36);
INSERT INTO "worldcup2014_vote" VALUES(702,'steph','2-1',63,562,36);
INSERT INTO "worldcup2014_vote" VALUES(703,'anki','1-0',64,241,20);
INSERT INTO "worldcup2014_vote" VALUES(704,'assia','1-2',64,238,26);
INSERT INTO "worldcup2014_vote" VALUES(705,'cesar','2-1',64,238,20);
INSERT INTO "worldcup2014_vote" VALUES(706,'steph','2-0',64,238,20);
INSERT INTO "worldcup2014_vote" VALUES(707,'nuno','2-2',64,386,44);
CREATE TABLE "worldcup2014_player" ("id" integer NOT NULL PRIMARY KEY AUTOINCREMENT, "name" varchar(200) NOT NULL, "team_id" integer NOT NULL REFERENCES "worldcup2014_team" ("id"));
INSERT INTO "worldcup2014_player" VALUES(2,'Rui Patrício',16);
INSERT INTO "worldcup2014_player" VALUES(3,'Bruno Alves',16);
INSERT INTO "worldcup2014_player" VALUES(4,'Pepe',16);
INSERT INTO "worldcup2014_player" VALUES(5,'Manuel Fernandes',16);
INSERT INTO "worldcup2014_player" VALUES(6,'Raphaël Guerreiro',16);
INSERT INTO "worldcup2014_player" VALUES(7,'José Fonte',16);
INSERT INTO "worldcup2014_player" VALUES(8,'Cristiano Ronaldo',16);
INSERT INTO "worldcup2014_player" VALUES(9,'João Moutinho',16);
INSERT INTO "worldcup2014_player" VALUES(10,'André Silva',16);
INSERT INTO "worldcup2014_player" VALUES(11,'João Mário',16);
INSERT INTO "worldcup2014_player" VALUES(12,'Bernardo Silva',16);
INSERT INTO "worldcup2014_player" VALUES(13,'Anthony Lopes',16);
INSERT INTO "worldcup2014_player" VALUES(14,'Rúben Dias',16);
INSERT INTO "worldcup2014_player" VALUES(15,'William Carvalho',16);
INSERT INTO "worldcup2014_player" VALUES(16,'Ricardo Pereira',16);
INSERT INTO "worldcup2014_player" VALUES(17,'Bruno Fernandes',16);
INSERT INTO "worldcup2014_player" VALUES(18,'Gonçalo Guedes',16);
INSERT INTO "worldcup2014_player" VALUES(19,'Gelson Martins',16);
INSERT INTO "worldcup2014_player" VALUES(20,'Mário Rui',16);
INSERT INTO "worldcup2014_player" VALUES(21,'Ricardo Quaresma',16);
INSERT INTO "worldcup2014_player" VALUES(22,'Cédric Soares',16);
INSERT INTO "worldcup2014_player" VALUES(23,'Beto',16);
INSERT INTO "worldcup2014_player" VALUES(24,'Adrien Silva',16);
INSERT INTO "worldcup2014_player" VALUES(25,'Eiji Kawashima',43);
INSERT INTO "worldcup2014_player" VALUES(26,'Naomichi Ueda',43);
INSERT INTO "worldcup2014_player" VALUES(27,'Gen Shoji',43);
INSERT INTO "worldcup2014_player" VALUES(28,'Keisuke Honda',43);
INSERT INTO "worldcup2014_player" VALUES(29,'Yuto Nagatomo',43);
INSERT INTO "worldcup2014_player" VALUES(30,'Wataru Endo',43);
INSERT INTO "worldcup2014_player" VALUES(31,'Gaku Shibasaki',43);
INSERT INTO "worldcup2014_player" VALUES(32,'Genki Haraguchi',43);
INSERT INTO "worldcup2014_player" VALUES(33,'Shinji Okazaki',43);
INSERT INTO "worldcup2014_player" VALUES(34,'Shinji Kagawa',43);
INSERT INTO "worldcup2014_player" VALUES(35,'Takashi Usami',43);
INSERT INTO "worldcup2014_player" VALUES(36,'Masaaki Higashiguchi',43);
INSERT INTO "worldcup2014_player" VALUES(37,'Yoshinori Mutō',43);
INSERT INTO "worldcup2014_player" VALUES(38,'Takashi Inui',43);
INSERT INTO "worldcup2014_player" VALUES(39,'Yuya Osako',43);
INSERT INTO "worldcup2014_player" VALUES(40,'Hotaru Yamaguchi',43);
INSERT INTO "worldcup2014_player" VALUES(41,'Makoto Hasebe',43);
INSERT INTO "worldcup2014_player" VALUES(42,'Ryota Oshima',43);
INSERT INTO "worldcup2014_player" VALUES(43,'Hiroki Sakai',43);
INSERT INTO "worldcup2014_player" VALUES(44,'Tomoaki Makino',43);
INSERT INTO "worldcup2014_player" VALUES(45,'Gōtoku Sakai',43);
INSERT INTO "worldcup2014_player" VALUES(46,'Maya Yoshida',43);
INSERT INTO "worldcup2014_player" VALUES(47,'Kosuke Nakamura',43);
INSERT INTO "worldcup2014_player" VALUES(48,'Igor Akinfeev',1);
INSERT INTO "worldcup2014_player" VALUES(49,'Mario Figueira Fernandes',1);
INSERT INTO "worldcup2014_player" VALUES(50,'Ilya Kutepov',1);
INSERT INTO "worldcup2014_player" VALUES(51,'Sergei Ignashevich',1);
INSERT INTO "worldcup2014_player" VALUES(52,'Andrei Sergeyevich Semyonov',1);
INSERT INTO "worldcup2014_player" VALUES(53,'Denis Cheryshev',1);
INSERT INTO "worldcup2014_player" VALUES(54,'Daler Kuzyayev',1);
INSERT INTO "worldcup2014_player" VALUES(55,'Yury Gazinsky',1);
INSERT INTO "worldcup2014_player" VALUES(56,'Alan Dzagoev',1);
INSERT INTO "worldcup2014_player" VALUES(57,'Fyodor Smolov',1);
INSERT INTO "worldcup2014_player" VALUES(58,'Roman Zobnin',1);
INSERT INTO "worldcup2014_player" VALUES(59,'Andrey Lunyov',1);
INSERT INTO "worldcup2014_player" VALUES(60,'Fyodor Kudryashov',1);
INSERT INTO "worldcup2014_player" VALUES(61,'Vladimir Granat',1);
INSERT INTO "worldcup2014_player" VALUES(62,'Aleksei Miranchuk',1);
INSERT INTO "worldcup2014_player" VALUES(63,'Anton Miranchuk',1);
INSERT INTO "worldcup2014_player" VALUES(64,'Aleksandr Golovin',1);
INSERT INTO "worldcup2014_player" VALUES(65,'Yuri Zhirkov',1);
INSERT INTO "worldcup2014_player" VALUES(66,'Aleksandr Samedov',1);
INSERT INTO "worldcup2014_player" VALUES(67,'Vladimir Gabulov',1);
INSERT INTO "worldcup2014_player" VALUES(68,'Aleksandr Yerokhin',1);
INSERT INTO "worldcup2014_player" VALUES(69,'Artem Dzyuba',1);
INSERT INTO "worldcup2014_player" VALUES(70,'Igor Smolnikov',1);
INSERT INTO "worldcup2014_player" VALUES(71,'Abdullah Al-Mayouf',2);
INSERT INTO "worldcup2014_player" VALUES(72,'Mansoor Al-Harbi',2);
INSERT INTO "worldcup2014_player" VALUES(73,'Osama Hawsawi',2);
INSERT INTO "worldcup2014_player" VALUES(74,'Ali Al-Bulaihi',2);
INSERT INTO "worldcup2014_player" VALUES(75,'Omar Hawsawi',2);
INSERT INTO "worldcup2014_player" VALUES(76,'Mohammed Al-Breik',2);
INSERT INTO "worldcup2014_player" VALUES(77,'Salman Al-Faraj',2);
INSERT INTO "worldcup2014_player" VALUES(78,'Yahya Al-Shehri',2);
INSERT INTO "worldcup2014_player" VALUES(79,'Hattan Bahebri',2);
INSERT INTO "worldcup2014_player" VALUES(80,'Mohammad Al-Sahlawi',2);
INSERT INTO "worldcup2014_player" VALUES(81,'Abdulmalek Al-Khaibri',2);
INSERT INTO "worldcup2014_player" VALUES(82,'Mohamed Kanno',2);
INSERT INTO "worldcup2014_player" VALUES(83,'Yasser Al-Shahrani',2);
INSERT INTO "worldcup2014_player" VALUES(84,'Abdullah Otayf',2);
INSERT INTO "worldcup2014_player" VALUES(85,'Abdullah Al-Khaibari',2);
INSERT INTO "worldcup2014_player" VALUES(86,'Housain Al-Mogahwi',2);
INSERT INTO "worldcup2014_player" VALUES(87,'Taisir Al-Jassim',2);
INSERT INTO "worldcup2014_player" VALUES(88,'Salem Al-Dawsari',2);
INSERT INTO "worldcup2014_player" VALUES(89,'Fahad Al-Muwallad',2);
INSERT INTO "worldcup2014_player" VALUES(90,'Muhannad Assiri',2);
INSERT INTO "worldcup2014_player" VALUES(91,'Yasser Al-Mosailem',2);
INSERT INTO "worldcup2014_player" VALUES(92,'Mohammed Al-Owais',2);
INSERT INTO "worldcup2014_player" VALUES(93,'Motaz Hawsawi',2);
INSERT INTO "worldcup2014_player" VALUES(94,'Keylor Navas',30);
INSERT INTO "worldcup2014_player" VALUES(95,'Johnny Acosta',30);
INSERT INTO "worldcup2014_player" VALUES(96,'Giancarlo González',30);
INSERT INTO "worldcup2014_player" VALUES(97,'Ian Smith',30);
INSERT INTO "worldcup2014_player" VALUES(98,'Celso Borges',30);
INSERT INTO "worldcup2014_player" VALUES(99,'Óscar Duarte',30);
INSERT INTO "worldcup2014_player" VALUES(100,'Christian Bolaños',30);
INSERT INTO "worldcup2014_player" VALUES(101,'Bryan Oviedo',30);
INSERT INTO "worldcup2014_player" VALUES(102,'Daniel Colindres',30);
INSERT INTO "worldcup2014_player" VALUES(103,'Bryan Ruiz',30);
INSERT INTO "worldcup2014_player" VALUES(104,'Johan Venegas',30);
INSERT INTO "worldcup2014_player" VALUES(105,'Joel Campbell',30);
INSERT INTO "worldcup2014_player" VALUES(106,'Rodney Wallace',30);
INSERT INTO "worldcup2014_player" VALUES(107,'Randall Azofeifa',30);
INSERT INTO "worldcup2014_player" VALUES(108,'Francisco Calvo',30);
INSERT INTO "worldcup2014_player" VALUES(109,'Cristian Gamboa',30);
INSERT INTO "worldcup2014_player" VALUES(110,'Yeltsin Tejeda',30);
INSERT INTO "worldcup2014_player" VALUES(111,'Patrick Pemberton',30);
INSERT INTO "worldcup2014_player" VALUES(112,'Kendall Waston',30);
INSERT INTO "worldcup2014_player" VALUES(113,'David Guzmán',30);
INSERT INTO "worldcup2014_player" VALUES(114,'Marco Ureña',30);
INSERT INTO "worldcup2014_player" VALUES(115,'Rónald Matarrita',30);
INSERT INTO "worldcup2014_player" VALUES(116,'Leonel Moreira',30);
INSERT INTO "worldcup2014_player" VALUES(117,'Essam El-Hadary',14);
INSERT INTO "worldcup2014_player" VALUES(118,'Ali Gabr',14);
INSERT INTO "worldcup2014_player" VALUES(119,'Ahmed Elmohamady',14);
INSERT INTO "worldcup2014_player" VALUES(120,'Omar Gaber',14);
INSERT INTO "worldcup2014_player" VALUES(121,'Sam Morsy',14);
INSERT INTO "worldcup2014_player" VALUES(122,'Ahmed Hegazi',14);
INSERT INTO "worldcup2014_player" VALUES(123,'Ahmed Fathy',14);
INSERT INTO "worldcup2014_player" VALUES(124,'Tarek Hamed',14);
INSERT INTO "worldcup2014_player" VALUES(125,'Marwan Mohsen',14);
INSERT INTO "worldcup2014_player" VALUES(126,'Mohamed Salah',14);
INSERT INTO "worldcup2014_player" VALUES(127,'Kahraba',14);
INSERT INTO "worldcup2014_player" VALUES(128,'Ayman Ashraf',14);
INSERT INTO "worldcup2014_player" VALUES(129,'Mohamed Abdel-Shafy',14);
INSERT INTO "worldcup2014_player" VALUES(130,'Ramadan Sobhi',14);
INSERT INTO "worldcup2014_player" VALUES(131,'Mahmoud Hamdy',14);
INSERT INTO "worldcup2014_player" VALUES(132,'Sherif Ekramy',14);
INSERT INTO "worldcup2014_player" VALUES(133,'Mohamed Elneny',14);
INSERT INTO "worldcup2014_player" VALUES(134,'Shikabala',14);
INSERT INTO "worldcup2014_player" VALUES(135,'Abdallah Said',14);
INSERT INTO "worldcup2014_player" VALUES(136,'Saad Samir',14);
INSERT INTO "worldcup2014_player" VALUES(137,'Mahmoud Hassan',14);
INSERT INTO "worldcup2014_player" VALUES(138,'Amr Warda',14);
INSERT INTO "worldcup2014_player" VALUES(139,'Mohamed El-Shenawy',14);
INSERT INTO "worldcup2014_player" VALUES(140,'Fernando Muslera',15);
INSERT INTO "worldcup2014_player" VALUES(141,'Jose Gimenez',15);
INSERT INTO "worldcup2014_player" VALUES(142,'Diego Godín',15);
INSERT INTO "worldcup2014_player" VALUES(143,'Guillermo Varela',15);
INSERT INTO "worldcup2014_player" VALUES(144,'Carlos Andrés Sánchez',15);
INSERT INTO "worldcup2014_player" VALUES(145,'Rodrigo Bentancur',15);
INSERT INTO "worldcup2014_player" VALUES(146,'Cristian Rodríguez',15);
INSERT INTO "worldcup2014_player" VALUES(147,'Nahitan Nández',15);
INSERT INTO "worldcup2014_player" VALUES(148,'Luis Suarez',15);
INSERT INTO "worldcup2014_player" VALUES(149,'Giorgian De Arrascaeta',15);
INSERT INTO "worldcup2014_player" VALUES(150,'Cristhian Stuani',15);
INSERT INTO "worldcup2014_player" VALUES(151,'Martín Campaña',15);
INSERT INTO "worldcup2014_player" VALUES(152,'Gastón Silva',15);
INSERT INTO "worldcup2014_player" VALUES(153,'Lucas Torreira',15);
INSERT INTO "worldcup2014_player" VALUES(154,'Matías Vecino',15);
INSERT INTO "worldcup2014_player" VALUES(155,'Maxi Pereira',15);
INSERT INTO "worldcup2014_player" VALUES(156,'Diego Laxalt',15);
INSERT INTO "worldcup2014_player" VALUES(157,'Maxi Gómez',15);
INSERT INTO "worldcup2014_player" VALUES(158,'Sebastián Coates',15);
INSERT INTO "worldcup2014_player" VALUES(159,'Jonathan Urretaviscaya',15);
INSERT INTO "worldcup2014_player" VALUES(160,'Edinson Cavani',15);
INSERT INTO "worldcup2014_player" VALUES(161,'Martín Cáceres',15);
INSERT INTO "worldcup2014_player" VALUES(162,'Martín Silva',15);
INSERT INTO "worldcup2014_player" VALUES(163,'David de Gea',17);
INSERT INTO "worldcup2014_player" VALUES(164,'Dani Carvajal',17);
INSERT INTO "worldcup2014_player" VALUES(165,'Gerard Piqué',17);
INSERT INTO "worldcup2014_player" VALUES(166,'Nacho',17);
INSERT INTO "worldcup2014_player" VALUES(167,'Sergio Busquets',17);
INSERT INTO "worldcup2014_player" VALUES(168,'Andrés Iniesta',17);
INSERT INTO "worldcup2014_player" VALUES(169,'Saúl Ñíguez',17);
INSERT INTO "worldcup2014_player" VALUES(170,'Koke',17);
INSERT INTO "worldcup2014_player" VALUES(171,'Rodrigo',17);
INSERT INTO "worldcup2014_player" VALUES(172,'Thiago Alcântara',17);
INSERT INTO "worldcup2014_player" VALUES(173,'Lucas Vázquez',17);
INSERT INTO "worldcup2014_player" VALUES(174,'Álvaro Odriozola',17);
INSERT INTO "worldcup2014_player" VALUES(175,'Kepa Arrizabalaga',17);
INSERT INTO "worldcup2014_player" VALUES(176,'César Azpilicueta',17);
INSERT INTO "worldcup2014_player" VALUES(177,'Sergio Ramos',17);
INSERT INTO "worldcup2014_player" VALUES(178,'Nacho Monreal',17);
INSERT INTO "worldcup2014_player" VALUES(179,'Iago Aspas',17);
INSERT INTO "worldcup2014_player" VALUES(180,'Jordi Alba',17);
INSERT INTO "worldcup2014_player" VALUES(181,'Diego Costa',17);
INSERT INTO "worldcup2014_player" VALUES(182,'Marco Asensio',17);
INSERT INTO "worldcup2014_player" VALUES(183,'David Silva',17);
INSERT INTO "worldcup2014_player" VALUES(184,'Isco',17);
INSERT INTO "worldcup2014_player" VALUES(185,'Pepe Reina',17);
INSERT INTO "worldcup2014_player" VALUES(186,'Yassine Bounou',18);
INSERT INTO "worldcup2014_player" VALUES(187,'Achraf Hakimi',18);
INSERT INTO "worldcup2014_player" VALUES(188,'Hamza Mendyl',18);
INSERT INTO "worldcup2014_player" VALUES(189,'Manuel da Costa',18);
INSERT INTO "worldcup2014_player" VALUES(190,'Medhi Benatia',18);
INSERT INTO "worldcup2014_player" VALUES(191,'Romain Saïss',18);
INSERT INTO "worldcup2014_player" VALUES(192,'Hakim Ziyech',18);
INSERT INTO "worldcup2014_player" VALUES(193,'Karim El Ahmadi',18);
INSERT INTO "worldcup2014_player" VALUES(194,'Ayoub El Kaabi',18);
INSERT INTO "worldcup2014_player" VALUES(195,'Younès Belhanda',18);
INSERT INTO "worldcup2014_player" VALUES(196,'Fayçal Fajr',18);
INSERT INTO "worldcup2014_player" VALUES(197,'Munir Mohand Mohamedi',18);
INSERT INTO "worldcup2014_player" VALUES(198,'Khalid Boutaib',18);
INSERT INTO "worldcup2014_player" VALUES(199,'Mbark Boussoufa',18);
INSERT INTO "worldcup2014_player" VALUES(200,'Youssef Aït Bennasser',18);
INSERT INTO "worldcup2014_player" VALUES(201,'Nordin Amrabat',18);
INSERT INTO "worldcup2014_player" VALUES(202,'Nabil Dirar',18);
INSERT INTO "worldcup2014_player" VALUES(203,'Amine Harit',18);
INSERT INTO "worldcup2014_player" VALUES(204,'Youssef En-Nesyri',18);
INSERT INTO "worldcup2014_player" VALUES(205,'Aziz Bouhaddouz',18);
INSERT INTO "worldcup2014_player" VALUES(206,'Sofyan Amrabat',18);
INSERT INTO "worldcup2014_player" VALUES(207,'Ahmed Reda Tagnaouti',18);
INSERT INTO "worldcup2014_player" VALUES(208,'Mehdi Carcela',18);
INSERT INTO "worldcup2014_player" VALUES(209,'Alireza Beiranvand',19);
INSERT INTO "worldcup2014_player" VALUES(210,'Mehdi Torabi',19);
INSERT INTO "worldcup2014_player" VALUES(211,'Ehsan Hajsafi',19);
INSERT INTO "worldcup2014_player" VALUES(212,'Rouzbeh Cheshmi',19);
INSERT INTO "worldcup2014_player" VALUES(213,'Milad Mohammadi',19);
INSERT INTO "worldcup2014_player" VALUES(214,'Saeid Ezatolahi',19);
INSERT INTO "worldcup2014_player" VALUES(215,'Masoud Shojaei',19);
INSERT INTO "worldcup2014_player" VALUES(216,'Morteza Pouraliganji',19);
INSERT INTO "worldcup2014_player" VALUES(217,'Omid Ebrahimi',19);
INSERT INTO "worldcup2014_player" VALUES(218,'Karim Ansarifard',19);
INSERT INTO "worldcup2014_player" VALUES(219,'Vahid Amiri',19);
INSERT INTO "worldcup2014_player" VALUES(220,'Mohammad Rashid Mazaheri',19);
INSERT INTO "worldcup2014_player" VALUES(221,'Mohammad Reza Khanzadeh',19);
INSERT INTO "worldcup2014_player" VALUES(222,'Saman Ghoddos',19);
INSERT INTO "worldcup2014_player" VALUES(223,'Pejman Montazeri',19);
INSERT INTO "worldcup2014_player" VALUES(224,'Reza Ghoochannejhad',19);
INSERT INTO "worldcup2014_player" VALUES(225,'Mehdi Taremi',19);
INSERT INTO "worldcup2014_player" VALUES(226,'Alireza Jahanbakhsh',19);
INSERT INTO "worldcup2014_player" VALUES(227,'Majid Hosseini',19);
INSERT INTO "worldcup2014_player" VALUES(228,'Sardar Azmoun',19);
INSERT INTO "worldcup2014_player" VALUES(229,'Ashkan Dejagah',19);
INSERT INTO "worldcup2014_player" VALUES(230,'Amir Abedzadeh',19);
INSERT INTO "worldcup2014_player" VALUES(231,'Ramin Rezaeian',19);
INSERT INTO "worldcup2014_player" VALUES(232,'Hugo Lloris',20);
INSERT INTO "worldcup2014_player" VALUES(233,'Benjamin Pavard',20);
INSERT INTO "worldcup2014_player" VALUES(234,'Presnel Kimpembe',20);
INSERT INTO "worldcup2014_player" VALUES(235,'Raphael Varane',20);
INSERT INTO "worldcup2014_player" VALUES(236,'Samuel Umtiti',20);
INSERT INTO "worldcup2014_player" VALUES(237,'Paul Pogba',20);
INSERT INTO "worldcup2014_player" VALUES(238,'Antoine Griezmann',20);
INSERT INTO "worldcup2014_player" VALUES(239,'Thomas Lemar',20);
INSERT INTO "worldcup2014_player" VALUES(240,'Olivier Giroud',20);
INSERT INTO "worldcup2014_player" VALUES(241,'Kylian Mbappe',20);
INSERT INTO "worldcup2014_player" VALUES(242,'Ousmane Dembélé',20);
INSERT INTO "worldcup2014_player" VALUES(243,'Corentin Tolisso',20);
INSERT INTO "worldcup2014_player" VALUES(244,'N Golo Kanté',20);
INSERT INTO "worldcup2014_player" VALUES(245,'Blaise Matuidi',20);
INSERT INTO "worldcup2014_player" VALUES(246,'Steven Nzonzi',20);
INSERT INTO "worldcup2014_player" VALUES(247,'Steve Mandanda',20);
INSERT INTO "worldcup2014_player" VALUES(248,'Adil Rami',20);
INSERT INTO "worldcup2014_player" VALUES(249,'Nabil Fekir',20);
INSERT INTO "worldcup2014_player" VALUES(250,'Djibril Sidibé',20);
INSERT INTO "worldcup2014_player" VALUES(251,'Florian Thauvin',20);
INSERT INTO "worldcup2014_player" VALUES(252,'Lucas Hernández',20);
INSERT INTO "worldcup2014_player" VALUES(253,'Benjamin Mendy',20);
INSERT INTO "worldcup2014_player" VALUES(254,'Alphonse Areola',20);
INSERT INTO "worldcup2014_player" VALUES(255,'Mathew Ryan',21);
INSERT INTO "worldcup2014_player" VALUES(256,'Milos Degenek',21);
INSERT INTO "worldcup2014_player" VALUES(257,'James Meredith',21);
INSERT INTO "worldcup2014_player" VALUES(258,'Tim Cahill',21);
INSERT INTO "worldcup2014_player" VALUES(259,'Mark Milligan',21);
INSERT INTO "worldcup2014_player" VALUES(260,'Matthew Jurman',21);
INSERT INTO "worldcup2014_player" VALUES(261,'Mathew Leckie',21);
INSERT INTO "worldcup2014_player" VALUES(262,'Massimo Luongo',21);
INSERT INTO "worldcup2014_player" VALUES(263,'Tomi Juric',21);
INSERT INTO "worldcup2014_player" VALUES(264,'Robbie Kruse',21);
INSERT INTO "worldcup2014_player" VALUES(265,'Andrew Nabbout',21);
INSERT INTO "worldcup2014_player" VALUES(266,'Brad Jones',21);
INSERT INTO "worldcup2014_player" VALUES(267,'Aaron Mooy',21);
INSERT INTO "worldcup2014_player" VALUES(268,'Jamie Maclaren',21);
INSERT INTO "worldcup2014_player" VALUES(269,'Mile Jedinak',21);
INSERT INTO "worldcup2014_player" VALUES(270,'Aziz Behich',21);
INSERT INTO "worldcup2014_player" VALUES(271,'Daniel Arzani',21);
INSERT INTO "worldcup2014_player" VALUES(272,'Danny Vukovic',21);
INSERT INTO "worldcup2014_player" VALUES(273,'Josh Risdon',21);
INSERT INTO "worldcup2014_player" VALUES(274,'Trent Sainsbury',21);
INSERT INTO "worldcup2014_player" VALUES(275,'Dimitri Petratos',21);
INSERT INTO "worldcup2014_player" VALUES(276,'Jackson Irvine',21);
INSERT INTO "worldcup2014_player" VALUES(277,'Tom Rogic',21);
INSERT INTO "worldcup2014_player" VALUES(278,'Pedro Gallese',22);
INSERT INTO "worldcup2014_player" VALUES(279,'Alberto Junior Rodríguez',22);
INSERT INTO "worldcup2014_player" VALUES(280,'Aldo Corzo',22);
INSERT INTO "worldcup2014_player" VALUES(281,'Anderson Santamaría',22);
INSERT INTO "worldcup2014_player" VALUES(282,'Miguel Araujo',22);
INSERT INTO "worldcup2014_player" VALUES(283,'Miguel Trauco',22);
INSERT INTO "worldcup2014_player" VALUES(284,'Paolo Hurtado',22);
INSERT INTO "worldcup2014_player" VALUES(285,'Christian Cueva',22);
INSERT INTO "worldcup2014_player" VALUES(286,'Paolo Guerrero',22);
INSERT INTO "worldcup2014_player" VALUES(287,'Jefferson Farfán',22);
INSERT INTO "worldcup2014_player" VALUES(288,'Raúl Ruidíaz',22);
INSERT INTO "worldcup2014_player" VALUES(289,'Carlos Cáceda',22);
INSERT INTO "worldcup2014_player" VALUES(290,'Renato Tapia',22);
INSERT INTO "worldcup2014_player" VALUES(291,'Andy Polo',22);
INSERT INTO "worldcup2014_player" VALUES(292,'Christian Ramos',22);
INSERT INTO "worldcup2014_player" VALUES(293,'Wilder Cartagena',22);
INSERT INTO "worldcup2014_player" VALUES(294,'Luis Advíncula',22);
INSERT INTO "worldcup2014_player" VALUES(295,'Andre Carrillo',22);
INSERT INTO "worldcup2014_player" VALUES(296,'Yoshimar Yotún',22);
INSERT INTO "worldcup2014_player" VALUES(297,'Edison Flores',22);
INSERT INTO "worldcup2014_player" VALUES(298,'José Carvallo',22);
INSERT INTO "worldcup2014_player" VALUES(299,'Nilson Loyola',22);
INSERT INTO "worldcup2014_player" VALUES(300,'Pedro Aquino',22);
INSERT INTO "worldcup2014_player" VALUES(301,'Kasper Schmeichel',23);
INSERT INTO "worldcup2014_player" VALUES(302,'Michael Krohn-Dehli',23);
INSERT INTO "worldcup2014_player" VALUES(303,'Jannik Vestergaard',23);
INSERT INTO "worldcup2014_player" VALUES(304,'Simon Kjær',23);
INSERT INTO "worldcup2014_player" VALUES(305,'Jonas Knudsen',23);
INSERT INTO "worldcup2014_player" VALUES(306,'Andreas Christensen',23);
INSERT INTO "worldcup2014_player" VALUES(307,'William Kvist',23);
INSERT INTO "worldcup2014_player" VALUES(308,'Thomas Delaney',23);
INSERT INTO "worldcup2014_player" VALUES(309,'Nicolai Jørgensen',23);
INSERT INTO "worldcup2014_player" VALUES(310,'Christian Eriksen',23);
INSERT INTO "worldcup2014_player" VALUES(311,'Martin Braithwaite',23);
INSERT INTO "worldcup2014_player" VALUES(312,'Kasper Dolberg',23);
INSERT INTO "worldcup2014_player" VALUES(313,'Mathias Jorgensen',23);
INSERT INTO "worldcup2014_player" VALUES(314,'Henrik Dalsgaard',23);
INSERT INTO "worldcup2014_player" VALUES(315,'Viktor Fischer',23);
INSERT INTO "worldcup2014_player" VALUES(316,'Jonas Lössl',23);
INSERT INTO "worldcup2014_player" VALUES(317,'Jens Stryger Larsen',23);
INSERT INTO "worldcup2014_player" VALUES(318,'Lukas Lerager',23);
INSERT INTO "worldcup2014_player" VALUES(319,'Lasse Schöne',23);
INSERT INTO "worldcup2014_player" VALUES(320,'Yussuf Poulsen',23);
INSERT INTO "worldcup2014_player" VALUES(321,'Andreas Cornelius',23);
INSERT INTO "worldcup2014_player" VALUES(322,'Frederik Rønnow',23);
INSERT INTO "worldcup2014_player" VALUES(323,'Pione Sisto',23);
INSERT INTO "worldcup2014_player" VALUES(324,'Nahuel Guzmán',24);
INSERT INTO "worldcup2014_player" VALUES(325,'Gabriel Mercado',24);
INSERT INTO "worldcup2014_player" VALUES(326,'Nicolás Tagliafico',24);
INSERT INTO "worldcup2014_player" VALUES(327,'Cristian Ansaldi',24);
INSERT INTO "worldcup2014_player" VALUES(328,'Lucas Biglia',24);
INSERT INTO "worldcup2014_player" VALUES(329,'Federico Fazio',24);
INSERT INTO "worldcup2014_player" VALUES(330,'Éver Banega',24);
INSERT INTO "worldcup2014_player" VALUES(331,'Marcos Acuña',24);
INSERT INTO "worldcup2014_player" VALUES(332,'Gonzalo Higuaín',24);
INSERT INTO "worldcup2014_player" VALUES(333,'Lionel Messi',24);
INSERT INTO "worldcup2014_player" VALUES(334,'Angel Di Maria',24);
INSERT INTO "worldcup2014_player" VALUES(335,'Franco Armani',24);
INSERT INTO "worldcup2014_player" VALUES(336,'Maximiliano Meza',24);
INSERT INTO "worldcup2014_player" VALUES(337,'Javier Mascherano',24);
INSERT INTO "worldcup2014_player" VALUES(338,'Manuel Lanzini',24);
INSERT INTO "worldcup2014_player" VALUES(339,'Marcos Rojo',24);
INSERT INTO "worldcup2014_player" VALUES(340,'Nicolás Otamendi',24);
INSERT INTO "worldcup2014_player" VALUES(341,'Eduardo Salvio',24);
INSERT INTO "worldcup2014_player" VALUES(342,'Sergio Aguero',24);
INSERT INTO "worldcup2014_player" VALUES(343,'Giovani Lo Celso',24);
INSERT INTO "worldcup2014_player" VALUES(344,'Paulo Dybala',24);
INSERT INTO "worldcup2014_player" VALUES(345,'Cristian Pavón',24);
INSERT INTO "worldcup2014_player" VALUES(346,'Willy Caballero',24);
INSERT INTO "worldcup2014_player" VALUES(347,'Hannes Þór Halldórsson',25);
INSERT INTO "worldcup2014_player" VALUES(348,'Birkir Már Sævarsson',25);
INSERT INTO "worldcup2014_player" VALUES(349,'Samúel Friðjónsson',25);
INSERT INTO "worldcup2014_player" VALUES(350,'Albert Guðmundsson',25);
INSERT INTO "worldcup2014_player" VALUES(351,'Sverrir Ingi Ingason',25);
INSERT INTO "worldcup2014_player" VALUES(352,'Ragnar Sigurðsson',25);
INSERT INTO "worldcup2014_player" VALUES(353,'Jóhann Berg Guðmundsson',25);
INSERT INTO "worldcup2014_player" VALUES(354,'Birkir Bjarnason',25);
INSERT INTO "worldcup2014_player" VALUES(355,'Björn Bergmann Sigurðarson',25);
INSERT INTO "worldcup2014_player" VALUES(356,'Gylfi Sigurisson',25);
INSERT INTO "worldcup2014_player" VALUES(357,'Alfred Finnbogason',25);
INSERT INTO "worldcup2014_player" VALUES(358,'Frederik Schram',25);
INSERT INTO "worldcup2014_player" VALUES(359,'Rúnar Alex Rúnarsson',25);
INSERT INTO "worldcup2014_player" VALUES(360,'Kári Árnason',25);
INSERT INTO "worldcup2014_player" VALUES(361,'Hólmar Örn Eyjólfsson',25);
INSERT INTO "worldcup2014_player" VALUES(362,'Ólafur Ingi Skúlason',25);
INSERT INTO "worldcup2014_player" VALUES(363,'Aron Gunnarsson',25);
INSERT INTO "worldcup2014_player" VALUES(364,'Hörður Björgvin Magnússon',25);
INSERT INTO "worldcup2014_player" VALUES(365,'Rúrik Gíslason',25);
INSERT INTO "worldcup2014_player" VALUES(366,'Emil Hallfreðsson',25);
INSERT INTO "worldcup2014_player" VALUES(367,'Arnór Ingvi Traustason',25);
INSERT INTO "worldcup2014_player" VALUES(368,'Jón Daði Böðvarsson',25);
INSERT INTO "worldcup2014_player" VALUES(369,'Ari Freyr Skúlason',25);
INSERT INTO "worldcup2014_player" VALUES(370,'Dominik Livaković',26);
INSERT INTO "worldcup2014_player" VALUES(371,'Šime Vrsaljko',26);
INSERT INTO "worldcup2014_player" VALUES(372,'Ivan Strinić',26);
INSERT INTO "worldcup2014_player" VALUES(373,'Ivan Perisic',26);
INSERT INTO "worldcup2014_player" VALUES(374,'Vedran Ćorluka',26);
INSERT INTO "worldcup2014_player" VALUES(375,'Dejan Lovren',26);
INSERT INTO "worldcup2014_player" VALUES(376,'Ivan Rakitic',26);
INSERT INTO "worldcup2014_player" VALUES(377,'Mateo Kovačić',26);
INSERT INTO "worldcup2014_player" VALUES(378,'Andrej Kramaric',26);
INSERT INTO "worldcup2014_player" VALUES(379,'Luka Modric',26);
INSERT INTO "worldcup2014_player" VALUES(380,'Marcelo Brozović',26);
INSERT INTO "worldcup2014_player" VALUES(381,'Lovre Kalinić',26);
INSERT INTO "worldcup2014_player" VALUES(382,'Tin Jedvaj',26);
INSERT INTO "worldcup2014_player" VALUES(383,'Filip Bradarić',26);
INSERT INTO "worldcup2014_player" VALUES(384,'Duje Ćaleta-Car',26);
INSERT INTO "worldcup2014_player" VALUES(385,'Nikola Kalinić',26);
INSERT INTO "worldcup2014_player" VALUES(386,'Mario Mandzukic',26);
INSERT INTO "worldcup2014_player" VALUES(387,'Ante Rebic',26);
INSERT INTO "worldcup2014_player" VALUES(388,'Milan Badelj',26);
INSERT INTO "worldcup2014_player" VALUES(389,'Marko Pjaca',26);
INSERT INTO "worldcup2014_player" VALUES(390,'Domagoj Vida',26);
INSERT INTO "worldcup2014_player" VALUES(391,'Josip Pivarić',26);
INSERT INTO "worldcup2014_player" VALUES(392,'Danijel Subašić',26);
INSERT INTO "worldcup2014_player" VALUES(393,'Ikechukwu Ezenwa',27);
INSERT INTO "worldcup2014_player" VALUES(394,'Brian Idowu',27);
INSERT INTO "worldcup2014_player" VALUES(395,'Elderson Echiéjilé',27);
INSERT INTO "worldcup2014_player" VALUES(396,'Wilfred Ndidi',27);
INSERT INTO "worldcup2014_player" VALUES(397,'William Troost-Ekong',27);
INSERT INTO "worldcup2014_player" VALUES(398,'Leon Balogun',27);
INSERT INTO "worldcup2014_player" VALUES(399,'Ahmed Musa',27);
INSERT INTO "worldcup2014_player" VALUES(400,'Oghenekaro Etebo',27);
INSERT INTO "worldcup2014_player" VALUES(401,'Odion Ighalo',27);
INSERT INTO "worldcup2014_player" VALUES(402,'John Obi Mikel',27);
INSERT INTO "worldcup2014_player" VALUES(403,'Victor Moses',27);
INSERT INTO "worldcup2014_player" VALUES(404,'Shehu Abdullahi',27);
INSERT INTO "worldcup2014_player" VALUES(405,'Simeon Nwankwo',27);
INSERT INTO "worldcup2014_player" VALUES(406,'Kelechi Iheanacho',27);
INSERT INTO "worldcup2014_player" VALUES(407,'Joel Obi',27);
INSERT INTO "worldcup2014_player" VALUES(408,'Daniel Akpeyi',27);
INSERT INTO "worldcup2014_player" VALUES(409,'Ogenyi Onazi',27);
INSERT INTO "worldcup2014_player" VALUES(410,'Alex Iwobi',27);
INSERT INTO "worldcup2014_player" VALUES(411,'John Ogu',27);
INSERT INTO "worldcup2014_player" VALUES(412,'Chidozie Awaziem',27);
INSERT INTO "worldcup2014_player" VALUES(413,'Tyronne Ebuehi',27);
INSERT INTO "worldcup2014_player" VALUES(414,'Kenneth Omeruo',27);
INSERT INTO "worldcup2014_player" VALUES(415,'Francis Uzoho',27);
INSERT INTO "worldcup2014_player" VALUES(416,'Alisson Becker',28);
INSERT INTO "worldcup2014_player" VALUES(417,'Thiago Silva',28);
INSERT INTO "worldcup2014_player" VALUES(418,'Miranda',28);
INSERT INTO "worldcup2014_player" VALUES(419,'Pedro Geromel',28);
INSERT INTO "worldcup2014_player" VALUES(420,'Casemiro',28);
INSERT INTO "worldcup2014_player" VALUES(421,'Filipe Luís',28);
INSERT INTO "worldcup2014_player" VALUES(422,'Douglas Costa',28);
INSERT INTO "worldcup2014_player" VALUES(423,'Renato Augusto',28);
INSERT INTO "worldcup2014_player" VALUES(424,'Gabriel Jesus',28);
INSERT INTO "worldcup2014_player" VALUES(425,'Neymar',28);
INSERT INTO "worldcup2014_player" VALUES(426,'Philippe Coutinho',28);
INSERT INTO "worldcup2014_player" VALUES(427,'Marcelo',28);
INSERT INTO "worldcup2014_player" VALUES(428,'Marquinhos',28);
INSERT INTO "worldcup2014_player" VALUES(429,'Danilo',28);
INSERT INTO "worldcup2014_player" VALUES(430,'Paulinho',28);
INSERT INTO "worldcup2014_player" VALUES(431,'Cássio Ramos',28);
INSERT INTO "worldcup2014_player" VALUES(432,'Fernandinho',28);
INSERT INTO "worldcup2014_player" VALUES(433,'Fred',28);
INSERT INTO "worldcup2014_player" VALUES(434,'Willian',28);
INSERT INTO "worldcup2014_player" VALUES(435,'Roberto Firmino',28);
INSERT INTO "worldcup2014_player" VALUES(436,'Taison',28);
INSERT INTO "worldcup2014_player" VALUES(437,'Fagner Conserva Lemos',28);
INSERT INTO "worldcup2014_player" VALUES(438,'Ederson Moraes',28);
INSERT INTO "worldcup2014_player" VALUES(439,'Yann Sommer',29);
INSERT INTO "worldcup2014_player" VALUES(440,'Stephan Lichtsteiner',29);
INSERT INTO "worldcup2014_player" VALUES(441,'François Moubandje',29);
INSERT INTO "worldcup2014_player" VALUES(442,'Nico Elvedi',29);
INSERT INTO "worldcup2014_player" VALUES(443,'Manuel Akanji',29);
INSERT INTO "worldcup2014_player" VALUES(444,'Michael Lang',29);
INSERT INTO "worldcup2014_player" VALUES(445,'Breel Embolo',29);
INSERT INTO "worldcup2014_player" VALUES(446,'Remo Freuler',29);
INSERT INTO "worldcup2014_player" VALUES(447,'Haris Seferović',29);
INSERT INTO "worldcup2014_player" VALUES(448,'Granit Xhaka',29);
INSERT INTO "worldcup2014_player" VALUES(449,'Valon Behrami',29);
INSERT INTO "worldcup2014_player" VALUES(450,'Yvon Mvogo',29);
INSERT INTO "worldcup2014_player" VALUES(451,'Ricardo Rodríguez',29);
INSERT INTO "worldcup2014_player" VALUES(452,'Steven Zuber',29);
INSERT INTO "worldcup2014_player" VALUES(453,'Blerim Dzemaili',29);
INSERT INTO "worldcup2014_player" VALUES(454,'Gelson Fernandes',29);
INSERT INTO "worldcup2014_player" VALUES(455,'Denis Zakaria',29);
INSERT INTO "worldcup2014_player" VALUES(456,'Mario Gavranović',29);
INSERT INTO "worldcup2014_player" VALUES(457,'Josip Drmic',29);
INSERT INTO "worldcup2014_player" VALUES(458,'Johan Djourou',29);
INSERT INTO "worldcup2014_player" VALUES(459,'Roman Bürki',29);
INSERT INTO "worldcup2014_player" VALUES(460,'Fabian Schär',29);
INSERT INTO "worldcup2014_player" VALUES(461,'Xherdan Shaqiri',29);
INSERT INTO "worldcup2014_player" VALUES(462,'Vladimir Stojković',31);
INSERT INTO "worldcup2014_player" VALUES(463,'Antonio Rukavina',31);
INSERT INTO "worldcup2014_player" VALUES(464,'Duško Tošić',31);
INSERT INTO "worldcup2014_player" VALUES(465,'Luka Milivojević',31);
INSERT INTO "worldcup2014_player" VALUES(466,'Uroš Spajić',31);
INSERT INTO "worldcup2014_player" VALUES(467,'Branislav Ivanović',31);
INSERT INTO "worldcup2014_player" VALUES(468,'Andrija Živković',31);
INSERT INTO "worldcup2014_player" VALUES(469,'Aleksandar Prijović',31);
INSERT INTO "worldcup2014_player" VALUES(470,'Aleksandar Mitrovic',31);
INSERT INTO "worldcup2014_player" VALUES(471,'Dušan Tadić',31);
INSERT INTO "worldcup2014_player" VALUES(472,'Aleksandar Kolarov',31);
INSERT INTO "worldcup2014_player" VALUES(473,'Predrag Rajković',31);
INSERT INTO "worldcup2014_player" VALUES(474,'Miloš Veljković',31);
INSERT INTO "worldcup2014_player" VALUES(475,'Milan Rodić',31);
INSERT INTO "worldcup2014_player" VALUES(476,'Nikola Milenković',31);
INSERT INTO "worldcup2014_player" VALUES(477,'Marko Grujić',31);
INSERT INTO "worldcup2014_player" VALUES(478,'Filip Kostić',31);
INSERT INTO "worldcup2014_player" VALUES(479,'Nemanja Radonjić',31);
INSERT INTO "worldcup2014_player" VALUES(480,'Luka Jović',31);
INSERT INTO "worldcup2014_player" VALUES(481,'Sergej Milinković-Savić',31);
INSERT INTO "worldcup2014_player" VALUES(482,'Nemanja Matić',31);
INSERT INTO "worldcup2014_player" VALUES(483,'Adem Ljajić',31);
INSERT INTO "worldcup2014_player" VALUES(484,'Marko Dmitrović',31);
INSERT INTO "worldcup2014_player" VALUES(485,'Manuel Neuer',32);
INSERT INTO "worldcup2014_player" VALUES(486,'Marvin Plattenhardt',32);
INSERT INTO "worldcup2014_player" VALUES(487,'Jonas Hector',32);
INSERT INTO "worldcup2014_player" VALUES(488,'Matthias Ginter',32);
INSERT INTO "worldcup2014_player" VALUES(489,'Mats Hummels',32);
INSERT INTO "worldcup2014_player" VALUES(490,'Sami Khedira',32);
INSERT INTO "worldcup2014_player" VALUES(491,'Julian Draxler',32);
INSERT INTO "worldcup2014_player" VALUES(492,'Toni Kroos',32);
INSERT INTO "worldcup2014_player" VALUES(493,'Timo Werner',32);
INSERT INTO "worldcup2014_player" VALUES(494,'Mesut Özil',32);
INSERT INTO "worldcup2014_player" VALUES(495,'Marco Reus',32);
INSERT INTO "worldcup2014_player" VALUES(496,'Kevin Trapp',32);
INSERT INTO "worldcup2014_player" VALUES(497,'Thomas Müller',32);
INSERT INTO "worldcup2014_player" VALUES(498,'Leon Goretzka',32);
INSERT INTO "worldcup2014_player" VALUES(499,'Niklas Süle',32);
INSERT INTO "worldcup2014_player" VALUES(500,'Antonio Rüdiger',32);
INSERT INTO "worldcup2014_player" VALUES(501,'Jérôme Boateng',32);
INSERT INTO "worldcup2014_player" VALUES(502,'Joshua Kimmich',32);
INSERT INTO "worldcup2014_player" VALUES(503,'Sebastian Rudy',32);
INSERT INTO "worldcup2014_player" VALUES(504,'Julian Brandt',32);
INSERT INTO "worldcup2014_player" VALUES(505,'İlkay Gündoğan',32);
INSERT INTO "worldcup2014_player" VALUES(506,'Marc-André ter Stegen',32);
INSERT INTO "worldcup2014_player" VALUES(507,'Mario Gómez',32);
INSERT INTO "worldcup2014_player" VALUES(508,'José de Jesús Corona',33);
INSERT INTO "worldcup2014_player" VALUES(509,'Hugo Ayala',33);
INSERT INTO "worldcup2014_player" VALUES(510,'Carlos Salcedo',33);
INSERT INTO "worldcup2014_player" VALUES(511,'Rafael Márquez',33);
INSERT INTO "worldcup2014_player" VALUES(512,'Diego Antonio Reyes',33);
INSERT INTO "worldcup2014_player" VALUES(513,'Jonathan dos Santos',33);
INSERT INTO "worldcup2014_player" VALUES(514,'Miguel Layún',33);
INSERT INTO "worldcup2014_player" VALUES(515,'Marco Fabián',33);
INSERT INTO "worldcup2014_player" VALUES(516,'Raúl Jiménez',33);
INSERT INTO "worldcup2014_player" VALUES(517,'Giovani dos Santos',33);
INSERT INTO "worldcup2014_player" VALUES(518,'Carlos Vela',33);
INSERT INTO "worldcup2014_player" VALUES(519,'Alfredo Talavera',33);
INSERT INTO "worldcup2014_player" VALUES(520,'Guillermo Ochoa',33);
INSERT INTO "worldcup2014_player" VALUES(521,'Javier Hernandez',33);
INSERT INTO "worldcup2014_player" VALUES(522,'Héctor Moreno',33);
INSERT INTO "worldcup2014_player" VALUES(523,'Héctor Herrera',33);
INSERT INTO "worldcup2014_player" VALUES(524,'Jesús Manuel Corona',33);
INSERT INTO "worldcup2014_player" VALUES(525,'Andrés Guardado',33);
INSERT INTO "worldcup2014_player" VALUES(526,'Oribe Peralta',33);
INSERT INTO "worldcup2014_player" VALUES(527,'Javier Aquino',33);
INSERT INTO "worldcup2014_player" VALUES(528,'Edson Alvarez',33);
INSERT INTO "worldcup2014_player" VALUES(529,'Hirving Lozano',33);
INSERT INTO "worldcup2014_player" VALUES(530,'Jesús Gallardo',33);
INSERT INTO "worldcup2014_player" VALUES(531,'Robin Olsen',34);
INSERT INTO "worldcup2014_player" VALUES(532,'Mikael Lustig',34);
INSERT INTO "worldcup2014_player" VALUES(533,'Victor Lindelöf',34);
INSERT INTO "worldcup2014_player" VALUES(534,'Andreas Granqvist',34);
INSERT INTO "worldcup2014_player" VALUES(535,'Martin Olsson',34);
INSERT INTO "worldcup2014_player" VALUES(536,'Ludwig Augustinsson',34);
INSERT INTO "worldcup2014_player" VALUES(537,'Sebastian Larsson',34);
INSERT INTO "worldcup2014_player" VALUES(538,'Albin Ekdal',34);
INSERT INTO "worldcup2014_player" VALUES(539,'Marcus Berg',34);
INSERT INTO "worldcup2014_player" VALUES(540,'Emil Forsberg',34);
INSERT INTO "worldcup2014_player" VALUES(541,'John Guidetti',34);
INSERT INTO "worldcup2014_player" VALUES(542,'Karl-Johan Johnsson',34);
INSERT INTO "worldcup2014_player" VALUES(543,'Gustav Svensson',34);
INSERT INTO "worldcup2014_player" VALUES(544,'Filip Helander',34);
INSERT INTO "worldcup2014_player" VALUES(545,'Oscar Hiljemark',34);
INSERT INTO "worldcup2014_player" VALUES(546,'Emil Krafth',34);
INSERT INTO "worldcup2014_player" VALUES(547,'Viktor Claesson',34);
INSERT INTO "worldcup2014_player" VALUES(548,'Pontus Jansson',34);
INSERT INTO "worldcup2014_player" VALUES(549,'Marcus Rohdén',34);
INSERT INTO "worldcup2014_player" VALUES(550,'Ola Toivonen',34);
INSERT INTO "worldcup2014_player" VALUES(551,'Jimmy Durmaz',34);
INSERT INTO "worldcup2014_player" VALUES(552,'Isaac Kiese Thelin',34);
INSERT INTO "worldcup2014_player" VALUES(553,'Kristoffer Nordfeldt',34);
INSERT INTO "worldcup2014_player" VALUES(554,'Thibaut Courtois',36);
INSERT INTO "worldcup2014_player" VALUES(555,'Toby Alderweireld',36);
INSERT INTO "worldcup2014_player" VALUES(556,'Thomas Vermaelen',36);
INSERT INTO "worldcup2014_player" VALUES(557,'Vincent Kompany',36);
INSERT INTO "worldcup2014_player" VALUES(558,'Jan Vertonghen',36);
INSERT INTO "worldcup2014_player" VALUES(559,'Axel Witsel',36);
INSERT INTO "worldcup2014_player" VALUES(560,'Kevin De Bruyne',36);
INSERT INTO "worldcup2014_player" VALUES(561,'Marouane Fellaini',36);
INSERT INTO "worldcup2014_player" VALUES(562,'Romelu Lukaku',36);
INSERT INTO "worldcup2014_player" VALUES(563,'Eden Hazard',36);
INSERT INTO "worldcup2014_player" VALUES(564,'Yannick Ferreira Carrasco',36);
INSERT INTO "worldcup2014_player" VALUES(565,'Simon Mignolet',36);
INSERT INTO "worldcup2014_player" VALUES(566,'Koen Casteels',36);
INSERT INTO "worldcup2014_player" VALUES(567,'Dries Mertens',36);
INSERT INTO "worldcup2014_player" VALUES(568,'Thomas Meunier',36);
INSERT INTO "worldcup2014_player" VALUES(569,'Thorgan Hazard',36);
INSERT INTO "worldcup2014_player" VALUES(570,'Youri Tielemans',36);
INSERT INTO "worldcup2014_player" VALUES(571,'Adnan Januzaj',36);
INSERT INTO "worldcup2014_player" VALUES(572,'Mousa Dembélé',36);
INSERT INTO "worldcup2014_player" VALUES(573,'Dedryck Boyata',36);
INSERT INTO "worldcup2014_player" VALUES(574,'Michy Batshuayi',36);
INSERT INTO "worldcup2014_player" VALUES(575,'Nacer Chadli',36);
INSERT INTO "worldcup2014_player" VALUES(576,'Leander Dendoncker',36);
INSERT INTO "worldcup2014_player" VALUES(577,'Jaime Penedo',37);
INSERT INTO "worldcup2014_player" VALUES(578,'Michael Amir Murillo',37);
INSERT INTO "worldcup2014_player" VALUES(579,'Harold Cummings',37);
INSERT INTO "worldcup2014_player" VALUES(580,'Fidel Escobar',37);
INSERT INTO "worldcup2014_player" VALUES(581,'Román Torres',37);
INSERT INTO "worldcup2014_player" VALUES(582,'Gabriel Enrique Gómez',37);
INSERT INTO "worldcup2014_player" VALUES(583,'Blas Pérez',37);
INSERT INTO "worldcup2014_player" VALUES(584,'Édgar Joel Bárcenas',37);
INSERT INTO "worldcup2014_player" VALUES(585,'Gabriel Torres',37);
INSERT INTO "worldcup2014_player" VALUES(586,'Ismael Díaz',37);
INSERT INTO "worldcup2014_player" VALUES(587,'Armando Cooper',37);
INSERT INTO "worldcup2014_player" VALUES(588,'José Calderón',37);
INSERT INTO "worldcup2014_player" VALUES(589,'Adolfo Machado',37);
INSERT INTO "worldcup2014_player" VALUES(590,'Valentín Pimentel',37);
INSERT INTO "worldcup2014_player" VALUES(591,'Erick Davis',37);
INSERT INTO "worldcup2014_player" VALUES(592,'Abdiel Arroyo',37);
INSERT INTO "worldcup2014_player" VALUES(593,'Luis Ovalle',37);
INSERT INTO "worldcup2014_player" VALUES(594,'Luis Tejada',37);
INSERT INTO "worldcup2014_player" VALUES(595,'Ricardo Ávila',37);
INSERT INTO "worldcup2014_player" VALUES(596,'Aníbal Godoy',37);
INSERT INTO "worldcup2014_player" VALUES(597,'José Luis Rodríguez',37);
INSERT INTO "worldcup2014_player" VALUES(598,'Álex Rodríguez',37);
INSERT INTO "worldcup2014_player" VALUES(599,'Felipe Baloy',37);
INSERT INTO "worldcup2014_player" VALUES(600,'Farouk Ben Mustapha',38);
INSERT INTO "worldcup2014_player" VALUES(601,'Syam Ben Youssef',38);
INSERT INTO "worldcup2014_player" VALUES(602,'Yohan Benalouane',38);
INSERT INTO "worldcup2014_player" VALUES(603,'Yassine Meriah',38);
INSERT INTO "worldcup2014_player" VALUES(604,'Oussama Haddadi',38);
INSERT INTO "worldcup2014_player" VALUES(605,'Rami Bedoui',38);
INSERT INTO "worldcup2014_player" VALUES(606,'Saîf-Eddine Khaoui',38);
INSERT INTO "worldcup2014_player" VALUES(607,'Fakhreddine Ben Youssef',38);
INSERT INTO "worldcup2014_player" VALUES(608,'Anice Badri',38);
INSERT INTO "worldcup2014_player" VALUES(609,'Wahbi Khazri',38);
INSERT INTO "worldcup2014_player" VALUES(610,'Dylan Bronn',38);
INSERT INTO "worldcup2014_player" VALUES(611,'Ali Maâloul',38);
INSERT INTO "worldcup2014_player" VALUES(612,'Ferjani Sassi',38);
INSERT INTO "worldcup2014_player" VALUES(613,'Mohamed Amine Ben Amor',38);
INSERT INTO "worldcup2014_player" VALUES(614,'Ahmed Khalil',38);
INSERT INTO "worldcup2014_player" VALUES(615,'Aymen Mathlouthi',38);
INSERT INTO "worldcup2014_player" VALUES(616,'Ellyes Skhiri',38);
INSERT INTO "worldcup2014_player" VALUES(617,'Bassem Srarfi',38);
INSERT INTO "worldcup2014_player" VALUES(618,'Saber Khalifa',38);
INSERT INTO "worldcup2014_player" VALUES(619,'Ghailene Chaalali',38);
INSERT INTO "worldcup2014_player" VALUES(620,'Hamdi Nagguez',38);
INSERT INTO "worldcup2014_player" VALUES(621,'Mouez Hassen',38);
INSERT INTO "worldcup2014_player" VALUES(622,'Naïm Sliti',38);
INSERT INTO "worldcup2014_player" VALUES(623,'Jordan Pickford',39);
INSERT INTO "worldcup2014_player" VALUES(624,'Kyle Walker',39);
INSERT INTO "worldcup2014_player" VALUES(625,'Danny Rose',39);
INSERT INTO "worldcup2014_player" VALUES(626,'Eric Dier',39);
INSERT INTO "worldcup2014_player" VALUES(627,'John Stones',39);
INSERT INTO "worldcup2014_player" VALUES(628,'Harry Maguire',39);
INSERT INTO "worldcup2014_player" VALUES(629,'Jesse Lingard',39);
INSERT INTO "worldcup2014_player" VALUES(630,'Jordan Henderson',39);
INSERT INTO "worldcup2014_player" VALUES(631,'Harry Kane',39);
INSERT INTO "worldcup2014_player" VALUES(632,'Raheem Sterling',39);
INSERT INTO "worldcup2014_player" VALUES(633,'Jamie Vardy',39);
INSERT INTO "worldcup2014_player" VALUES(634,'Kieran Trippier',39);
INSERT INTO "worldcup2014_player" VALUES(635,'Jack Butland',39);
INSERT INTO "worldcup2014_player" VALUES(636,'Danny Welbeck',39);
INSERT INTO "worldcup2014_player" VALUES(637,'Gary Cahill',39);
INSERT INTO "worldcup2014_player" VALUES(638,'Phil Jones',39);
INSERT INTO "worldcup2014_player" VALUES(639,'Fabian Delph',39);
INSERT INTO "worldcup2014_player" VALUES(640,'Ashley Young',39);
INSERT INTO "worldcup2014_player" VALUES(641,'Marcus Rashford',39);
INSERT INTO "worldcup2014_player" VALUES(642,'Dele Alli',39);
INSERT INTO "worldcup2014_player" VALUES(643,'Ruben Loftus-Cheek',39);
INSERT INTO "worldcup2014_player" VALUES(644,'Trent Alexander-Arnold',39);
INSERT INTO "worldcup2014_player" VALUES(645,'Nick Pope',39);
INSERT INTO "worldcup2014_player" VALUES(646,'Wojciech Szczęsny',40);
INSERT INTO "worldcup2014_player" VALUES(647,'Michał Pazdan',40);
INSERT INTO "worldcup2014_player" VALUES(648,'Artur Jędrzejczyk',40);
INSERT INTO "worldcup2014_player" VALUES(649,'Thiago Cionek',40);
INSERT INTO "worldcup2014_player" VALUES(650,'Jan Bednarek',40);
INSERT INTO "worldcup2014_player" VALUES(651,'Jacek Góralski',40);
INSERT INTO "worldcup2014_player" VALUES(652,'Arkadiusz Milik',40);
INSERT INTO "worldcup2014_player" VALUES(653,'Karol Linetty',40);
INSERT INTO "worldcup2014_player" VALUES(654,'Robert Lewandowski',40);
INSERT INTO "worldcup2014_player" VALUES(655,'Grzegorz Krychowiak',40);
INSERT INTO "worldcup2014_player" VALUES(656,'Kamil Grosicki',40);
INSERT INTO "worldcup2014_player" VALUES(657,'Bartosz Białkowski',40);
INSERT INTO "worldcup2014_player" VALUES(658,'Maciej Rybus',40);
INSERT INTO "worldcup2014_player" VALUES(659,'Łukasz Teodorczyk',40);
INSERT INTO "worldcup2014_player" VALUES(660,'Kamil Glik',40);
INSERT INTO "worldcup2014_player" VALUES(661,'Jakub Błaszczykowski',40);
INSERT INTO "worldcup2014_player" VALUES(662,'Sławomir Peszko',40);
INSERT INTO "worldcup2014_player" VALUES(663,'Bartosz Bereszyński',40);
INSERT INTO "worldcup2014_player" VALUES(664,'Piotr Zieliński',40);
INSERT INTO "worldcup2014_player" VALUES(665,'Łukasz Piszczek',40);
INSERT INTO "worldcup2014_player" VALUES(666,'Rafał Kurzawa',40);
INSERT INTO "worldcup2014_player" VALUES(667,'Łukasz Fabiański',40);
INSERT INTO "worldcup2014_player" VALUES(668,'Dawid Kownacki',40);
INSERT INTO "worldcup2014_player" VALUES(669,'Abdoulaye Diallo',41);
INSERT INTO "worldcup2014_player" VALUES(670,'Saliou Ciss',41);
INSERT INTO "worldcup2014_player" VALUES(671,'Kalidou Koulibaly',41);
INSERT INTO "worldcup2014_player" VALUES(672,'Kara Mbodji',41);
INSERT INTO "worldcup2014_player" VALUES(673,'Idrissa Gueye',41);
INSERT INTO "worldcup2014_player" VALUES(674,'Salif Sané',41);
INSERT INTO "worldcup2014_player" VALUES(675,'Moussa Sow',41);
INSERT INTO "worldcup2014_player" VALUES(676,'Cheikhou Kouyaté',41);
INSERT INTO "worldcup2014_player" VALUES(677,'Mame Biram Diouf',41);
INSERT INTO "worldcup2014_player" VALUES(678,'Sadio Mane',41);
INSERT INTO "worldcup2014_player" VALUES(679,'Moussa Konaté',41);
INSERT INTO "worldcup2014_player" VALUES(680,'Diafra Sakho',41);
INSERT INTO "worldcup2014_player" VALUES(681,'Keita Baldé',41);
INSERT INTO "worldcup2014_player" VALUES(682,'Lamine Gassama',41);
INSERT INTO "worldcup2014_player" VALUES(683,'Moussa Wague',41);
INSERT INTO "worldcup2014_player" VALUES(684,'Alfred Gomis',41);
INSERT INTO "worldcup2014_player" VALUES(685,'David Ospina',42);
INSERT INTO "worldcup2014_player" VALUES(686,'Cristián Zapata',42);
INSERT INTO "worldcup2014_player" VALUES(687,'Óscar Murillo',42);
INSERT INTO "worldcup2014_player" VALUES(688,'Santiago Arias',42);
INSERT INTO "worldcup2014_player" VALUES(689,'Wílmar Barrios',42);
INSERT INTO "worldcup2014_player" VALUES(690,'Carlos Sánchez Moreno',42);
INSERT INTO "worldcup2014_player" VALUES(691,'Carlos Bacca',42);
INSERT INTO "worldcup2014_player" VALUES(692,'Abel Aguilar',42);
INSERT INTO "worldcup2014_player" VALUES(693,'Radamel Falcao',42);
INSERT INTO "worldcup2014_player" VALUES(694,'James Rodríguez',42);
INSERT INTO "worldcup2014_player" VALUES(695,'Juan Cuadrado',42);
INSERT INTO "worldcup2014_player" VALUES(696,'Camilo Vargas',42);
INSERT INTO "worldcup2014_player" VALUES(697,'Yerry Mina',42);
INSERT INTO "worldcup2014_player" VALUES(698,'Luis Muriel',42);
INSERT INTO "worldcup2014_player" VALUES(699,'Mateus Uribe',42);
INSERT INTO "worldcup2014_player" VALUES(700,'Jefferson Lerma',42);
INSERT INTO "worldcup2014_player" VALUES(701,'Johan Mojica',42);
INSERT INTO "worldcup2014_player" VALUES(702,'Frank Fabra',42);
INSERT INTO "worldcup2014_player" VALUES(703,'Miguel Borja',42);
INSERT INTO "worldcup2014_player" VALUES(704,'Juan Fernando Quintero',42);
INSERT INTO "worldcup2014_player" VALUES(705,'José Izquierdo',42);
INSERT INTO "worldcup2014_player" VALUES(706,'José Fernando Cuadrado',42);
INSERT INTO "worldcup2014_player" VALUES(707,'Dávinson Sánchez',42);
INSERT INTO "worldcup2014_player" VALUES(708,'Cheikh N Doye',41);
INSERT INTO "worldcup2014_player" VALUES(709,'Youssouf Sabaly',41);
INSERT INTO "worldcup2014_player" VALUES(710,'Alfred N Diaye',41);
INSERT INTO "worldcup2014_player" VALUES(711,'Khadim N Diaye',41);
INSERT INTO "worldcup2014_player" VALUES(712,'Badou Ndiaye',41);
INSERT INTO "worldcup2014_player" VALUES(713,'Ismaïla Sarr',41);
INSERT INTO "worldcup2014_player" VALUES(714,'M Baye Niang',41);
INSERT INTO "worldcup2014_player" VALUES(715,'Kim Seung-gyu',35);
INSERT INTO "worldcup2014_player" VALUES(716,'Lee Yong',35);
INSERT INTO "worldcup2014_player" VALUES(717,'Jung Seung-hyun',35);
INSERT INTO "worldcup2014_player" VALUES(718,'Oh Ban-suk',35);
INSERT INTO "worldcup2014_player" VALUES(719,'Yun Young-sun',35);
INSERT INTO "worldcup2014_player" VALUES(720,'Park Joo-ho',35);
INSERT INTO "worldcup2014_player" VALUES(721,'Son Heung-min',35);
INSERT INTO "worldcup2014_player" VALUES(722,'Ju Se-jong',35);
INSERT INTO "worldcup2014_player" VALUES(723,'Kim Shin-wook',35);
INSERT INTO "worldcup2014_player" VALUES(724,'Lee Seung-woo',35);
INSERT INTO "worldcup2014_player" VALUES(725,'Hwang Hee-chan',35);
INSERT INTO "worldcup2014_player" VALUES(726,'Kim Min-woo',35);
INSERT INTO "worldcup2014_player" VALUES(727,'Koo Ja-cheol',35);
INSERT INTO "worldcup2014_player" VALUES(728,'Hong Chul',35);
INSERT INTO "worldcup2014_player" VALUES(729,'Jung Woo-young',35);
INSERT INTO "worldcup2014_player" VALUES(730,'Ki Sung-yueng',35);
INSERT INTO "worldcup2014_player" VALUES(731,'Lee Jae-sung',35);
INSERT INTO "worldcup2014_player" VALUES(732,'Moon Seon-min',35);
INSERT INTO "worldcup2014_player" VALUES(733,'Kim Young-gwon',35);
INSERT INTO "worldcup2014_player" VALUES(734,'Jang Hyun-soo',35);
INSERT INTO "worldcup2014_player" VALUES(735,'Kim Jin-hyeon',35);
INSERT INTO "worldcup2014_player" VALUES(736,'Go Yo-han',35);
INSERT INTO "worldcup2014_player" VALUES(737,'Cho Hyun-woo',35);
CREATE TABLE "worldcup2014_matchstriker" ("id" integer NOT NULL PRIMARY KEY AUTOINCREMENT, "match_id" integer NOT NULL REFERENCES "worldcup2014_match" ("id"), "striker_id" integer NOT NULL REFERENCES "worldcup2014_player" ("id"));
INSERT INTO "worldcup2014_matchstriker" VALUES(1,1,55);
INSERT INTO "worldcup2014_matchstriker" VALUES(2,1,53);
INSERT INTO "worldcup2014_matchstriker" VALUES(3,1,69);
INSERT INTO "worldcup2014_matchstriker" VALUES(4,1,64);
INSERT INTO "worldcup2014_matchstriker" VALUES(5,2,141);
INSERT INTO "worldcup2014_matchstriker" VALUES(6,4,205);
INSERT INTO "worldcup2014_matchstriker" VALUES(7,3,8);
INSERT INTO "worldcup2014_matchstriker" VALUES(8,3,181);
INSERT INTO "worldcup2014_matchstriker" VALUES(9,3,166);
INSERT INTO "worldcup2014_matchstriker" VALUES(10,45,269);
INSERT INTO "worldcup2014_matchstriker" VALUES(11,45,238);
INSERT INTO "worldcup2014_matchstriker" VALUES(12,45,237);
INSERT INTO "worldcup2014_matchstriker" VALUES(13,47,320);
INSERT INTO "worldcup2014_matchstriker" VALUES(14,48,400);
INSERT INTO "worldcup2014_matchstriker" VALUES(15,46,342);
INSERT INTO "worldcup2014_matchstriker" VALUES(16,46,357);
INSERT INTO "worldcup2014_matchstriker" VALUES(17,5,472);
INSERT INTO "worldcup2014_matchstriker" VALUES(18,6,529);
INSERT INTO "worldcup2014_matchstriker" VALUES(19,7,426);
INSERT INTO "worldcup2014_matchstriker" VALUES(20,7,452);
INSERT INTO "worldcup2014_matchstriker" VALUES(21,8,534);
INSERT INTO "worldcup2014_matchstriker" VALUES(22,9,567);
INSERT INTO "worldcup2014_matchstriker" VALUES(23,9,562);
INSERT INTO "worldcup2014_matchstriker" VALUES(24,10,631);
INSERT INTO "worldcup2014_matchstriker" VALUES(25,10,612);
INSERT INTO "worldcup2014_matchstriker" VALUES(26,11,704);
INSERT INTO "worldcup2014_matchstriker" VALUES(27,11,34);
INSERT INTO "worldcup2014_matchstriker" VALUES(28,11,39);
INSERT INTO "worldcup2014_matchstriker" VALUES(29,12,655);
INSERT INTO "worldcup2014_matchstriker" VALUES(30,12,649);
INSERT INTO "worldcup2014_matchstriker" VALUES(31,12,714);
INSERT INTO "worldcup2014_matchstriker" VALUES(32,13,123);
INSERT INTO "worldcup2014_matchstriker" VALUES(33,13,53);
INSERT INTO "worldcup2014_matchstriker" VALUES(34,13,69);
INSERT INTO "worldcup2014_matchstriker" VALUES(35,13,126);
INSERT INTO "worldcup2014_matchstriker" VALUES(36,14,8);
INSERT INTO "worldcup2014_matchstriker" VALUES(37,16,181);
INSERT INTO "worldcup2014_matchstriker" VALUES(38,15,148);
INSERT INTO "worldcup2014_matchstriker" VALUES(39,17,310);
INSERT INTO "worldcup2014_matchstriker" VALUES(40,17,269);
INSERT INTO "worldcup2014_matchstriker" VALUES(41,19,376);
INSERT INTO "worldcup2014_matchstriker" VALUES(42,19,379);
INSERT INTO "worldcup2014_matchstriker" VALUES(43,19,387);
INSERT INTO "worldcup2014_matchstriker" VALUES(44,18,241);
INSERT INTO "worldcup2014_matchstriker" VALUES(45,20,425);
INSERT INTO "worldcup2014_matchstriker" VALUES(46,20,426);
INSERT INTO "worldcup2014_matchstriker" VALUES(47,21,399);
INSERT INTO "worldcup2014_matchstriker" VALUES(48,22,448);
INSERT INTO "worldcup2014_matchstriker" VALUES(49,22,461);
INSERT INTO "worldcup2014_matchstriker" VALUES(50,22,470);
INSERT INTO "worldcup2014_matchstriker" VALUES(51,23,562);
INSERT INTO "worldcup2014_matchstriker" VALUES(52,23,563);
INSERT INTO "worldcup2014_matchstriker" VALUES(53,23,574);
INSERT INTO "worldcup2014_matchstriker" VALUES(54,23,610);
INSERT INTO "worldcup2014_matchstriker" VALUES(55,23,609);
INSERT INTO "worldcup2014_matchstriker" VALUES(56,24,518);
INSERT INTO "worldcup2014_matchstriker" VALUES(57,24,721);
INSERT INTO "worldcup2014_matchstriker" VALUES(58,24,521);
INSERT INTO "worldcup2014_matchstriker" VALUES(59,25,492);
INSERT INTO "worldcup2014_matchstriker" VALUES(60,25,495);
INSERT INTO "worldcup2014_matchstriker" VALUES(61,25,550);
INSERT INTO "worldcup2014_matchstriker" VALUES(62,26,631);
INSERT INTO "worldcup2014_matchstriker" VALUES(63,26,627);
INSERT INTO "worldcup2014_matchstriker" VALUES(64,26,629);
INSERT INTO "worldcup2014_matchstriker" VALUES(65,26,599);
INSERT INTO "worldcup2014_matchstriker" VALUES(66,27,28);
INSERT INTO "worldcup2014_matchstriker" VALUES(67,27,38);
INSERT INTO "worldcup2014_matchstriker" VALUES(68,27,683);
INSERT INTO "worldcup2014_matchstriker" VALUES(69,27,678);
INSERT INTO "worldcup2014_matchstriker" VALUES(70,28,695);
INSERT INTO "worldcup2014_matchstriker" VALUES(71,28,693);
INSERT INTO "worldcup2014_matchstriker" VALUES(72,28,697);
INSERT INTO "worldcup2014_matchstriker" VALUES(73,30,77);
INSERT INTO "worldcup2014_matchstriker" VALUES(74,30,88);
INSERT INTO "worldcup2014_matchstriker" VALUES(75,30,126);
INSERT INTO "worldcup2014_matchstriker" VALUES(76,29,160);
INSERT INTO "worldcup2014_matchstriker" VALUES(77,29,148);
INSERT INTO "worldcup2014_matchstriker" VALUES(78,29,53);
INSERT INTO "worldcup2014_matchstriker" VALUES(79,32,218);
INSERT INTO "worldcup2014_matchstriker" VALUES(80,32,21);
INSERT INTO "worldcup2014_matchstriker" VALUES(81,31,184);
INSERT INTO "worldcup2014_matchstriker" VALUES(82,31,179);
INSERT INTO "worldcup2014_matchstriker" VALUES(83,31,204);
INSERT INTO "worldcup2014_matchstriker" VALUES(84,31,198);
INSERT INTO "worldcup2014_matchstriker" VALUES(85,33,286);
INSERT INTO "worldcup2014_matchstriker" VALUES(86,33,295);
INSERT INTO "worldcup2014_matchstriker" VALUES(87,36,356);
INSERT INTO "worldcup2014_matchstriker" VALUES(88,36,388);
INSERT INTO "worldcup2014_matchstriker" VALUES(89,36,373);
INSERT INTO "worldcup2014_matchstriker" VALUES(90,35,403);
INSERT INTO "worldcup2014_matchstriker" VALUES(91,35,333);
INSERT INTO "worldcup2014_matchstriker" VALUES(92,35,339);
INSERT INTO "worldcup2014_matchstriker" VALUES(93,38,536);
INSERT INTO "worldcup2014_matchstriker" VALUES(94,38,534);
INSERT INTO "worldcup2014_matchstriker" VALUES(95,38,528);
INSERT INTO "worldcup2014_matchstriker" VALUES(96,37,733);
INSERT INTO "worldcup2014_matchstriker" VALUES(97,37,721);
INSERT INTO "worldcup2014_matchstriker" VALUES(98,40,453);
INSERT INTO "worldcup2014_matchstriker" VALUES(99,40,457);
INSERT INTO "worldcup2014_matchstriker" VALUES(100,40,112);
INSERT INTO "worldcup2014_matchstriker" VALUES(101,40,439);
INSERT INTO "worldcup2014_matchstriker" VALUES(102,39,417);
INSERT INTO "worldcup2014_matchstriker" VALUES(103,39,430);
INSERT INTO "worldcup2014_matchstriker" VALUES(104,42,697);
INSERT INTO "worldcup2014_matchstriker" VALUES(105,41,650);
INSERT INTO "worldcup2014_matchstriker" VALUES(106,43,603);
INSERT INTO "worldcup2014_matchstriker" VALUES(107,43,607);
INSERT INTO "worldcup2014_matchstriker" VALUES(108,43,609);
INSERT INTO "worldcup2014_matchstriker" VALUES(109,44,571);
INSERT INTO "worldcup2014_matchstriker" VALUES(110,49,241);
INSERT INTO "worldcup2014_matchstriker" VALUES(111,49,238);
INSERT INTO "worldcup2014_matchstriker" VALUES(112,49,233);
INSERT INTO "worldcup2014_matchstriker" VALUES(113,49,325);
INSERT INTO "worldcup2014_matchstriker" VALUES(114,49,342);
INSERT INTO "worldcup2014_matchstriker" VALUES(115,49,334);
INSERT INTO "worldcup2014_matchstriker" VALUES(116,50,4);
INSERT INTO "worldcup2014_matchstriker" VALUES(117,50,160);
INSERT INTO "worldcup2014_matchstriker" VALUES(118,51,69);
INSERT INTO "worldcup2014_matchstriker" VALUES(119,51,51);
INSERT INTO "worldcup2014_matchstriker" VALUES(120,52,386);
INSERT INTO "worldcup2014_matchstriker" VALUES(121,52,313);
INSERT INTO "worldcup2014_matchstriker" VALUES(122,53,425);
INSERT INTO "worldcup2014_matchstriker" VALUES(123,53,435);
INSERT INTO "worldcup2014_matchstriker" VALUES(124,54,558);
INSERT INTO "worldcup2014_matchstriker" VALUES(125,54,561);
INSERT INTO "worldcup2014_matchstriker" VALUES(126,54,575);
INSERT INTO "worldcup2014_matchstriker" VALUES(127,54,38);
INSERT INTO "worldcup2014_matchstriker" VALUES(128,54,32);
INSERT INTO "worldcup2014_matchstriker" VALUES(129,55,540);
INSERT INTO "worldcup2014_matchstriker" VALUES(130,56,631);
INSERT INTO "worldcup2014_matchstriker" VALUES(131,56,697);
INSERT INTO "worldcup2014_matchstriker" VALUES(132,57,238);
INSERT INTO "worldcup2014_matchstriker" VALUES(133,57,235);
INSERT INTO "worldcup2014_matchstriker" VALUES(134,58,432);
INSERT INTO "worldcup2014_matchstriker" VALUES(135,58,423);
INSERT INTO "worldcup2014_matchstriker" VALUES(136,58,560);
INSERT INTO "worldcup2014_matchstriker" VALUES(137,59,642);
INSERT INTO "worldcup2014_matchstriker" VALUES(138,59,628);
INSERT INTO "worldcup2014_matchstriker" VALUES(139,60,53);
INSERT INTO "worldcup2014_matchstriker" VALUES(140,60,390);
INSERT INTO "worldcup2014_matchstriker" VALUES(141,60,378);
INSERT INTO "worldcup2014_matchstriker" VALUES(142,60,49);
INSERT INTO "worldcup2014_matchstriker" VALUES(143,61,236);
INSERT INTO "worldcup2014_matchstriker" VALUES(144,62,634);
INSERT INTO "worldcup2014_matchstriker" VALUES(145,62,386);
INSERT INTO "worldcup2014_matchstriker" VALUES(146,62,373);
INSERT INTO "worldcup2014_matchstriker" VALUES(147,63,563);
INSERT INTO "worldcup2014_matchstriker" VALUES(148,63,568);
INSERT INTO "worldcup2014_matchstriker" VALUES(149,64,386);
INSERT INTO "worldcup2014_matchstriker" VALUES(150,64,373);
INSERT INTO "worldcup2014_matchstriker" VALUES(151,64,238);
INSERT INTO "worldcup2014_matchstriker" VALUES(152,64,241);
INSERT INTO "worldcup2014_matchstriker" VALUES(153,64,237);
CREATE TABLE "worldcup2014_match" ("id" integer NOT NULL PRIMARY KEY AUTOINCREMENT, "matchtime" datetime NOT NULL, "score" varchar(200) NOT NULL, "finish" bool NOT NULL, "stage" varchar(200) NOT NULL, "teamA_id" integer NOT NULL REFERENCES "worldcup2014_team" ("id"), "teamB_id" integer NOT NULL REFERENCES "worldcup2014_team" ("id"), "winner_id" integer NOT NULL REFERENCES "worldcup2014_team" ("id"));
INSERT INTO "worldcup2014_match" VALUES(1,'2018-06-14 17:00:00','5-0',1,'groups',1,2,1);
INSERT INTO "worldcup2014_match" VALUES(2,'2018-06-15 14:00:00','0-1',1,'groups',14,15,15);
INSERT INTO "worldcup2014_match" VALUES(3,'2018-06-15 20:00:00','3-3',1,'groups',16,17,44);
INSERT INTO "worldcup2014_match" VALUES(4,'2018-06-15 17:00:00','0-1',1,'groups',18,19,19);
INSERT INTO "worldcup2014_match" VALUES(5,'2018-06-17 14:00:00','0-1',1,'groups',30,31,31);
INSERT INTO "worldcup2014_match" VALUES(6,'2018-06-17 17:00:00','0-1',1,'groups',32,33,33);
INSERT INTO "worldcup2014_match" VALUES(7,'2018-06-17 20:00:00','1-1',1,'groups',28,29,44);
INSERT INTO "worldcup2014_match" VALUES(8,'2018-06-18 14:00:00','1-0',1,'groups',34,35,34);
INSERT INTO "worldcup2014_match" VALUES(9,'2018-06-18 17:00:00','3-0',1,'groups',36,37,36);
INSERT INTO "worldcup2014_match" VALUES(10,'2018-06-18 20:00:00','1-2',1,'groups',38,39,39);
INSERT INTO "worldcup2014_match" VALUES(11,'2018-06-19 14:00:00','1-2',1,'groups',42,43,43);
INSERT INTO "worldcup2014_match" VALUES(12,'2018-06-19 17:00:00','1-2',1,'groups',40,41,41);
INSERT INTO "worldcup2014_match" VALUES(13,'2018-06-19 20:00:00','3-1',1,'groups',1,14,1);
INSERT INTO "worldcup2014_match" VALUES(14,'2018-06-20 14:00:00','1-0',1,'groups',16,18,16);
INSERT INTO "worldcup2014_match" VALUES(15,'2018-06-20 17:00:00','1-0',1,'groups',15,2,15);
INSERT INTO "worldcup2014_match" VALUES(16,'2018-06-20 20:00:00','0-1',1,'groups',19,17,17);
INSERT INTO "worldcup2014_match" VALUES(17,'2018-06-21 14:00:00','1-1',1,'groups',23,21,44);
INSERT INTO "worldcup2014_match" VALUES(18,'2018-06-21 17:00:00','1-0',1,'groups',20,22,20);
INSERT INTO "worldcup2014_match" VALUES(19,'2018-06-21 20:00:00','0-3',1,'groups',24,26,26);
INSERT INTO "worldcup2014_match" VALUES(20,'2018-06-22 14:00:00','2-0',1,'groups',28,30,28);
INSERT INTO "worldcup2014_match" VALUES(21,'2018-06-22 17:00:00','2-0',1,'groups',27,25,27);
INSERT INTO "worldcup2014_match" VALUES(22,'2018-06-22 20:00:00','1-2',1,'groups',31,29,29);
INSERT INTO "worldcup2014_match" VALUES(23,'2018-06-23 14:00:00','5-2',1,'groups',36,38,36);
INSERT INTO "worldcup2014_match" VALUES(24,'2018-06-23 17:00:00','1-2',1,'groups',35,33,33);
INSERT INTO "worldcup2014_match" VALUES(25,'2018-06-23 20:00:00','2-1',1,'groups',32,34,32);
INSERT INTO "worldcup2014_match" VALUES(26,'2018-06-24 14:00:00','6-1',1,'groups',39,37,39);
INSERT INTO "worldcup2014_match" VALUES(27,'2018-06-24 17:00:00','2-2',1,'groups',43,41,44);
INSERT INTO "worldcup2014_match" VALUES(28,'2018-06-24 20:00:00','0-3',1,'groups',40,42,42);
INSERT INTO "worldcup2014_match" VALUES(29,'2018-06-25 16:00:00','3-0',1,'groups',15,1,15);
INSERT INTO "worldcup2014_match" VALUES(30,'2018-06-25 16:00:00','2-1',1,'groups',2,14,2);
INSERT INTO "worldcup2014_match" VALUES(31,'2018-06-25 20:00:00','2-2',1,'groups',17,18,44);
INSERT INTO "worldcup2014_match" VALUES(32,'2018-06-25 20:00:00','1-1',1,'groups',19,16,44);
INSERT INTO "worldcup2014_match" VALUES(33,'2018-06-26 16:00:00','0-2',1,'groups',21,22,22);
INSERT INTO "worldcup2014_match" VALUES(34,'2018-06-26 16:00:00','0-0',1,'groups',23,20,44);
INSERT INTO "worldcup2014_match" VALUES(35,'2018-06-26 20:00:00','1-2',1,'groups',27,24,24);
INSERT INTO "worldcup2014_match" VALUES(36,'2018-06-26 20:00:00','1-2',1,'groups',25,26,26);
INSERT INTO "worldcup2014_match" VALUES(37,'2018-06-27 16:00:00','2-0',1,'groups',35,32,35);
INSERT INTO "worldcup2014_match" VALUES(38,'2018-06-27 16:00:00','0-3',1,'groups',33,34,34);
INSERT INTO "worldcup2014_match" VALUES(39,'2018-06-27 20:00:00','0-2',1,'groups',31,28,28);
INSERT INTO "worldcup2014_match" VALUES(40,'2018-06-27 20:00:00','2-2',1,'groups',29,30,44);
INSERT INTO "worldcup2014_match" VALUES(41,'2018-06-28 16:00:00','0-1',1,'groups',43,40,40);
INSERT INTO "worldcup2014_match" VALUES(42,'2018-06-28 16:00:00','0-1',1,'groups',41,42,42);
INSERT INTO "worldcup2014_match" VALUES(43,'2018-06-28 20:00:00','1-2',1,'groups',37,38,38);
INSERT INTO "worldcup2014_match" VALUES(44,'2018-06-28 20:00:00','0-1',1,'groups',39,36,36);
INSERT INTO "worldcup2014_match" VALUES(45,'2018-06-16 12:00:00','2-1',1,'groups',20,21,20);
INSERT INTO "worldcup2014_match" VALUES(46,'2018-06-16 15:00:00','1-1',1,'groups',24,25,44);
INSERT INTO "worldcup2014_match" VALUES(47,'2018-06-16 18:00:00','0-1',1,'groups',22,23,23);
INSERT INTO "worldcup2014_match" VALUES(48,'2018-06-16 21:00:00','2-0',1,'groups',26,27,26);
INSERT INTO "worldcup2014_match" VALUES(49,'2018-06-30 16:00:00','4-3',1,'round16',20,24,20);
INSERT INTO "worldcup2014_match" VALUES(50,'2018-06-30 20:00:00','2-1',1,'round16',15,16,15);
INSERT INTO "worldcup2014_match" VALUES(51,'2018-07-01 16:00:00','1-1',1,'round16',17,1,44);
INSERT INTO "worldcup2014_match" VALUES(52,'2018-07-01 20:00:00','1-1',1,'round16',26,23,44);
INSERT INTO "worldcup2014_match" VALUES(53,'2018-07-02 16:00:00','2-0',1,'round16',28,33,28);
INSERT INTO "worldcup2014_match" VALUES(54,'2018-07-02 20:00:00','3-2',1,'round16',36,43,36);
INSERT INTO "worldcup2014_match" VALUES(55,'2018-07-03 16:00:00','1-0',1,'round16',34,29,34);
INSERT INTO "worldcup2014_match" VALUES(56,'2018-07-03 20:00:00','1-1',1,'round16',42,39,44);
INSERT INTO "worldcup2014_match" VALUES(57,'2018-07-06 16:00:00','0-2',1,'quarter-finals',15,20,20);
INSERT INTO "worldcup2014_match" VALUES(58,'2018-07-06 20:00:00','1-2',1,'quarter-finals',28,36,36);
INSERT INTO "worldcup2014_match" VALUES(59,'2018-07-07 16:00:00','0-2',1,'quarter-finals',34,39,39);
INSERT INTO "worldcup2014_match" VALUES(60,'2018-07-07 20:00:00','2-2',1,'quarter-finals',1,26,44);
INSERT INTO "worldcup2014_match" VALUES(61,'2018-07-10 20:00:00','1-0',1,'semi-finals',20,36,20);
INSERT INTO "worldcup2014_match" VALUES(62,'2018-07-11 20:00:00','2-1',1,'semi-finals',26,39,26);
INSERT INTO "worldcup2014_match" VALUES(63,'2018-07-14 16:00:00','2-0',1,'third-place',36,39,36);
INSERT INTO "worldcup2014_match" VALUES(64,'2018-07-15 17:00:00','4-2',1,'final',20,26,20);
CREATE TABLE "worldcup2014_extravote" ("id" integer NOT NULL PRIMARY KEY AUTOINCREMENT, "user" varchar(200) NOT NULL, "striker_id" integer NOT NULL REFERENCES "worldcup2014_player" ("id"), "winner_id" integer NOT NULL REFERENCES "worldcup2014_team" ("id"));
INSERT INTO "worldcup2014_extravote" VALUES(1,'pedro',631,36);
INSERT INTO "worldcup2014_extravote" VALUES(2,'omar',8,28);
INSERT INTO "worldcup2014_extravote" VALUES(3,'cesar',8,28);
INSERT INTO "worldcup2014_extravote" VALUES(4,'ricardo',631,28);
INSERT INTO "worldcup2014_extravote" VALUES(5,'rocha',562,36);
INSERT INTO "worldcup2014_extravote" VALUES(6,'steffi',333,32);
INSERT INTO "worldcup2014_extravote" VALUES(7,'assia',562,36);
INSERT INTO "worldcup2014_extravote" VALUES(8,'steph',631,20);
INSERT INTO "worldcup2014_extravote" VALUES(9,'miguel',8,16);
INSERT INTO "worldcup2014_extravote" VALUES(10,'teresa',562,36);
INSERT INTO "worldcup2014_extravote" VALUES(11,'anki',631,36);
INSERT INTO "worldcup2014_extravote" VALUES(12,'nuno',562,26);
CREATE TABLE "django_migrations" ("id" integer NOT NULL PRIMARY KEY AUTOINCREMENT, "app" varchar(255) NOT NULL, "name" varchar(255) NOT NULL, "applied" datetime NOT NULL);
INSERT INTO "django_migrations" VALUES(1,'contenttypes','0001_initial','2018-06-08 11:48:21.792849');
INSERT INTO "django_migrations" VALUES(2,'auth','0001_initial','2018-06-08 11:48:21.826965');
INSERT INTO "django_migrations" VALUES(3,'admin','0001_initial','2018-06-08 11:48:21.851757');
INSERT INTO "django_migrations" VALUES(4,'contenttypes','0002_remove_content_type_name','2018-06-08 11:48:21.901585');
INSERT INTO "django_migrations" VALUES(5,'auth','0002_alter_permission_name_max_length','2018-06-08 11:48:21.928751');
INSERT INTO "django_migrations" VALUES(6,'auth','0003_alter_user_email_max_length','2018-06-08 11:48:21.954000');
INSERT INTO "django_migrations" VALUES(7,'auth','0004_alter_user_username_opts','2018-06-08 11:48:21.978368');
INSERT INTO "django_migrations" VALUES(8,'auth','0005_alter_user_last_login_null','2018-06-08 11:48:22.005639');
INSERT INTO "django_migrations" VALUES(9,'auth','0006_require_contenttypes_0002','2018-06-08 11:48:22.012408');
INSERT INTO "django_migrations" VALUES(10,'sessions','0001_initial','2018-06-08 11:48:22.025183');
CREATE TABLE "auth_group" ("id" integer NOT NULL PRIMARY KEY AUTOINCREMENT, "name" varchar(80) NOT NULL UNIQUE);
CREATE TABLE "auth_group_permissions" ("id" integer NOT NULL PRIMARY KEY AUTOINCREMENT, "group_id" integer NOT NULL REFERENCES "auth_group" ("id"), "permission_id" integer NOT NULL REFERENCES "auth_permission" ("id"), UNIQUE ("group_id", "permission_id"));
CREATE TABLE "auth_user_groups" ("id" integer NOT NULL PRIMARY KEY AUTOINCREMENT, "user_id" integer NOT NULL REFERENCES "auth_user" ("id"), "group_id" integer NOT NULL REFERENCES "auth_group" ("id"), UNIQUE ("user_id", "group_id"));
CREATE TABLE "auth_user_user_permissions" ("id" integer NOT NULL PRIMARY KEY AUTOINCREMENT, "user_id" integer NOT NULL REFERENCES "auth_user" ("id"), "permission_id" integer NOT NULL REFERENCES "auth_permission" ("id"), UNIQUE ("user_id", "permission_id"));
CREATE TABLE "django_admin_log" ("id" integer NOT NULL PRIMARY KEY AUTOINCREMENT, "action_time" datetime NOT NULL, "object_id" text NULL, "object_repr" varchar(200) NOT NULL, "action_flag" smallint unsigned NOT NULL, "change_message" text NOT NULL, "content_type_id" integer NULL REFERENCES "django_content_type" ("id"), "user_id" integer NOT NULL REFERENCES "auth_user" ("id"));
INSERT INTO "django_admin_log" VALUES(78,'2018-06-14 17:08:10.210679','1','admin',3,'',4,2);
INSERT INTO "django_admin_log" VALUES(79,'2018-06-14 19:35:37.273068','1','russia vs saudi-arabia',2,'Changed winner, score and finish.',9,2);
INSERT INTO "django_admin_log" VALUES(80,'2018-06-14 19:36:35.574645','1','russia vs saudi-arabia - [russia] Yury Gazinsky',1,'',10,2);
INSERT INTO "django_admin_log" VALUES(81,'2018-06-14 19:37:00.426030','2','russia vs saudi-arabia - [russia] Denis Cheryshev',1,'',10,2);
INSERT INTO "django_admin_log" VALUES(82,'2018-06-14 19:37:18.650376','3','russia vs saudi-arabia - [russia] Artem Dzyuba',1,'',10,2);
INSERT INTO "django_admin_log" VALUES(83,'2018-06-14 19:37:30.370098','4','russia vs saudi-arabia - [russia] Aleksandr Golovin',1,'',10,2);
INSERT INTO "django_admin_log" VALUES(84,'2018-06-15 16:01:53.915288','2','egypt vs uruguay',2,'Changed winner, score and finish.',9,2);
INSERT INTO "django_admin_log" VALUES(85,'2018-06-15 16:03:30.890725','141','[uruguay] Jose Gimenez',2,'Changed name.',8,2);
INSERT INTO "django_admin_log" VALUES(86,'2018-06-15 16:03:48.882146','5','egypt vs uruguay - [uruguay] Jose Gimenez',1,'',10,2);
INSERT INTO "django_admin_log" VALUES(87,'2018-06-16 08:32:47.569515','3','portugal vs spain',2,'Changed score and finish.',9,2);
INSERT INTO "django_admin_log" VALUES(88,'2018-06-16 08:33:59.484404','4','morocco vs iran',2,'Changed winner, score and finish.',9,2);
INSERT INTO "django_admin_log" VALUES(89,'2018-06-16 08:35:39.873573','6','morocco vs iran - [morocco] Aziz Bouhaddouz',1,'',10,2);
INSERT INTO "django_admin_log" VALUES(90,'2018-06-16 08:35:59.333365','7','portugal vs spain - [portugal] Cristiano Ronaldo',1,'',10,2);
INSERT INTO "django_admin_log" VALUES(91,'2018-06-16 08:36:27.900920','8','portugal vs spain - [spain] Diego Costa',1,'',10,2);
INSERT INTO "django_admin_log" VALUES(92,'2018-06-16 08:36:54.110958','9','portugal vs spain - [spain] Nacho',1,'',10,2);
INSERT INTO "django_admin_log" VALUES(93,'2018-06-16 23:28:53.148928','45','france vs australia',2,'Changed winner, score and finish.',9,2);
INSERT INTO "django_admin_log" VALUES(94,'2018-06-16 23:29:33.387024','46','argentina vs iceland',2,'Changed score and finish.',9,2);
INSERT INTO "django_admin_log" VALUES(95,'2018-06-16 23:30:12.404968','47','peru vs denmark',2,'Changed winner and score.',9,2);
INSERT INTO "django_admin_log" VALUES(96,'2018-06-16 23:30:46.092604','48','croatia vs nigeria',2,'Changed winner, score and finish.',9,2);
INSERT INTO "django_admin_log" VALUES(97,'2018-06-16 23:30:59.397350','47','peru vs denmark',2,'Changed finish.',9,2);
INSERT INTO "django_admin_log" VALUES(98,'2018-06-16 23:31:06.573315','46','argentina vs iceland',2,'No fields changed.',9,2);
INSERT INTO "django_admin_log" VALUES(99,'2018-06-16 23:31:14.781368','45','france vs australia',2,'No fields changed.',9,2);
INSERT INTO "django_admin_log" VALUES(100,'2018-06-16 23:32:53.158693','10','france vs australia - [australia] Mile Jedinak',1,'',10,2);
INSERT INTO "django_admin_log" VALUES(101,'2018-06-16 23:33:39.912775','11','france vs australia - [france] Antoine Griezmann',1,'',10,2);
INSERT INTO "django_admin_log" VALUES(102,'2018-06-16 23:34:50.233723','12','france vs australia - [france] Paul Pogba',1,'',10,2);
INSERT INTO "django_admin_log" VALUES(103,'2018-06-16 23:38:40.632928','13','peru vs denmark - [denmark] Yussuf Poulsen',1,'',10,2);
INSERT INTO "django_admin_log" VALUES(104,'2018-06-16 23:40:41.651071','14','croatia vs nigeria - [nigeria] Oghenekaro Etebo',1,'',10,2);
INSERT INTO "django_admin_log" VALUES(105,'2018-06-16 23:42:36.849944','379','[croatia] Luka Modric',2,'Changed name.',8,2);
INSERT INTO "django_admin_log" VALUES(106,'2018-06-16 23:44:07.057679','357','[iceland] Alfred Finnbogason',2,'Changed name.',8,2);
INSERT INTO "django_admin_log" VALUES(107,'2018-06-16 23:45:30.326064','342','[argentina] Sergio Aguero',2,'Changed name.',8,2);
INSERT INTO "django_admin_log" VALUES(108,'2018-06-16 23:46:18.751492','15','argentina vs iceland - [argentina] Sergio Aguero',1,'',10,2);
INSERT INTO "django_admin_log" VALUES(109,'2018-06-16 23:47:06.157659','16','argentina vs iceland - [iceland] Alfred Finnbogason',1,'',10,2);
INSERT INTO "django_admin_log" VALUES(110,'2018-06-17 16:40:11.323469','5','costa-rica vs serbia',2,'Changed winner, score and finish.',9,2);
INSERT INTO "django_admin_log" VALUES(111,'2018-06-17 16:41:28.114497','17','costa-rica vs serbia - [serbia] Aleksandar Kolarov',1,'',10,2);
INSERT INTO "django_admin_log" VALUES(112,'2018-06-17 22:56:37.705505','6','germany vs mexico',2,'Changed winner, score and finish.',9,2);
INSERT INTO "django_admin_log" VALUES(113,'2018-06-17 22:57:04.119578','7','brazil vs switzerland',2,'Changed score and finish.',9,2);
INSERT INTO "django_admin_log" VALUES(114,'2018-06-17 22:58:10.386840','18','germany vs mexico - [mexico] Hirving Lozano',1,'',10,2);
INSERT INTO "django_admin_log" VALUES(115,'2018-06-17 22:58:38.541991','19','brazil vs switzerland - [brazil] Philippe Coutinho',1,'',10,2);
INSERT INTO "django_admin_log" VALUES(116,'2018-06-17 22:59:15.964779','20','brazil vs switzerland - [switzerland] Steven Zuber',1,'',10,2);
INSERT INTO "django_admin_log" VALUES(117,'2018-06-18 19:42:58.639993','8','sweden vs korea',2,'Changed winner, score and finish.',9,2);
INSERT INTO "django_admin_log" VALUES(118,'2018-06-18 19:43:21.373067','9','belgium vs panama',2,'Changed winner, score and finish.',9,2);
INSERT INTO "django_admin_log" VALUES(119,'2018-06-18 19:44:12.462934','21','sweden vs korea - [sweden] Andreas Granqvist',1,'',10,2);
INSERT INTO "django_admin_log" VALUES(120,'2018-06-18 19:44:47.730510','22','belgium vs panama - [belgium] Dries Mertens',1,'',10,2);
INSERT INTO "django_admin_log" VALUES(121,'2018-06-18 19:45:08.013359','23','belgium vs panama - [belgium] Romelu Lukaku',1,'',10,2);
INSERT INTO "django_admin_log" VALUES(122,'2018-06-18 22:00:20.487894','10','tunisia vs england',2,'Changed winner, score and finish.',9,2);
INSERT INTO "django_admin_log" VALUES(123,'2018-06-18 22:00:47.557714','24','tunisia vs england - [england] Harry Kane',1,'',10,2);
INSERT INTO "django_admin_log" VALUES(124,'2018-06-18 22:01:20.321432','25','tunisia vs england - [tunisia] Ferjani Sassi',1,'',10,2);
INSERT INTO "django_admin_log" VALUES(125,'2018-06-19 15:41:35.768003','11','colombia vs japan',2,'Changed winner, score and finish.',9,2);
INSERT INTO "django_admin_log" VALUES(126,'2018-06-19 15:43:47.423372','26','colombia vs japan - [colombia] Juan Fernando Quintero',1,'',10,2);
INSERT INTO "django_admin_log" VALUES(127,'2018-06-19 15:44:00.754098','27','colombia vs japan - [japan] Shinji Kagawa',1,'',10,2);
INSERT INTO "django_admin_log" VALUES(128,'2018-06-19 15:44:12.241709','28','colombia vs japan - [japan] Yuya Osako',1,'',10,2);
INSERT INTO "django_admin_log" VALUES(129,'2018-06-19 15:44:54.728532','11','colombia vs japan',2,'Changed score.',9,2);
INSERT INTO "django_admin_log" VALUES(130,'2018-06-19 15:45:29.090652','11','colombia vs japan',2,'Changed winner.',9,2);
INSERT INTO "django_admin_log" VALUES(131,'2018-06-19 19:48:45.323578','12','poland vs senegal',2,'Changed winner, score and finish.',9,2);
INSERT INTO "django_admin_log" VALUES(132,'2018-06-19 19:49:45.039709','29','poland vs senegal - [poland] Grzegorz Krychowiak',1,'',10,2);
INSERT INTO "django_admin_log" VALUES(133,'2018-06-19 19:51:41.435162','30','poland vs senegal - [poland] Thiago Cionek',1,'',10,2);
INSERT INTO "django_admin_log" VALUES(134,'2018-06-19 19:52:21.956743','31','poland vs senegal - [senegal] M Baye Niang',1,'',10,2);
INSERT INTO "django_admin_log" VALUES(135,'2018-06-19 21:38:27.891855','32','russia vs egypt - [egypt] Ahmed Fathy',1,'',10,2);
INSERT INTO "django_admin_log" VALUES(136,'2018-06-19 21:38:38.427383','33','russia vs egypt - [russia] Denis Cheryshev',1,'',10,2);
INSERT INTO "django_admin_log" VALUES(137,'2018-06-19 21:38:52.225778','34','russia vs egypt - [russia] Artem Dzyuba',1,'',10,2);
INSERT INTO "django_admin_log" VALUES(138,'2018-06-19 21:39:14.361927','35','russia vs egypt - [egypt] Mohamed Salah',1,'',10,2);
INSERT INTO "django_admin_log" VALUES(139,'2018-06-19 21:39:42.050932','13','russia vs egypt',2,'Changed winner, score and finish.',9,2);
INSERT INTO "django_admin_log" VALUES(140,'2018-06-19 21:41:16.717544','11','alex',3,'',4,2);
INSERT INTO "django_admin_log" VALUES(141,'2018-06-20 16:10:50.413542','14','portugal vs morocco',2,'Changed winner, score and finish.',9,2);
INSERT INTO "django_admin_log" VALUES(142,'2018-06-20 16:11:24.453615','36','portugal vs morocco - [portugal] Cristiano Ronaldo',1,'',10,2);
INSERT INTO "django_admin_log" VALUES(143,'2018-06-20 21:55:22.704640','15','uruguay vs saudi-arabia',2,'Changed winner, score and finish.',9,2);
INSERT INTO "django_admin_log" VALUES(144,'2018-06-20 21:55:47.343780','16','iran vs spain',2,'Changed winner, score and finish.',9,2);
INSERT INTO "django_admin_log" VALUES(145,'2018-06-20 21:56:40.724562','37','iran vs spain - [spain] Diego Costa',1,'',10,2);
INSERT INTO "django_admin_log" VALUES(146,'2018-06-20 21:58:14.545912','148','[uruguay] Luis Suarez',2,'Changed name.',8,2);
INSERT INTO "django_admin_log" VALUES(147,'2018-06-20 21:58:36.972483','38','uruguay vs saudi-arabia - [uruguay] Luis Suarez',1,'',10,2);
INSERT INTO "django_admin_log" VALUES(148,'2018-06-21 16:38:37.890006','17','denmark vs australia',2,'Changed score and finish.',9,2);
INSERT INTO "django_admin_log" VALUES(149,'2018-06-21 16:39:59.248833','39','denmark vs australia - [denmark] Christian Eriksen',1,'',10,2);
INSERT INTO "django_admin_log" VALUES(150,'2018-06-21 16:40:25.042784','40','denmark vs australia - [australia] Mile Jedinak',1,'',10,2);
INSERT INTO "django_admin_log" VALUES(151,'2018-06-21 23:07:52.074324','18','france vs peru',2,'Changed winner, score and finish.',9,2);
INSERT INTO "django_admin_log" VALUES(152,'2018-06-21 23:08:17.572494','19','argentina vs croatia',2,'Changed winner, score and finish.',9,2);
INSERT INTO "django_admin_log" VALUES(153,'2018-06-21 23:09:42.958189','241','[france] Kylian Mbappe',2,'Changed name.',8,2);
INSERT INTO "django_admin_log" VALUES(154,'2018-06-21 23:10:33.258925','376','[croatia] Ivan Rakitic',2,'Changed name.',8,2);
INSERT INTO "django_admin_log" VALUES(155,'2018-06-21 23:10:46.108113','387','[croatia] Ante Rebic',2,'Changed name.',8,2);
INSERT INTO "django_admin_log" VALUES(156,'2018-06-21 23:11:28.340214','41','argentina vs croatia - [croatia] Ivan Rakitic',1,'',10,2);
INSERT INTO "django_admin_log" VALUES(157,'2018-06-21 23:12:01.195006','42','argentina vs croatia - [croatia] Luka Modric',1,'',10,2);
INSERT INTO "django_admin_log" VALUES(158,'2018-06-21 23:12:51.889209','43','argentina vs croatia - [croatia] Ante Rebic',1,'',10,2);
INSERT INTO "django_admin_log" VALUES(159,'2018-06-21 23:16:10.950404','44','france vs peru - [france] Kylian Mbappe',1,'',10,2);
INSERT INTO "django_admin_log" VALUES(160,'2018-06-22 11:51:03.165309','14','mike',3,'',4,2);
INSERT INTO "django_admin_log" VALUES(161,'2018-06-22 16:05:39.158081','20','brazil vs costa-rica',2,'Changed winner, score and finish.',9,2);
INSERT INTO "django_admin_log" VALUES(162,'2018-06-22 16:06:05.725848','45','brazil vs costa-rica - [brazil] Neymar',1,'',10,2);
INSERT INTO "django_admin_log" VALUES(163,'2018-06-22 16:06:22.308083','46','brazil vs costa-rica - [brazil] Philippe Coutinho',1,'',10,2);
INSERT INTO "django_admin_log" VALUES(164,'2018-06-22 19:55:23.395571','21','nigeria vs iceland',2,'Changed winner, score and finish.',9,2);
INSERT INTO "django_admin_log" VALUES(165,'2018-06-22 19:56:36.314594','47','nigeria vs iceland - [nigeria] Ahmed Musa',1,'',10,2);
INSERT INTO "django_admin_log" VALUES(166,'2018-06-22 21:57:28.592091','22','serbia vs switzerland',2,'Changed winner, score and finish.',9,2);
INSERT INTO "django_admin_log" VALUES(167,'2018-06-22 21:59:20.419829','48','serbia vs switzerland - [switzerland] Granit Xhaka',1,'',10,2);
INSERT INTO "django_admin_log" VALUES(168,'2018-06-22 22:00:24.838041','49','serbia vs switzerland - [switzerland] Xherdan Shaqiri',1,'',10,2);
INSERT INTO "django_admin_log" VALUES(169,'2018-06-22 22:01:41.247655','470','[serbia] Aleksandar Mitrovic',2,'Changed name.',8,2);
INSERT INTO "django_admin_log" VALUES(170,'2018-06-22 22:02:03.679531','50','serbia vs switzerland - [serbia] Aleksandar Mitrovic',1,'',10,2);
INSERT INTO "django_admin_log" VALUES(171,'2018-06-23 16:15:25.904406','23','belgium vs tunisia',2,'Changed winner, score and finish.',9,2);
INSERT INTO "django_admin_log" VALUES(172,'2018-06-23 16:16:20.475681','51','belgium vs tunisia - [belgium] Romelu Lukaku',1,'',10,2);
INSERT INTO "django_admin_log" VALUES(173,'2018-06-23 16:16:37.349505','52','belgium vs tunisia - [belgium] Thorgan Hazard',1,'',10,2);
INSERT INTO "django_admin_log" VALUES(174,'2018-06-23 16:16:53.420188','53','belgium vs tunisia - [belgium] Michy Batshuayi',1,'',10,2);
INSERT INTO "django_admin_log" VALUES(175,'2018-06-23 16:17:21.602661','54','belgium vs tunisia - [tunisia] Dylan Bronn',1,'',10,2);
INSERT INTO "django_admin_log" VALUES(176,'2018-06-23 16:17:39.160850','55','belgium vs tunisia - [tunisia] Wahbi Khazri',1,'',10,2);
INSERT INTO "django_admin_log" VALUES(177,'2018-06-23 16:18:24.959629','52','belgium vs tunisia - [belgium] Eden Hazard',2,'Changed striker.',10,2);
INSERT INTO "django_admin_log" VALUES(178,'2018-06-23 20:05:31.357580','24','korea vs mexico',2,'Changed winner, score and finish.',9,2);
INSERT INTO "django_admin_log" VALUES(179,'2018-06-23 20:09:12.345261','56','korea vs mexico - [mexico] Carlos Vela',1,'',10,2);
INSERT INTO "django_admin_log" VALUES(180,'2018-06-23 20:10:58.740717','57','korea vs mexico - [korea] Son Heung-min',1,'',10,2);
INSERT INTO "django_admin_log" VALUES(181,'2018-06-23 20:14:56.372640','521','[mexico] Javier Hernandez',2,'Changed name.',8,2);
INSERT INTO "django_admin_log" VALUES(182,'2018-06-23 20:15:59.936788','58','korea vs mexico - [mexico] Javier Hernandez',1,'',10,2);
INSERT INTO "django_admin_log" VALUES(183,'2018-06-23 22:07:03.907530','25','germany vs sweden',2,'Changed winner, score and finish.',9,2);
INSERT INTO "django_admin_log" VALUES(184,'2018-06-23 22:08:03.265826','59','germany vs sweden - [germany] Toni Kroos',1,'',10,2);
INSERT INTO "django_admin_log" VALUES(185,'2018-06-23 22:08:59.121562','60','germany vs sweden - [germany] Marco Reus',1,'',10,2);
INSERT INTO "django_admin_log" VALUES(186,'2018-06-23 22:09:55.043694','61','germany vs sweden - [sweden] Ola Toivonen',1,'',10,2);
INSERT INTO "django_admin_log" VALUES(187,'2018-06-24 13:53:58.361009','49','- vs -',1,'',9,2);
INSERT INTO "django_admin_log" VALUES(188,'2018-06-24 13:54:12.836185','50','- vs -',1,'',9,2);
INSERT INTO "django_admin_log" VALUES(189,'2018-06-24 13:54:30.807664','51','- vs -',1,'',9,2);
INSERT INTO "django_admin_log" VALUES(190,'2018-06-24 13:54:48.320940','52','- vs -',1,'',9,2);
INSERT INTO "django_admin_log" VALUES(191,'2018-06-24 13:55:01.931957','53','- vs -',1,'',9,2);
INSERT INTO "django_admin_log" VALUES(192,'2018-06-24 13:55:17.559499','54','- vs -',1,'',9,2);
INSERT INTO "django_admin_log" VALUES(193,'2018-06-24 13:55:35.081698','55','- vs -',1,'',9,2);
INSERT INTO "django_admin_log" VALUES(194,'2018-06-24 13:55:48.069839','56','- vs -',1,'',9,2);
INSERT INTO "django_admin_log" VALUES(195,'2018-06-24 13:56:37.189722','57','- vs -',1,'',9,2);
INSERT INTO "django_admin_log" VALUES(196,'2018-06-24 13:56:52.153051','58','- vs -',1,'',9,2);
INSERT INTO "django_admin_log" VALUES(197,'2018-06-24 13:57:04.998130','59','- vs -',1,'',9,2);
INSERT INTO "django_admin_log" VALUES(198,'2018-06-24 13:57:18.880243','60','- vs -',1,'',9,2);
INSERT INTO "django_admin_log" VALUES(199,'2018-06-24 13:58:06.038983','61','- vs -',1,'',9,2);
INSERT INTO "django_admin_log" VALUES(200,'2018-06-24 13:58:23.883668','62','- vs -',1,'',9,2);
INSERT INTO "django_admin_log" VALUES(201,'2018-06-24 13:59:02.160216','63','- vs -',1,'',9,2);
INSERT INTO "django_admin_log" VALUES(202,'2018-06-24 13:59:23.208926','64','- vs -',1,'',9,2);
INSERT INTO "django_admin_log" VALUES(203,'2018-06-24 15:57:46.095677','26','england vs panama',2,'Changed winner, score and finish.',9,2);
INSERT INTO "django_admin_log" VALUES(204,'2018-06-24 16:38:37.531800','62','england vs panama - [england] Harry Kane',1,'',10,2);
INSERT INTO "django_admin_log" VALUES(205,'2018-06-24 16:38:49.303060','63','england vs panama - [england] John Stones',1,'',10,2);
INSERT INTO "django_admin_log" VALUES(206,'2018-06-24 16:39:07.423519','64','england vs panama - [england] Jesse Lingard',1,'',10,2);
INSERT INTO "django_admin_log" VALUES(207,'2018-06-24 16:39:28.910291','65','england vs panama - [panama] Felipe Baloy',1,'',10,2);
INSERT INTO "django_admin_log" VALUES(208,'2018-06-24 19:50:27.294671','27','japan vs senegal',2,'Changed score and finish.',9,2);
INSERT INTO "django_admin_log" VALUES(209,'2018-06-24 19:51:06.589223','66','japan vs senegal - [japan] Keisuke Honda',1,'',10,2);
INSERT INTO "django_admin_log" VALUES(210,'2018-06-24 19:51:20.229229','67','japan vs senegal - [japan] Takashi Inui',1,'',10,2);
INSERT INTO "django_admin_log" VALUES(211,'2018-06-24 19:52:17.594096','683','[senegal] Moussa Wague',2,'Changed name.',8,2);
INSERT INTO "django_admin_log" VALUES(212,'2018-06-24 19:52:44.202110','678','[senegal] Sadio Mane',2,'Changed name.',8,2);
INSERT INTO "django_admin_log" VALUES(213,'2018-06-24 19:53:26.779807','68','japan vs senegal - [senegal] Moussa Wague',1,'',10,2);
INSERT INTO "django_admin_log" VALUES(214,'2018-06-24 19:53:48.096761','69','japan vs senegal - [senegal] Sadio Mane',1,'',10,2);
INSERT INTO "django_admin_log" VALUES(215,'2018-06-25 00:22:40.992079','28','poland vs colombia',2,'Changed winner, score and finish.',9,2);
INSERT INTO "django_admin_log" VALUES(216,'2018-06-25 00:23:12.064836','70','poland vs colombia - [colombia] Juan Cuadrado',1,'',10,2);
INSERT INTO "django_admin_log" VALUES(217,'2018-06-25 00:23:24.753752','71','poland vs colombia - [colombia] Radamel Falcao',1,'',10,2);
INSERT INTO "django_admin_log" VALUES(218,'2018-06-25 00:24:24.698967','72','poland vs colombia - [colombia] Yerry Mina',1,'',10,2);
INSERT INTO "django_admin_log" VALUES(219,'2018-06-25 23:14:23.621335','50','uruguay vs portugal',2,'Changed teamA and teamB.',9,2);
INSERT INTO "django_admin_log" VALUES(220,'2018-06-25 23:14:46.608255','51','spain vs russia',2,'Changed teamA and teamB.',9,2);
INSERT INTO "django_admin_log" VALUES(221,'2018-06-26 07:41:26.717191','31','spain vs morocco',2,'Changed score and finish.',9,2);
INSERT INTO "django_admin_log" VALUES(222,'2018-06-26 07:41:34.302787','32','iran vs portugal',2,'Changed score and finish.',9,2);
INSERT INTO "django_admin_log" VALUES(223,'2018-06-26 07:46:34.434666','30','saudi-arabia vs egypt',2,'Changed winner, score and finish.',9,2);
INSERT INTO "django_admin_log" VALUES(224,'2018-06-26 07:46:45.991182','29','uruguay vs russia',2,'Changed winner, score and finish.',9,2);
INSERT INTO "django_admin_log" VALUES(225,'2018-06-26 07:47:20.345504','73','saudi-arabia vs egypt - [saudi-arabia] Salman Al-Faraj',1,'',10,2);
INSERT INTO "django_admin_log" VALUES(226,'2018-06-26 07:47:38.930354','74','saudi-arabia vs egypt - [saudi-arabia] Salem Al-Dawsari',1,'',10,2);
INSERT INTO "django_admin_log" VALUES(227,'2018-06-26 07:47:54.064852','75','saudi-arabia vs egypt - [egypt] Mohamed Salah',1,'',10,2);
INSERT INTO "django_admin_log" VALUES(228,'2018-06-26 07:48:28.849568','76','uruguay vs russia - [uruguay] Edinson Cavani',1,'',10,2);
INSERT INTO "django_admin_log" VALUES(229,'2018-06-26 07:48:54.740404','77','uruguay vs russia - [uruguay] Luis Suarez',1,'',10,2);
INSERT INTO "django_admin_log" VALUES(230,'2018-06-26 07:49:17.092423','78','uruguay vs russia - [russia] Denis Cheryshev',1,'',10,2);
INSERT INTO "django_admin_log" VALUES(231,'2018-06-26 07:50:41.943965','79','iran vs portugal - [iran] Karim Ansarifard',1,'',10,2);
INSERT INTO "django_admin_log" VALUES(232,'2018-06-26 07:50:52.973564','80','iran vs portugal - [portugal] Ricardo Quaresma',1,'',10,2);
INSERT INTO "django_admin_log" VALUES(233,'2018-06-26 07:51:10.765564','81','spain vs morocco - [spain] Isco',1,'',10,2);
INSERT INTO "django_admin_log" VALUES(234,'2018-06-26 07:51:36.085839','82','spain vs morocco - [spain] Iago Aspas',1,'',10,2);
INSERT INTO "django_admin_log" VALUES(235,'2018-06-26 07:52:07.394676','83','spain vs morocco - [morocco] Youssef En-Nesyri',1,'',10,2);
INSERT INTO "django_admin_log" VALUES(236,'2018-06-26 07:52:28.179255','198','[morocco] Khalid Boutaib',2,'Changed name.',8,2);
INSERT INTO "django_admin_log" VALUES(237,'2018-06-26 07:52:45.314803','84','spain vs morocco - [morocco] Khalid Boutaib',1,'',10,2);
INSERT INTO "django_admin_log" VALUES(238,'2018-06-26 21:43:18.627470','34','denmark vs france',2,'Changed score and finish.',9,2);
INSERT INTO "django_admin_log" VALUES(239,'2018-06-26 21:44:08.606311','33','australia vs peru',2,'Changed winner, score and finish.',9,2);
INSERT INTO "django_admin_log" VALUES(240,'2018-06-26 21:45:15.531503','85','australia vs peru - [peru] Paolo Guerrero',1,'',10,2);
INSERT INTO "django_admin_log" VALUES(241,'2018-06-26 21:46:56.408259','295','[peru] Andre Carrillo',2,'Changed name.',8,2);
INSERT INTO "django_admin_log" VALUES(242,'2018-06-26 21:47:16.985333','86','australia vs peru - [peru] Andre Carrillo',1,'',10,2);
INSERT INTO "django_admin_log" VALUES(243,'2018-06-26 21:49:28.984971','356','[iceland] Gylfi Sigurisson',2,'Changed name.',8,2);
INSERT INTO "django_admin_log" VALUES(244,'2018-06-26 21:49:59.846938','87','iceland vs croatia - [iceland] Gylfi Sigurisson',1,'',10,2);
INSERT INTO "django_admin_log" VALUES(245,'2018-06-26 21:50:34.988417','88','iceland vs croatia - [croatia] Milan Badelj',1,'',10,2);
INSERT INTO "django_admin_log" VALUES(246,'2018-06-26 21:50:56.953897','373','[croatia] Ivan Perisic',2,'Changed name.',8,2);
INSERT INTO "django_admin_log" VALUES(247,'2018-06-26 21:51:30.553414','89','iceland vs croatia - [croatia] Ivan Perisic',1,'',10,2);
INSERT INTO "django_admin_log" VALUES(248,'2018-06-26 21:52:12.786368','90','nigeria vs argentina - [nigeria] Victor Moses',1,'',10,2);
INSERT INTO "django_admin_log" VALUES(249,'2018-06-26 21:52:24.678295','91','nigeria vs argentina - [argentina] Lionel Messi',1,'',10,2);
INSERT INTO "django_admin_log" VALUES(250,'2018-06-26 21:52:42.002005','92','nigeria vs argentina - [argentina] Marcos Rojo',1,'',10,2);
INSERT INTO "django_admin_log" VALUES(251,'2018-06-26 21:53:05.168203','35','nigeria vs argentina',2,'Changed winner, score and finish.',9,2);
INSERT INTO "django_admin_log" VALUES(252,'2018-06-26 21:53:20.025478','36','iceland vs croatia',2,'Changed winner, score and finish.',9,2);
INSERT INTO "django_admin_log" VALUES(253,'2018-06-26 22:10:46.406911','49','france vs argentina',2,'Changed teamA and teamB.',9,2);
INSERT INTO "django_admin_log" VALUES(254,'2018-06-26 22:11:11.360667','52','croatia vs denmark',2,'Changed teamA and teamB.',9,2);
INSERT INTO "django_admin_log" VALUES(255,'2018-06-27 18:31:41.223848','38','mexico vs sweden',2,'Changed winner, score and finish.',9,2);
INSERT INTO "django_admin_log" VALUES(256,'2018-06-27 18:32:16.096160','37','korea vs germany',2,'Changed winner, score and finish.',9,2);
INSERT INTO "django_admin_log" VALUES(257,'2018-06-27 18:32:58.452456','93','mexico vs sweden - [sweden] Ludwig Augustinsson',1,'',10,2);
INSERT INTO "django_admin_log" VALUES(258,'2018-06-27 18:33:19.767955','94','mexico vs sweden - [sweden] Andreas Granqvist',1,'',10,2);
INSERT INTO "django_admin_log" VALUES(259,'2018-06-27 18:34:18.055387','528','[mexico] Edson Alvarez',2,'Changed name.',8,2);
INSERT INTO "django_admin_log" VALUES(260,'2018-06-27 18:34:35.976706','95','mexico vs sweden - [mexico] Edson Alvarez',1,'',10,2);
INSERT INTO "django_admin_log" VALUES(261,'2018-06-27 18:35:22.497047','96','korea vs germany - [korea] Kim Young-gwon',1,'',10,2);
INSERT INTO "django_admin_log" VALUES(262,'2018-06-27 18:36:08.172963','97','korea vs germany - [korea] Son Heung-min',1,'',10,2);
INSERT INTO "django_admin_log" VALUES(263,'2018-06-27 18:36:44.881814','37','korea vs germany',2,'Changed score.',9,2);
INSERT INTO "django_admin_log" VALUES(264,'2018-06-27 18:37:20.105834','37','korea vs germany',2,'Changed winner.',9,2);
INSERT INTO "django_admin_log" VALUES(265,'2018-06-27 21:56:43.769306','40','switzerland vs costa-rica',2,'Changed score and finish.',9,2);
INSERT INTO "django_admin_log" VALUES(266,'2018-06-27 21:57:55.517901','453','[switzerland] Blerim Dzemaili',2,'Changed name.',8,2);
INSERT INTO "django_admin_log" VALUES(267,'2018-06-27 21:58:10.669831','457','[switzerland] Josip Drmic',2,'Changed name.',8,2);
INSERT INTO "django_admin_log" VALUES(268,'2018-06-27 21:58:43.151464','98','switzerland vs costa-rica - [switzerland] Blerim Dzemaili',1,'',10,2);
INSERT INTO "django_admin_log" VALUES(269,'2018-06-27 21:59:25.681498','99','switzerland vs costa-rica - [switzerland] Josip Drmic',1,'',10,2);
INSERT INTO "django_admin_log" VALUES(270,'2018-06-27 22:00:07.750107','100','switzerland vs costa-rica - [costa-rica] Kendall Waston',1,'',10,2);
INSERT INTO "django_admin_log" VALUES(271,'2018-06-27 22:01:30.406996','101','switzerland vs costa-rica - [switzerland] Yann Sommer',1,'',10,2);
INSERT INTO "django_admin_log" VALUES(272,'2018-06-27 22:02:06.009010','102','serbia vs brazil - [brazil] Thiago Silva',1,'',10,2);
INSERT INTO "django_admin_log" VALUES(273,'2018-06-27 22:02:34.744186','103','serbia vs brazil - [brazil] Paulinho',1,'',10,2);
INSERT INTO "django_admin_log" VALUES(274,'2018-06-27 22:03:04.164084','39','serbia vs brazil',2,'Changed winner, score and finish.',9,2);
INSERT INTO "django_admin_log" VALUES(275,'2018-06-27 22:05:33.729838','53','brazil vs mexico',2,'Changed teamA and teamB.',9,2);
INSERT INTO "django_admin_log" VALUES(276,'2018-06-27 22:06:06.072354','55','sweden vs switzerland',2,'Changed teamA and teamB.',9,2);
INSERT INTO "django_admin_log" VALUES(277,'2018-06-28 18:00:32.413863','42','senegal vs colombia',2,'Changed winner, score and finish.',9,2);
INSERT INTO "django_admin_log" VALUES(278,'2018-06-28 18:00:57.439906','41','japan vs poland',2,'Changed winner, score and finish.',9,2);
INSERT INTO "django_admin_log" VALUES(279,'2018-06-28 18:01:53.455915','104','senegal vs colombia - [colombia] Yerry Mina',1,'',10,2);
INSERT INTO "django_admin_log" VALUES(280,'2018-06-28 18:03:02.982674','105','japan vs poland - [poland] Jan Bednarek',1,'',10,2);
INSERT INTO "django_admin_log" VALUES(281,'2018-06-28 22:31:01.857282','54','belgium vs japan',2,'Changed teamA and teamB.',9,2);
INSERT INTO "django_admin_log" VALUES(282,'2018-06-28 22:31:22.270592','56','colombia vs england',2,'Changed teamA and teamB.',9,2);
INSERT INTO "django_admin_log" VALUES(283,'2018-06-29 08:54:08.425829','23','teresa - Editing of extra votes is not allowed anymore. Few different opinions there, I''m curious to see the final result :)',3,'',13,2);
INSERT INTO "django_admin_log" VALUES(284,'2018-06-29 14:33:39.309487','28','pedro - Sure, even if a AWS t2.micro running django 1.8 in development mode with debug on is doing a great job :)',3,'',13,2);
INSERT INTO "django_admin_log" VALUES(285,'2018-06-29 18:47:03.298314','41','japan vs poland',2,'No fields changed.',9,2);
INSERT INTO "django_admin_log" VALUES(286,'2018-06-29 18:47:22.417210','43','panama vs tunisia',2,'Changed score and finish.',9,2);
INSERT INTO "django_admin_log" VALUES(287,'2018-06-29 18:48:18.107628','106','panama vs tunisia - [tunisia] Yassine Meriah',1,'',10,2);
INSERT INTO "django_admin_log" VALUES(288,'2018-06-29 18:49:12.891630','107','panama vs tunisia - [tunisia] Fakhreddine Ben Youssef',1,'',10,2);
INSERT INTO "django_admin_log" VALUES(289,'2018-06-29 18:49:37.509649','108','panama vs tunisia - [tunisia] Wahbi Khazri',1,'',10,2);
INSERT INTO "django_admin_log" VALUES(290,'2018-06-29 18:50:14.137232','109','england vs belgium - [belgium] Adnan Januzaj',1,'',10,2);
INSERT INTO "django_admin_log" VALUES(291,'2018-06-29 18:50:32.119901','44','england vs belgium',2,'Changed winner, score and finish.',9,2);
INSERT INTO "django_admin_log" VALUES(292,'2018-06-29 18:51:20.741969','43','panama vs tunisia',2,'Changed winner.',9,2);
INSERT INTO "django_admin_log" VALUES(293,'2018-06-30 17:59:18.561374','49','france vs argentina',2,'Changed winner, score and finish.',9,2);
INSERT INTO "django_admin_log" VALUES(294,'2018-06-30 18:00:02.511628','110','france vs argentina - [france] Kylian Mbappe',1,'',10,2);
INSERT INTO "django_admin_log" VALUES(295,'2018-06-30 18:00:16.018091','111','france vs argentina - [france] Antoine Griezmann',1,'',10,2);
INSERT INTO "django_admin_log" VALUES(296,'2018-06-30 18:01:09.980191','112','france vs argentina - [france] Benjamin Pavard',1,'',10,2);
INSERT INTO "django_admin_log" VALUES(297,'2018-06-30 18:01:30.326823','113','france vs argentina - [argentina] Gabriel Mercado',1,'',10,2);
INSERT INTO "django_admin_log" VALUES(298,'2018-06-30 18:01:47.523269','114','france vs argentina - [argentina] Sergio Aguero',1,'',10,2);
INSERT INTO "django_admin_log" VALUES(299,'2018-06-30 18:02:36.337198','334','[argentina] Angel Di Maria',2,'Changed name.',8,2);
INSERT INTO "django_admin_log" VALUES(300,'2018-06-30 18:02:54.992146','115','france vs argentina - [argentina] Angel Di Maria',1,'',10,2);
INSERT INTO "django_admin_log" VALUES(301,'2018-06-30 21:56:57.946849','50','uruguay vs portugal',2,'Changed winner, score and finish.',9,2);
INSERT INTO "django_admin_log" VALUES(302,'2018-06-30 21:57:18.918548','116','uruguay vs portugal - [portugal] Pepe',1,'',10,2);
INSERT INTO "django_admin_log" VALUES(303,'2018-06-30 21:57:31.416941','117','uruguay vs portugal - [uruguay] Edinson Cavani',1,'',10,2);
INSERT INTO "django_admin_log" VALUES(304,'2018-06-30 21:58:04.904048','50','uruguay vs portugal',2,'Changed winner.',9,2);
INSERT INTO "django_admin_log" VALUES(305,'2018-06-30 21:59:57.523203','57','uruguay vs france',2,'Changed teamA and teamB.',9,2);
INSERT INTO "django_admin_log" VALUES(306,'2018-07-01 08:59:08.475487','50','uruguay vs portugal',2,'Changed score.',9,2);
INSERT INTO "django_admin_log" VALUES(307,'2018-07-01 19:49:36.229753','51','spain vs russia',2,'Changed score and finish.',9,2);
INSERT INTO "django_admin_log" VALUES(308,'2018-07-01 19:50:25.118480','118','spain vs russia - [russia] Artem Dzyuba',1,'',10,2);
INSERT INTO "django_admin_log" VALUES(309,'2018-07-01 19:50:39.371288','119','spain vs russia - [russia] Sergei Ignashevich',1,'',10,2);
INSERT INTO "django_admin_log" VALUES(310,'2018-07-01 22:32:56.652129','52','croatia vs denmark',2,'Changed score and finish.',9,2);
INSERT INTO "django_admin_log" VALUES(311,'2018-07-01 22:34:23.038808','386','[croatia] Mario Mandzukic',2,'Changed name.',8,2);
INSERT INTO "django_admin_log" VALUES(312,'2018-07-01 22:34:54.425213','120','croatia vs denmark - [croatia] Mario Mandzukic',1,'',10,2);
INSERT INTO "django_admin_log" VALUES(313,'2018-07-01 22:35:53.476590','313','[denmark] Mathias Jorgensen',2,'Changed name.',8,2);
INSERT INTO "django_admin_log" VALUES(314,'2018-07-01 22:36:28.694374','121','croatia vs denmark - [denmark] Mathias Jorgensen',1,'',10,2);
INSERT INTO "django_admin_log" VALUES(315,'2018-07-02 22:36:46.540057','54','belgium vs japan',2,'Changed winner, score and finish.',9,2);
INSERT INTO "django_admin_log" VALUES(316,'2018-07-02 22:37:10.851528','53','brazil vs mexico',2,'Changed winner, score and finish.',9,2);
INSERT INTO "django_admin_log" VALUES(317,'2018-07-02 22:37:59.765989','122','brazil vs mexico - [brazil] Neymar',1,'',10,2);
INSERT INTO "django_admin_log" VALUES(318,'2018-07-02 22:38:21.951951','123','brazil vs mexico - [brazil] Roberto Firmino',1,'',10,2);
INSERT INTO "django_admin_log" VALUES(319,'2018-07-02 22:39:08.542936','124','belgium vs japan - [belgium] Jan Vertonghen',1,'',10,2);
INSERT INTO "django_admin_log" VALUES(320,'2018-07-02 22:39:44.463592','125','belgium vs japan - [belgium] Marouane Fellaini',1,'',10,2);
INSERT INTO "django_admin_log" VALUES(321,'2018-07-02 22:40:13.099830','126','belgium vs japan - [belgium] Nacer Chadli',1,'',10,2);
INSERT INTO "django_admin_log" VALUES(322,'2018-07-02 22:40:37.358147','127','belgium vs japan - [japan] Takashi Inui',1,'',10,2);
INSERT INTO "django_admin_log" VALUES(323,'2018-07-02 22:40:55.383480','128','belgium vs japan - [japan] Genki Haraguchi',1,'',10,2);
INSERT INTO "django_admin_log" VALUES(324,'2018-07-02 22:43:18.817381','58','brazil vs belgium',2,'Changed teamA and teamB.',9,2);
INSERT INTO "django_admin_log" VALUES(325,'2018-07-02 22:43:53.955515','60','russia vs croatia',2,'Changed teamA and teamB.',9,2);
INSERT INTO "django_admin_log" VALUES(326,'2018-07-03 18:24:46.908813','55','sweden vs switzerland',2,'Changed winner, score and finish.',9,2);
INSERT INTO "django_admin_log" VALUES(327,'2018-07-03 18:25:17.569585','129','sweden vs switzerland - [sweden] Emil Forsberg',1,'',10,2);
INSERT INTO "django_admin_log" VALUES(328,'2018-07-03 22:59:32.237808','56','colombia vs england',2,'Changed score and finish.',9,2);
INSERT INTO "django_admin_log" VALUES(329,'2018-07-03 23:01:41.163234','130','colombia vs england - [england] Harry Kane',1,'',10,2);
INSERT INTO "django_admin_log" VALUES(330,'2018-07-03 23:02:06.961502','131','colombia vs england - [colombia] Yerry Mina',1,'',10,2);
INSERT INTO "django_admin_log" VALUES(331,'2018-07-04 08:47:39.902042','59','sweden vs england',2,'Changed teamA and teamB.',9,2);
INSERT INTO "django_admin_log" VALUES(332,'2018-07-04 12:43:18.950521','55','sweden vs switzerland',2,'Changed finish.',9,2);
INSERT INTO "django_admin_log" VALUES(333,'2018-07-04 12:43:21.657375','56','colombia vs england',2,'Changed finish.',9,2);
INSERT INTO "django_admin_log" VALUES(334,'2018-07-04 12:43:59.502858','55','sweden vs switzerland',2,'Changed finish.',9,2);
INSERT INTO "django_admin_log" VALUES(335,'2018-07-04 12:44:03.081610','56','colombia vs england',2,'Changed finish.',9,2);
INSERT INTO "django_admin_log" VALUES(336,'2018-07-06 18:45:16.013678','57','uruguay vs france',2,'Changed score and finish.',9,2);
INSERT INTO "django_admin_log" VALUES(337,'2018-07-06 18:45:35.329640','132','uruguay vs france - [france] Antoine Griezmann',1,'',10,2);
INSERT INTO "django_admin_log" VALUES(338,'2018-07-06 18:46:17.494334','235','[france] Raphael Varane',2,'Changed name.',8,2);
INSERT INTO "django_admin_log" VALUES(339,'2018-07-06 18:46:41.360282','133','uruguay vs france - [france] Raphael Varane',1,'',10,2);
INSERT INTO "django_admin_log" VALUES(340,'2018-07-06 18:47:22.765156','57','uruguay vs france',2,'Changed winner.',9,2);
INSERT INTO "django_admin_log" VALUES(341,'2018-07-06 21:58:08.906625','58','brazil vs belgium',2,'Changed winner, score and finish.',9,2);
INSERT INTO "django_admin_log" VALUES(342,'2018-07-06 21:59:02.051273','134','brazil vs belgium - [brazil] Fernandinho',1,'',10,2);
INSERT INTO "django_admin_log" VALUES(343,'2018-07-06 21:59:23.469018','135','brazil vs belgium - [brazil] Renato Augusto',1,'',10,2);
INSERT INTO "django_admin_log" VALUES(344,'2018-07-06 21:59:54.741852','136','brazil vs belgium - [belgium] Kevin De Bruyne',1,'',10,2);
INSERT INTO "django_admin_log" VALUES(345,'2018-07-07 18:14:32.469153','59','sweden vs england',2,'Changed winner, score and finish.',9,2);
INSERT INTO "django_admin_log" VALUES(346,'2018-07-07 18:37:41.533817','137','sweden vs england - [england] Dele Alli',1,'',10,2);
INSERT INTO "django_admin_log" VALUES(347,'2018-07-07 18:39:42.569395','138','sweden vs england - [england] Harry Maguire',1,'',10,2);
INSERT INTO "django_admin_log" VALUES(348,'2018-07-07 22:16:02.841197','139','russia vs croatia - [russia] Denis Cheryshev',1,'',10,2);
INSERT INTO "django_admin_log" VALUES(349,'2018-07-07 22:20:10.020888','140','russia vs croatia - [croatia] Domagoj Vida',1,'',10,2);
INSERT INTO "django_admin_log" VALUES(350,'2018-07-07 22:20:57.864550','378','[croatia] Andrej Kramaric',2,'Changed name.',8,2);
INSERT INTO "django_admin_log" VALUES(351,'2018-07-07 22:22:04.046354','141','russia vs croatia - [croatia] Andrej Kramaric',1,'',10,2);
INSERT INTO "django_admin_log" VALUES(352,'2018-07-07 22:33:37.438281','49','[russia] Mario Figueira Fernandes',2,'Changed name.',8,2);
INSERT INTO "django_admin_log" VALUES(353,'2018-07-07 22:34:14.380426','142','russia vs croatia - [russia] Mario Figueira Fernandes',1,'',10,2);
INSERT INTO "django_admin_log" VALUES(354,'2018-07-07 22:38:00.651519','60','russia vs croatia',2,'Changed score and finish.',9,2);
INSERT INTO "django_admin_log" VALUES(355,'2018-07-08 07:30:18.132261','61','france vs belgium',2,'Changed teamA and teamB.',9,2);
INSERT INTO "django_admin_log" VALUES(356,'2018-07-08 07:30:46.338285','62','croatia vs england',2,'Changed teamA and teamB.',9,2);
INSERT INTO "django_admin_log" VALUES(357,'2018-07-10 21:58:22.190582','61','france vs belgium',2,'Changed winner, score and finish.',9,2);
INSERT INTO "django_admin_log" VALUES(358,'2018-07-10 21:58:56.503714','143','france vs belgium - [france] Samuel Umtiti',1,'',10,2);
INSERT INTO "django_admin_log" VALUES(359,'2018-07-11 11:11:52.913705','63','belgium vs -',2,'Changed teamA.',9,2);
INSERT INTO "django_admin_log" VALUES(360,'2018-07-11 11:12:01.644692','64','france vs -',2,'Changed teamA.',9,2);
INSERT INTO "django_admin_log" VALUES(361,'2018-07-11 22:46:48.996810','63','belgium vs england',2,'Changed teamB.',9,2);
INSERT INTO "django_admin_log" VALUES(362,'2018-07-11 22:47:09.904401','64','france vs croatia',2,'Changed teamB.',9,2);
INSERT INTO "django_admin_log" VALUES(363,'2018-07-11 22:47:27.852165','62','croatia vs england',2,'Changed winner, score and finish.',9,2);
INSERT INTO "django_admin_log" VALUES(364,'2018-07-11 22:48:02.402039','144','croatia vs england - [england] Kieran Trippier',1,'',10,2);
INSERT INTO "django_admin_log" VALUES(365,'2018-07-11 22:48:19.375045','145','croatia vs england - [croatia] Mario Mandzukic',1,'',10,2);
INSERT INTO "django_admin_log" VALUES(366,'2018-07-11 22:48:50.611245','146','croatia vs england - [croatia] Ivan Perisic',1,'',10,2);
INSERT INTO "django_admin_log" VALUES(367,'2018-07-13 16:03:15.371255','7','helena',3,'',4,2);
INSERT INTO "django_admin_log" VALUES(368,'2018-07-14 18:15:18.498251','63','belgium vs england',2,'Changed winner, score and finish.',9,2);
INSERT INTO "django_admin_log" VALUES(369,'2018-07-14 18:15:39.999133','147','belgium vs england - [belgium] Eden Hazard',1,'',10,2);
INSERT INTO "django_admin_log" VALUES(370,'2018-07-14 18:15:56.121212','148','belgium vs england - [belgium] Thomas Meunier',1,'',10,2);
INSERT INTO "django_admin_log" VALUES(371,'2018-07-15 18:04:48.799736','149','france vs croatia - [croatia] Mario Mandzukic',1,'',10,2);
INSERT INTO "django_admin_log" VALUES(372,'2018-07-15 18:05:18.574025','150','france vs croatia - [croatia] Ivan Perisic',1,'',10,2);
INSERT INTO "django_admin_log" VALUES(373,'2018-07-15 18:05:45.659498','151','france vs croatia - [france] Antoine Griezmann',1,'',10,2);
INSERT INTO "django_admin_log" VALUES(374,'2018-07-15 18:26:23.128959','152','france vs croatia - [france] Kylian Mbappe',1,'',10,2);
INSERT INTO "django_admin_log" VALUES(375,'2018-07-15 18:26:39.856777','153','france vs croatia - [france] Paul Pogba',1,'',10,2);
INSERT INTO "django_admin_log" VALUES(376,'2018-07-15 18:54:41.486835','64','france vs croatia',2,'Changed winner, score and finish.',9,2);
CREATE TABLE "django_content_type" ("id" integer NOT NULL PRIMARY KEY AUTOINCREMENT, "app_label" varchar(100) NOT NULL, "model" varchar(100) NOT NULL, UNIQUE ("app_label", "model"));
INSERT INTO "django_content_type" VALUES(1,'admin','logentry');
INSERT INTO "django_content_type" VALUES(3,'auth','group');
INSERT INTO "django_content_type" VALUES(2,'auth','permission');
INSERT INTO "django_content_type" VALUES(4,'auth','user');
INSERT INTO "django_content_type" VALUES(5,'contenttypes','contenttype');
INSERT INTO "django_content_type" VALUES(6,'sessions','session');
INSERT INTO "django_content_type" VALUES(13,'worldcup2014','comment');
INSERT INTO "django_content_type" VALUES(12,'worldcup2014','extravote');
INSERT INTO "django_content_type" VALUES(9,'worldcup2014','match');
INSERT INTO "django_content_type" VALUES(10,'worldcup2014','matchstriker');
INSERT INTO "django_content_type" VALUES(8,'worldcup2014','player');
INSERT INTO "django_content_type" VALUES(7,'worldcup2014','team');
INSERT INTO "django_content_type" VALUES(11,'worldcup2014','vote');
CREATE TABLE "auth_permission" ("id" integer NOT NULL PRIMARY KEY AUTOINCREMENT, "content_type_id" integer NOT NULL REFERENCES "django_content_type" ("id"), "codename" varchar(100) NOT NULL, "name" varchar(255) NOT NULL, UNIQUE ("content_type_id", "codename"));
INSERT INTO "auth_permission" VALUES(1,1,'add_logentry','Can add log entry');
INSERT INTO "auth_permission" VALUES(2,1,'change_logentry','Can change log entry');
INSERT INTO "auth_permission" VALUES(3,1,'delete_logentry','Can delete log entry');
INSERT INTO "auth_permission" VALUES(4,2,'add_permission','Can add permission');
INSERT INTO "auth_permission" VALUES(5,2,'change_permission','Can change permission');
INSERT INTO "auth_permission" VALUES(6,2,'delete_permission','Can delete permission');
INSERT INTO "auth_permission" VALUES(7,3,'add_group','Can add group');
INSERT INTO "auth_permission" VALUES(8,3,'change_group','Can change group');
INSERT INTO "auth_permission" VALUES(9,3,'delete_group','Can delete group');
INSERT INTO "auth_permission" VALUES(10,4,'add_user','Can add user');
INSERT INTO "auth_permission" VALUES(11,4,'change_user','Can change user');
INSERT INTO "auth_permission" VALUES(12,4,'delete_user','Can delete user');
INSERT INTO "auth_permission" VALUES(13,5,'add_contenttype','Can add content type');
INSERT INTO "auth_permission" VALUES(14,5,'change_contenttype','Can change content type');
INSERT INTO "auth_permission" VALUES(15,5,'delete_contenttype','Can delete content type');
INSERT INTO "auth_permission" VALUES(16,6,'add_session','Can add session');
INSERT INTO "auth_permission" VALUES(17,6,'change_session','Can change session');
INSERT INTO "auth_permission" VALUES(18,6,'delete_session','Can delete session');
INSERT INTO "auth_permission" VALUES(19,7,'add_team','Can add team');
INSERT INTO "auth_permission" VALUES(20,7,'change_team','Can change team');
INSERT INTO "auth_permission" VALUES(21,7,'delete_team','Can delete team');
INSERT INTO "auth_permission" VALUES(22,8,'add_player','Can add player');
INSERT INTO "auth_permission" VALUES(23,8,'change_player','Can change player');
INSERT INTO "auth_permission" VALUES(24,8,'delete_player','Can delete player');
INSERT INTO "auth_permission" VALUES(25,9,'add_match','Can add match');
INSERT INTO "auth_permission" VALUES(26,9,'change_match','Can change match');
INSERT INTO "auth_permission" VALUES(27,9,'delete_match','Can delete match');
INSERT INTO "auth_permission" VALUES(28,10,'add_matchstriker','Can add match striker');
INSERT INTO "auth_permission" VALUES(29,10,'change_matchstriker','Can change match striker');
INSERT INTO "auth_permission" VALUES(30,10,'delete_matchstriker','Can delete match striker');
INSERT INTO "auth_permission" VALUES(31,11,'add_vote','Can add vote');
INSERT INTO "auth_permission" VALUES(32,11,'change_vote','Can change vote');
INSERT INTO "auth_permission" VALUES(33,11,'delete_vote','Can delete vote');
INSERT INTO "auth_permission" VALUES(34,12,'add_extravote','Can add extra vote');
INSERT INTO "auth_permission" VALUES(35,12,'change_extravote','Can change extra vote');
INSERT INTO "auth_permission" VALUES(36,12,'delete_extravote','Can delete extra vote');
INSERT INTO "auth_permission" VALUES(37,13,'add_comment','Can add comment');
INSERT INTO "auth_permission" VALUES(38,13,'change_comment','Can change comment');
INSERT INTO "auth_permission" VALUES(39,13,'delete_comment','Can delete comment');
CREATE TABLE "auth_user" ("id" integer NOT NULL PRIMARY KEY AUTOINCREMENT, "password" varchar(128) NOT NULL, "is_superuser" bool NOT NULL, "username" varchar(30) NOT NULL UNIQUE, "first_name" varchar(30) NOT NULL, "last_name" varchar(30) NOT NULL, "email" varchar(254) NOT NULL, "is_staff" bool NOT NULL, "is_active" bool NOT NULL, "date_joined" datetime NOT NULL, "last_login" datetime NULL);
INSERT INTO "auth_user" VALUES(2,'pbkdf2_sha256$20000$r9m3A0zx1lnD$QjCVgpVnYgSCTwvBBND2W4DKw9WG8L+tmBP3dLKuDZM=',1,'pedro','','','',1,1,'2018-06-08 11:56:10','2018-08-30 22:34:13.602232');
INSERT INTO "auth_user" VALUES(3,'pbkdf2_sha256$20000$QqQ7pzxOV3Om$Wfs5Qa83HjUrCHzTeFQAR4gMcWXWGH4h08+ttBje7Ew=',0,'teresa','','','',0,1,'2018-06-09 16:52:03.412631','2018-07-15 15:45:02.045311');
INSERT INTO "auth_user" VALUES(4,'pbkdf2_sha256$20000$cARmGuPFD0G1$JuoZtT68jj41mxLOwJYoCZmvujhZq+EqHUZCYQewpwI=',0,'ricardo','','','',0,1,'2018-06-09 16:52:25.077138','2018-07-18 14:36:38.692448');
INSERT INTO "auth_user" VALUES(5,'pbkdf2_sha256$20000$2VhP3t2NtoHG$d0ymWi05r4WXaPW+6ZfGXdSHq28EauqaBrQ6mWxKTKM=',0,'rocha','','','',0,1,'2018-06-09 16:56:37.608651','2018-07-14 19:23:24.149670');
INSERT INTO "auth_user" VALUES(6,'pbkdf2_sha256$20000$CK2WCLgXGsNo$aEKwmBP80254vmVSo7/tzl1NGDH8++SC7dlhGQ3THrA=',0,'steffi','','','',0,1,'2018-06-09 16:56:59.897745','2018-06-19 13:42:56.000408');
INSERT INTO "auth_user" VALUES(8,'pbkdf2_sha256$20000$pLamxyYIQ27p$NHe3Tr6fwokdiGL8/biG7LRa7jizHAigCyw5RG6Hv+w=',0,'nuno','','','',0,1,'2018-06-09 16:57:24.432528','2018-07-16 15:45:29.545916');
INSERT INTO "auth_user" VALUES(9,'pbkdf2_sha256$20000$aYSECj18NISB$C+o94YGsBDlSPpAblJufBe65/NkxQOSgnTudERDO4V8=',0,'assia','','','',0,1,'2018-06-09 16:57:34.973165','2018-07-09 19:25:06.683984');
INSERT INTO "auth_user" VALUES(10,'pbkdf2_sha256$20000$lRKWg1Jw9GUD$oZzSEG/NM8W7z8CyhydKfRp86afNIa6YyPtfD3gtt1w=',0,'omar','','','',0,1,'2018-06-09 16:57:45.896773','2018-07-12 19:37:48.221359');
INSERT INTO "auth_user" VALUES(12,'pbkdf2_sha256$20000$H8VYz9cRXAp2$jD8OClGwN7Q5rk2WrUNhobxgfuA9/+XD8NjOY5QsASk=',0,'cesar','','','',0,1,'2018-06-09 16:58:08.454966','2018-07-15 21:40:36.633334');
INSERT INTO "auth_user" VALUES(13,'pbkdf2_sha256$20000$Ar12w3Ry0HTh$juw5z44/0StV45ZZx0qKuAo2zLAkD7S2PP5SlcoFT5k=',0,'steph','','','',0,1,'2018-06-09 16:58:21.129884','2018-07-17 15:11:09.322476');
INSERT INTO "auth_user" VALUES(15,'pbkdf2_sha256$20000$RhPzEsYycpRZ$101cgNMV/OUOENhnjzJx8JeOTT+XCVJTEAQ1ZclQ0+k=',0,'miguel','','','',0,1,'2018-06-09 16:58:43.184115','2018-07-12 10:29:14.205363');
INSERT INTO "auth_user" VALUES(16,'pbkdf2_sha256$20000$H6BQE1zIVAtg$22CYmBqUI+bL1JtFq2cZKVV2cy3OXHuhPPD5LJD0g9U=',0,'anki','','','',0,1,'2018-06-09 16:58:52.823364','2018-07-16 16:45:11.462350');
CREATE TABLE "django_session" ("session_key" varchar(40) NOT NULL PRIMARY KEY, "session_data" text NOT NULL, "expire_date" datetime NOT NULL);
INSERT INTO "django_session" VALUES('a6lh46z58ctdypmz8gadyx2uogv3for3','NWJiZjA3NmM0YmQ3MjY2MDFkOTA0MTU1YmMyOGE2OWRkYmU4OTMzOTp7Il9hdXRoX3VzZXJfaGFzaCI6ImUxNGNmYmY1N2VjZTQ3YTRjMjNjMWEzMjIyYjA2ZGNjNzcyZmEyNjkiLCJfYXV0aF91c2VyX2JhY2tlbmQiOiJkamFuZ28uY29udHJpYi5hdXRoLmJhY2tlbmRzLk1vZGVsQmFja2VuZCIsIl9hdXRoX3VzZXJfaWQiOiIyIn0=','2018-06-22 21:27:13.511771');
INSERT INTO "django_session" VALUES('inpfrnektxde94nw80znfx3wml6gsyeu','NWJiZjA3NmM0YmQ3MjY2MDFkOTA0MTU1YmMyOGE2OWRkYmU4OTMzOTp7Il9hdXRoX3VzZXJfaGFzaCI6ImUxNGNmYmY1N2VjZTQ3YTRjMjNjMWEzMjIyYjA2ZGNjNzcyZmEyNjkiLCJfYXV0aF91c2VyX2JhY2tlbmQiOiJkamFuZ28uY29udHJpYi5hdXRoLmJhY2tlbmRzLk1vZGVsQmFja2VuZCIsIl9hdXRoX3VzZXJfaWQiOiIyIn0=','2018-06-23 15:18:32.883070');
INSERT INTO "django_session" VALUES('k4s0mhi4m4n9o1pcejsuydjzxszekn33','ZTNlOTdlMDM4ZGYxZWM4YzgzMGI2MDA5YzkzMzQyYzIzYmUyMzRlYzp7Il9hdXRoX3VzZXJfaGFzaCI6IjlmMTdlN2M1YTdiZGU5ZTI0MjkzNDMxZDcyZjc2NWY5NThmMWEzMTQiLCJfYXV0aF91c2VyX2lkIjoiNSIsIl9hdXRoX3VzZXJfYmFja2VuZCI6ImRqYW5nby5jb250cmliLmF1dGguYmFja2VuZHMuTW9kZWxCYWNrZW5kIn0=','2018-06-29 19:17:17.798149');
INSERT INTO "django_session" VALUES('pe3al6cti3h1m65h5c6e9lsrsi6386uj','NjIwMzc3NTQ2YjlmMzFhNDBkNGIwOTY0Y2YzYjRlYWQ0Y2ZmMjcwMjp7Il9hdXRoX3VzZXJfaGFzaCI6ImRjYTgxZjA4MjQxMDgzZWUzZGFlZTQwMTE0YzcyYmU4ZTRlZDkwYzQiLCJfYXV0aF91c2VyX2JhY2tlbmQiOiJkamFuZ28uY29udHJpYi5hdXRoLmJhY2tlbmRzLk1vZGVsQmFja2VuZCIsIl9hdXRoX3VzZXJfaWQiOiIxMCJ9','2018-07-26 19:37:48.229277');
INSERT INTO "django_session" VALUES('o7d27mlfpja019sjogjl45697jdz7z8q','YzljNTQ4YmEyMmZjY2YwZmJjM2UxODRiMjk2OTRjMzE0YTAwZGI1ODp7Il9hdXRoX3VzZXJfaGFzaCI6IjEyZDhmZjc3ZmMwMDA3NmNkZTFlMjMxYjQyYzBkMzVjZjM5ZTExMGEiLCJfYXV0aF91c2VyX2JhY2tlbmQiOiJkamFuZ28uY29udHJpYi5hdXRoLmJhY2tlbmRzLk1vZGVsQmFja2VuZCIsIl9hdXRoX3VzZXJfaWQiOiI5In0=','2018-06-23 23:37:07.624952');
INSERT INTO "django_session" VALUES('q4ohsfuamm79syod9ulltfp2g31myati','ZjU4ZWRkYjZkNDVlYThmYjMzMDk5OWVmNTVhOTBiZTlmNzdjNmM2MTp7Il9hdXRoX3VzZXJfaGFzaCI6IjYwOGJlNzNmMjkxNGNiZjQzYTEzM2U0OWQ2YTMxOGE1YjFkNzMxMjQiLCJfYXV0aF91c2VyX2lkIjoiMTIiLCJfYXV0aF91c2VyX2JhY2tlbmQiOiJkamFuZ28uY29udHJpYi5hdXRoLmJhY2tlbmRzLk1vZGVsQmFja2VuZCJ9','2018-07-28 14:55:35.676615');
INSERT INTO "django_session" VALUES('2z4a11xbyoxzmz6raletkzdqtur9d4ko','NTAyZjNlMzEyZjk4YTEzODc5ZDc5NWE3OTFjZDc1YWMzMWExNTA0Njp7Il9hdXRoX3VzZXJfaGFzaCI6ImExYWViZDY5NmFjMDFhNTAzMTU3ZjgyODU5ODJkYzAwMGNmMTg0NmYiLCJfYXV0aF91c2VyX2JhY2tlbmQiOiJkamFuZ28uY29udHJpYi5hdXRoLmJhY2tlbmRzLk1vZGVsQmFja2VuZCIsIl9hdXRoX3VzZXJfaWQiOiI4In0=','2018-06-25 10:00:14.373559');
INSERT INTO "django_session" VALUES('ldw0x77zap0vn8cermg8zrv7y44679uq','MGI2OTUyZGUwYzQyNTFhM2UxNTU4MWU1ZDgyYTQ3ODkzNWY5YmE0Njp7Il9hdXRoX3VzZXJfaGFzaCI6ImRhZGYzMDk2MDMyODRmMDZiNWJhNjhkNzFkNjNlNDczYTNjNTQ1ZjIiLCJfYXV0aF91c2VyX2JhY2tlbmQiOiJkamFuZ28uY29udHJpYi5hdXRoLmJhY2tlbmRzLk1vZGVsQmFja2VuZCIsIl9hdXRoX3VzZXJfaWQiOiIxMyJ9','2018-06-25 10:21:10.493684');
INSERT INTO "django_session" VALUES('f5zbgiq6nhrqs6xldz8gsps0ekm9tc03','YjU0NTU5ZWVkODY1OWU1YzNhNTgxZmU4NjUxNWNmMTBkMzUwYTI0MTp7Il9hdXRoX3VzZXJfaGFzaCI6IjVkMGMxNzRmOWNhODBjYjNkMWE4MDAyNzE3MmRiN2ZhMzgxOWExZDgiLCJfYXV0aF91c2VyX2lkIjoiNCIsIl9hdXRoX3VzZXJfYmFja2VuZCI6ImRqYW5nby5jb250cmliLmF1dGguYmFja2VuZHMuTW9kZWxCYWNrZW5kIn0=','2018-06-28 15:12:59.100695');
INSERT INTO "django_session" VALUES('tgrlhl3g2nda1ea2gf5lgh8sv9x4j32e','MGI2OTUyZGUwYzQyNTFhM2UxNTU4MWU1ZDgyYTQ3ODkzNWY5YmE0Njp7Il9hdXRoX3VzZXJfaGFzaCI6ImRhZGYzMDk2MDMyODRmMDZiNWJhNjhkNzFkNjNlNDczYTNjNTQ1ZjIiLCJfYXV0aF91c2VyX2JhY2tlbmQiOiJkamFuZ28uY29udHJpYi5hdXRoLmJhY2tlbmRzLk1vZGVsQmFja2VuZCIsIl9hdXRoX3VzZXJfaWQiOiIxMyJ9','2018-06-27 19:09:24.261608');
INSERT INTO "django_session" VALUES('c9edrz4849j2b7md5psiu76l8611sf1c','M2U3ODNhNTA0OGY3NWYxZjZkMTAwODdmNzg5MWFhMjZjYTAwZmJlMDp7Il9hdXRoX3VzZXJfaGFzaCI6IjlmMTdlN2M1YTdiZGU5ZTI0MjkzNDMxZDcyZjc2NWY5NThmMWEzMTQiLCJfYXV0aF91c2VyX2JhY2tlbmQiOiJkamFuZ28uY29udHJpYi5hdXRoLmJhY2tlbmRzLk1vZGVsQmFja2VuZCIsIl9hdXRoX3VzZXJfaWQiOiI1In0=','2018-06-27 22:18:48.113341');
INSERT INTO "django_session" VALUES('z2b3qr0xalb435rr3og06gye4uqtif01','ZTNlOTdlMDM4ZGYxZWM4YzgzMGI2MDA5YzkzMzQyYzIzYmUyMzRlYzp7Il9hdXRoX3VzZXJfaGFzaCI6IjlmMTdlN2M1YTdiZGU5ZTI0MjkzNDMxZDcyZjc2NWY5NThmMWEzMTQiLCJfYXV0aF91c2VyX2lkIjoiNSIsIl9hdXRoX3VzZXJfYmFja2VuZCI6ImRqYW5nby5jb250cmliLmF1dGguYmFja2VuZHMuTW9kZWxCYWNrZW5kIn0=','2018-06-28 23:36:56.280616');
INSERT INTO "django_session" VALUES('w0fiozgy9z01hpjrh7nfvnso8usltul9','ZmZkZTMxZDM3NmE0OWI2YjE4NjlmYmEwZTMxNDM3NjU4M2Q2NjNhZTp7Il9hdXRoX3VzZXJfaGFzaCI6ImQ1OTdlYWUwNmEwNzYxZDg4OGE0ZDdhYzI3NDczNzU1OTkyNDZjNzMiLCJfYXV0aF91c2VyX2lkIjoiMTUiLCJfYXV0aF91c2VyX2JhY2tlbmQiOiJkamFuZ28uY29udHJpYi5hdXRoLmJhY2tlbmRzLk1vZGVsQmFja2VuZCJ9','2018-07-26 10:29:14.213377');
INSERT INTO "django_session" VALUES('7eceyagbi9llmtslwpiaxh7t3h28dlnk','ZTNlOTdlMDM4ZGYxZWM4YzgzMGI2MDA5YzkzMzQyYzIzYmUyMzRlYzp7Il9hdXRoX3VzZXJfaGFzaCI6IjlmMTdlN2M1YTdiZGU5ZTI0MjkzNDMxZDcyZjc2NWY5NThmMWEzMTQiLCJfYXV0aF91c2VyX2lkIjoiNSIsIl9hdXRoX3VzZXJfYmFja2VuZCI6ImRqYW5nby5jb250cmliLmF1dGguYmFja2VuZHMuTW9kZWxCYWNrZW5kIn0=','2018-06-29 15:09:29.131978');
INSERT INTO "django_session" VALUES('tdh5mabeyu4fps63vlj5aeyybw7mbfwu','ZDQ5ZGRiOTExYTc2NTgyMjk4NjUyNzIzNTAzYzEyNmQ5M2FmZGQ0Yzp7Il9hdXRoX3VzZXJfaGFzaCI6IjQ0ZTkxMjJkMzFmNTQwNWQ2YmQ5MjFjOTg3NzYzNTJkZjI0MDFmMzgiLCJfYXV0aF91c2VyX2lkIjoiNyIsIl9hdXRoX3VzZXJfYmFja2VuZCI6ImRqYW5nby5jb250cmliLmF1dGguYmFja2VuZHMuTW9kZWxCYWNrZW5kIn0=','2018-06-29 15:48:01.960914');
INSERT INTO "django_session" VALUES('w79esl03fxdmueph0bmkaqg38t9qfqaq','OTEzMjBkMWU3NjcyOGIyMzc1N2EyNDUwYmQ0ZWQzYjIyZmVjZWE1Yzp7Il9hdXRoX3VzZXJfaGFzaCI6IjYwOGJlNzNmMjkxNGNiZjQzYTEzM2U0OWQ2YTMxOGE1YjFkNzMxMjQiLCJfYXV0aF91c2VyX2JhY2tlbmQiOiJkamFuZ28uY29udHJpYi5hdXRoLmJhY2tlbmRzLk1vZGVsQmFja2VuZCIsIl9hdXRoX3VzZXJfaWQiOiIxMiJ9','2018-07-23 17:47:06.914257');
INSERT INTO "django_session" VALUES('4ub9lj2jcv4q99ktz118vtqt5i7j6lsl','ODk4MWVkM2E2M2VlYWY0ZTQxYjkwYzAwZDMwYmJkMTc3NGQ5MDNhZDp7Il9hdXRoX3VzZXJfaGFzaCI6ImQ1OTdlYWUwNmEwNzYxZDg4OGE0ZDdhYzI3NDczNzU1OTkyNDZjNzMiLCJfYXV0aF91c2VyX2JhY2tlbmQiOiJkamFuZ28uY29udHJpYi5hdXRoLmJhY2tlbmRzLk1vZGVsQmFja2VuZCIsIl9hdXRoX3VzZXJfaWQiOiIxNSJ9','2018-07-25 20:38:34.758578');
INSERT INTO "django_session" VALUES('ofa0emsvanpavk40phxxz7nrvs0nj0gn','NTAyNDQ0YjQyNDBmMjk0NTNjMjc3M2FhNzMxZjUwODNlODNlMGIyYzp7Il9hdXRoX3VzZXJfaGFzaCI6IjdkNGI3MjhjNTE0MmM5ZWUyNTkzMDE0MmRjNjhiYjVkYjM2ZDFmMTIiLCJfYXV0aF91c2VyX2JhY2tlbmQiOiJkamFuZ28uY29udHJpYi5hdXRoLmJhY2tlbmRzLk1vZGVsQmFja2VuZCIsIl9hdXRoX3VzZXJfaWQiOiIxNiJ9','2018-07-12 14:59:34.390144');
INSERT INTO "django_session" VALUES('tov9gnlgm5ke133jwai50eb50czctn60','ZDY4M2QxNTJkNThmM2I0NjlmMTdkN2U5ZTExYWEzNzMwYzI1NzJiZTp7Il9hdXRoX3VzZXJfaGFzaCI6IjRkMmY4ZWMzOWIzNmNkNmYxYjkwNDAyY2EyMWQxOGI5YWVlNDI5ZjQiLCJfYXV0aF91c2VyX2lkIjoiNiIsIl9hdXRoX3VzZXJfYmFja2VuZCI6ImRqYW5nby5jb250cmliLmF1dGguYmFja2VuZHMuTW9kZWxCYWNrZW5kIn0=','2018-06-30 08:06:28.916433');
INSERT INTO "django_session" VALUES('qxz2lx8x9brwyd84ujy0vo5poiq1rqmr','ZjU4ZWRkYjZkNDVlYThmYjMzMDk5OWVmNTVhOTBiZTlmNzdjNmM2MTp7Il9hdXRoX3VzZXJfaGFzaCI6IjYwOGJlNzNmMjkxNGNiZjQzYTEzM2U0OWQ2YTMxOGE1YjFkNzMxMjQiLCJfYXV0aF91c2VyX2lkIjoiMTIiLCJfYXV0aF91c2VyX2JhY2tlbmQiOiJkamFuZ28uY29udHJpYi5hdXRoLmJhY2tlbmRzLk1vZGVsQmFja2VuZCJ9','2018-07-10 00:50:51.554115');
INSERT INTO "django_session" VALUES('ue8mvvorxj450rwaudppue0wwzjzt9up','ODk4MWVkM2E2M2VlYWY0ZTQxYjkwYzAwZDMwYmJkMTc3NGQ5MDNhZDp7Il9hdXRoX3VzZXJfaGFzaCI6ImQ1OTdlYWUwNmEwNzYxZDg4OGE0ZDdhYzI3NDczNzU1OTkyNDZjNzMiLCJfYXV0aF91c2VyX2JhY2tlbmQiOiJkamFuZ28uY29udHJpYi5hdXRoLmJhY2tlbmRzLk1vZGVsQmFja2VuZCIsIl9hdXRoX3VzZXJfaWQiOiIxNSJ9','2018-06-30 07:43:48.765649');
INSERT INTO "django_session" VALUES('z3aymd0fhdts2dvzsbchbt0vbgvvtyng','NTAyZjNlMzEyZjk4YTEzODc5ZDc5NWE3OTFjZDc1YWMzMWExNTA0Njp7Il9hdXRoX3VzZXJfaGFzaCI6ImExYWViZDY5NmFjMDFhNTAzMTU3ZjgyODU5ODJkYzAwMGNmMTg0NmYiLCJfYXV0aF91c2VyX2JhY2tlbmQiOiJkamFuZ28uY29udHJpYi5hdXRoLmJhY2tlbmRzLk1vZGVsQmFja2VuZCIsIl9hdXRoX3VzZXJfaWQiOiI4In0=','2018-06-30 11:30:04.759502');
INSERT INTO "django_session" VALUES('gr2fdhhqjhpd9tvdyi3th8nscrkvyyle','OTEzMjBkMWU3NjcyOGIyMzc1N2EyNDUwYmQ0ZWQzYjIyZmVjZWE1Yzp7Il9hdXRoX3VzZXJfaGFzaCI6IjYwOGJlNzNmMjkxNGNiZjQzYTEzM2U0OWQ2YTMxOGE1YjFkNzMxMjQiLCJfYXV0aF91c2VyX2JhY2tlbmQiOiJkamFuZ28uY29udHJpYi5hdXRoLmJhY2tlbmRzLk1vZGVsQmFja2VuZCIsIl9hdXRoX3VzZXJfaWQiOiIxMiJ9','2018-07-29 21:40:36.640951');
INSERT INTO "django_session" VALUES('nasp8wjz9zilo46ykdjjqkp8g07kc4yu','MTgwYzcxYjM1ZTljNWJjNGNlM2MyY2Q4NWEzZTQ0ZWY0OTY0ZDI3Yzp7Il9hdXRoX3VzZXJfaGFzaCI6IjRkMmY4ZWMzOWIzNmNkNmYxYjkwNDAyY2EyMWQxOGI5YWVlNDI5ZjQiLCJfYXV0aF91c2VyX2JhY2tlbmQiOiJkamFuZ28uY29udHJpYi5hdXRoLmJhY2tlbmRzLk1vZGVsQmFja2VuZCIsIl9hdXRoX3VzZXJfaWQiOiI2In0=','2018-06-30 20:45:56.171994');
INSERT INTO "django_session" VALUES('m90nprs66tilhg55cphg5k9kbhsfhmv0','YmM0YTNkMzYxYzNkNGE4NWEwNGI0N2NmOWI2YWU3ODk0Y2E2MzBmMTp7Il9hdXRoX3VzZXJfaGFzaCI6IjVkMGMxNzRmOWNhODBjYjNkMWE4MDAyNzE3MmRiN2ZhMzgxOWExZDgiLCJfYXV0aF91c2VyX2JhY2tlbmQiOiJkamFuZ28uY29udHJpYi5hdXRoLmJhY2tlbmRzLk1vZGVsQmFja2VuZCIsIl9hdXRoX3VzZXJfaWQiOiI0In0=','2018-07-03 01:34:15.167718');
INSERT INTO "django_session" VALUES('favou4fawsph3ig3gt1n9ewv3yopvpss','ZDNlZWRkMTEzNGFhNDIyOTgzMTNkMmI1MGE1NDU5YmViZDI5YzRjNjp7Il9hdXRoX3VzZXJfaGFzaCI6IjNlMWY1MDY0MDU4Njg4M2MzMjVhNmVmMjkxM2M0OTk0MWJjYzY0MzAiLCJfYXV0aF91c2VyX2JhY2tlbmQiOiJkamFuZ28uY29udHJpYi5hdXRoLmJhY2tlbmRzLk1vZGVsQmFja2VuZCIsIl9hdXRoX3VzZXJfaWQiOiIzIn0=','2018-07-05 12:52:21.480288');
INSERT INTO "django_session" VALUES('7q4zixgv57kavoclto8ta2euzekp3nj8','NWJiZjA3NmM0YmQ3MjY2MDFkOTA0MTU1YmMyOGE2OWRkYmU4OTMzOTp7Il9hdXRoX3VzZXJfaGFzaCI6ImUxNGNmYmY1N2VjZTQ3YTRjMjNjMWEzMjIyYjA2ZGNjNzcyZmEyNjkiLCJfYXV0aF91c2VyX2JhY2tlbmQiOiJkamFuZ28uY29udHJpYi5hdXRoLmJhY2tlbmRzLk1vZGVsQmFja2VuZCIsIl9hdXRoX3VzZXJfaWQiOiIyIn0=','2018-07-05 23:07:02.974672');
INSERT INTO "django_session" VALUES('00e7a3f7vpyntscyyubiqwekvy6bokz3','N2UyNDMyYzJjMjQxYWQyY2NmNjg5NTZmOWM5ZjNhNDczZmUzOGE2MDp7Il9hdXRoX3VzZXJfaGFzaCI6IjEyZDhmZjc3ZmMwMDA3NmNkZTFlMjMxYjQyYzBkMzVjZjM5ZTExMGEiLCJfYXV0aF91c2VyX2lkIjoiOSIsIl9hdXRoX3VzZXJfYmFja2VuZCI6ImRqYW5nby5jb250cmliLmF1dGguYmFja2VuZHMuTW9kZWxCYWNrZW5kIn0=','2018-07-08 16:41:39.585420');
INSERT INTO "django_session" VALUES('0jx12ne3z1m4y6epg8l057i6d0almfwa','MGI2OTUyZGUwYzQyNTFhM2UxNTU4MWU1ZDgyYTQ3ODkzNWY5YmE0Njp7Il9hdXRoX3VzZXJfaGFzaCI6ImRhZGYzMDk2MDMyODRmMDZiNWJhNjhkNzFkNjNlNDczYTNjNTQ1ZjIiLCJfYXV0aF91c2VyX2JhY2tlbmQiOiJkamFuZ28uY29udHJpYi5hdXRoLmJhY2tlbmRzLk1vZGVsQmFja2VuZCIsIl9hdXRoX3VzZXJfaWQiOiIxMyJ9','2018-07-09 13:47:18.135619');
INSERT INTO "django_session" VALUES('slosayokjh2bdsmiurd9lrl1913dk880','NTAyZjNlMzEyZjk4YTEzODc5ZDc5NWE3OTFjZDc1YWMzMWExNTA0Njp7Il9hdXRoX3VzZXJfaGFzaCI6ImExYWViZDY5NmFjMDFhNTAzMTU3ZjgyODU5ODJkYzAwMGNmMTg0NmYiLCJfYXV0aF91c2VyX2JhY2tlbmQiOiJkamFuZ28uY29udHJpYi5hdXRoLmJhY2tlbmRzLk1vZGVsQmFja2VuZCIsIl9hdXRoX3VzZXJfaWQiOiI4In0=','2018-07-09 15:14:34.709035');
INSERT INTO "django_session" VALUES('dqbhu7mkp4q3k07on84gr3zeepylwpor','NTAyZjNlMzEyZjk4YTEzODc5ZDc5NWE3OTFjZDc1YWMzMWExNTA0Njp7Il9hdXRoX3VzZXJfaGFzaCI6ImExYWViZDY5NmFjMDFhNTAzMTU3ZjgyODU5ODJkYzAwMGNmMTg0NmYiLCJfYXV0aF91c2VyX2JhY2tlbmQiOiJkamFuZ28uY29udHJpYi5hdXRoLmJhY2tlbmRzLk1vZGVsQmFja2VuZCIsIl9hdXRoX3VzZXJfaWQiOiI4In0=','2018-07-10 11:35:50.524963');
INSERT INTO "django_session" VALUES('dz9p3pkco4kvqwruf3z2qjooyvzd6ohn','MGI2OTUyZGUwYzQyNTFhM2UxNTU4MWU1ZDgyYTQ3ODkzNWY5YmE0Njp7Il9hdXRoX3VzZXJfaGFzaCI6ImRhZGYzMDk2MDMyODRmMDZiNWJhNjhkNzFkNjNlNDczYTNjNTQ1ZjIiLCJfYXV0aF91c2VyX2JhY2tlbmQiOiJkamFuZ28uY29udHJpYi5hdXRoLmJhY2tlbmRzLk1vZGVsQmFja2VuZCIsIl9hdXRoX3VzZXJfaWQiOiIxMyJ9','2018-07-12 18:10:02.220465');
INSERT INTO "django_session" VALUES('g48lyqa43gwokfa1bnapya3l6lt4zmb5','YmM0YTNkMzYxYzNkNGE4NWEwNGI0N2NmOWI2YWU3ODk0Y2E2MzBmMTp7Il9hdXRoX3VzZXJfaGFzaCI6IjVkMGMxNzRmOWNhODBjYjNkMWE4MDAyNzE3MmRiN2ZhMzgxOWExZDgiLCJfYXV0aF91c2VyX2JhY2tlbmQiOiJkamFuZ28uY29udHJpYi5hdXRoLmJhY2tlbmRzLk1vZGVsQmFja2VuZCIsIl9hdXRoX3VzZXJfaWQiOiI0In0=','2018-07-13 17:48:01.303710');
INSERT INTO "django_session" VALUES('3pr674bthxy3o74h2co4aaa29rp7zdeo','M2U3ODNhNTA0OGY3NWYxZjZkMTAwODdmNzg5MWFhMjZjYTAwZmJlMDp7Il9hdXRoX3VzZXJfaGFzaCI6IjlmMTdlN2M1YTdiZGU5ZTI0MjkzNDMxZDcyZjc2NWY5NThmMWEzMTQiLCJfYXV0aF91c2VyX2JhY2tlbmQiOiJkamFuZ28uY29udHJpYi5hdXRoLmJhY2tlbmRzLk1vZGVsQmFja2VuZCIsIl9hdXRoX3VzZXJfaWQiOiI1In0=','2018-07-13 23:10:13.746031');
INSERT INTO "django_session" VALUES('mgzsqj2fkaw6iafozjccc4guaz0b543w','M2U3ODNhNTA0OGY3NWYxZjZkMTAwODdmNzg5MWFhMjZjYTAwZmJlMDp7Il9hdXRoX3VzZXJfaGFzaCI6IjlmMTdlN2M1YTdiZGU5ZTI0MjkzNDMxZDcyZjc2NWY5NThmMWEzMTQiLCJfYXV0aF91c2VyX2JhY2tlbmQiOiJkamFuZ28uY29udHJpYi5hdXRoLmJhY2tlbmRzLk1vZGVsQmFja2VuZCIsIl9hdXRoX3VzZXJfaWQiOiI1In0=','2018-07-14 11:01:58.789699');
INSERT INTO "django_session" VALUES('nu48fvsowzx4zz2ooiagxmgnnvnvydos','NTAyZjNlMzEyZjk4YTEzODc5ZDc5NWE3OTFjZDc1YWMzMWExNTA0Njp7Il9hdXRoX3VzZXJfaGFzaCI6ImExYWViZDY5NmFjMDFhNTAzMTU3ZjgyODU5ODJkYzAwMGNmMTg0NmYiLCJfYXV0aF91c2VyX2JhY2tlbmQiOiJkamFuZ28uY29udHJpYi5hdXRoLmJhY2tlbmRzLk1vZGVsQmFja2VuZCIsIl9hdXRoX3VzZXJfaWQiOiI4In0=','2018-07-14 15:29:41.303515');
INSERT INTO "django_session" VALUES('qm878xj9iw30lqzycw1l2mpmpvoaoxy5','ZDNlZWRkMTEzNGFhNDIyOTgzMTNkMmI1MGE1NDU5YmViZDI5YzRjNjp7Il9hdXRoX3VzZXJfaGFzaCI6IjNlMWY1MDY0MDU4Njg4M2MzMjVhNmVmMjkxM2M0OTk0MWJjYzY0MzAiLCJfYXV0aF91c2VyX2JhY2tlbmQiOiJkamFuZ28uY29udHJpYi5hdXRoLmJhY2tlbmRzLk1vZGVsQmFja2VuZCIsIl9hdXRoX3VzZXJfaWQiOiIzIn0=','2018-07-15 14:54:33.365032');
INSERT INTO "django_session" VALUES('b9t8eiruobdv9owlq5md1y62bf4k528a','M2U3ODNhNTA0OGY3NWYxZjZkMTAwODdmNzg5MWFhMjZjYTAwZmJlMDp7Il9hdXRoX3VzZXJfaGFzaCI6IjlmMTdlN2M1YTdiZGU5ZTI0MjkzNDMxZDcyZjc2NWY5NThmMWEzMTQiLCJfYXV0aF91c2VyX2JhY2tlbmQiOiJkamFuZ28uY29udHJpYi5hdXRoLmJhY2tlbmRzLk1vZGVsQmFja2VuZCIsIl9hdXRoX3VzZXJfaWQiOiI1In0=','2018-07-16 12:58:18.075588');
INSERT INTO "django_session" VALUES('v0jgfre7o8lm06a221f6r4b8dd059n2o','NWJiZjA3NmM0YmQ3MjY2MDFkOTA0MTU1YmMyOGE2OWRkYmU4OTMzOTp7Il9hdXRoX3VzZXJfaGFzaCI6ImUxNGNmYmY1N2VjZTQ3YTRjMjNjMWEzMjIyYjA2ZGNjNzcyZmEyNjkiLCJfYXV0aF91c2VyX2JhY2tlbmQiOiJkamFuZ28uY29udHJpYi5hdXRoLmJhY2tlbmRzLk1vZGVsQmFja2VuZCIsIl9hdXRoX3VzZXJfaWQiOiIyIn0=','2018-07-29 18:05:51.188307');
INSERT INTO "django_session" VALUES('olizx2eqjhcke2znf5bnvd7lb3zv9tls','ODk4MWVkM2E2M2VlYWY0ZTQxYjkwYzAwZDMwYmJkMTc3NGQ5MDNhZDp7Il9hdXRoX3VzZXJfaGFzaCI6ImQ1OTdlYWUwNmEwNzYxZDg4OGE0ZDdhYzI3NDczNzU1OTkyNDZjNzMiLCJfYXV0aF91c2VyX2JhY2tlbmQiOiJkamFuZ28uY29udHJpYi5hdXRoLmJhY2tlbmRzLk1vZGVsQmFja2VuZCIsIl9hdXRoX3VzZXJfaWQiOiIxNSJ9','2018-07-17 19:43:39.811553');
INSERT INTO "django_session" VALUES('uggomir558sophqwfkeio17cj44l0nll','NWJiZjA3NmM0YmQ3MjY2MDFkOTA0MTU1YmMyOGE2OWRkYmU4OTMzOTp7Il9hdXRoX3VzZXJfaGFzaCI6ImUxNGNmYmY1N2VjZTQ3YTRjMjNjMWEzMjIyYjA2ZGNjNzcyZmEyNjkiLCJfYXV0aF91c2VyX2JhY2tlbmQiOiJkamFuZ28uY29udHJpYi5hdXRoLmJhY2tlbmRzLk1vZGVsQmFja2VuZCIsIl9hdXRoX3VzZXJfaWQiOiIyIn0=','2018-07-18 08:47:22.797483');
INSERT INTO "django_session" VALUES('vnxiv1t0vlwfeezietp16hrj3y2xh2tx','ZDNlZWRkMTEzNGFhNDIyOTgzMTNkMmI1MGE1NDU5YmViZDI5YzRjNjp7Il9hdXRoX3VzZXJfaGFzaCI6IjNlMWY1MDY0MDU4Njg4M2MzMjVhNmVmMjkxM2M0OTk0MWJjYzY0MzAiLCJfYXV0aF91c2VyX2JhY2tlbmQiOiJkamFuZ28uY29udHJpYi5hdXRoLmJhY2tlbmRzLk1vZGVsQmFja2VuZCIsIl9hdXRoX3VzZXJfaWQiOiIzIn0=','2018-07-20 16:03:36.213479');
INSERT INTO "django_session" VALUES('p6u86z2dc3xj6d3nqavzjiivlap26ogu','NWJiZjA3NmM0YmQ3MjY2MDFkOTA0MTU1YmMyOGE2OWRkYmU4OTMzOTp7Il9hdXRoX3VzZXJfaGFzaCI6ImUxNGNmYmY1N2VjZTQ3YTRjMjNjMWEzMjIyYjA2ZGNjNzcyZmEyNjkiLCJfYXV0aF91c2VyX2JhY2tlbmQiOiJkamFuZ28uY29udHJpYi5hdXRoLmJhY2tlbmRzLk1vZGVsQmFja2VuZCIsIl9hdXRoX3VzZXJfaWQiOiIyIn0=','2018-07-21 17:12:22.743975');
INSERT INTO "django_session" VALUES('swul5izg5t4a8griucikg96ousxw6rjl','YzljNTQ4YmEyMmZjY2YwZmJjM2UxODRiMjk2OTRjMzE0YTAwZGI1ODp7Il9hdXRoX3VzZXJfaGFzaCI6IjEyZDhmZjc3ZmMwMDA3NmNkZTFlMjMxYjQyYzBkMzVjZjM5ZTExMGEiLCJfYXV0aF91c2VyX2JhY2tlbmQiOiJkamFuZ28uY29udHJpYi5hdXRoLmJhY2tlbmRzLk1vZGVsQmFja2VuZCIsIl9hdXRoX3VzZXJfaWQiOiI5In0=','2018-07-23 19:25:06.689333');
INSERT INTO "django_session" VALUES('4ib8w08io1zvzrrlv3be6n7888fbkygs','OTAzMjA5NGYyYzYyMmYwZGVlN2JiN2IzN2QwOTg3NzdmYjMwZTcyOTp7Il9hdXRoX3VzZXJfaGFzaCI6IjdkNGI3MjhjNTE0MmM5ZWUyNTkzMDE0MmRjNjhiYjVkYjM2ZDFmMTIiLCJfYXV0aF91c2VyX2lkIjoiMTYiLCJfYXV0aF91c2VyX2JhY2tlbmQiOiJkamFuZ28uY29udHJpYi5hdXRoLmJhY2tlbmRzLk1vZGVsQmFja2VuZCJ9','2018-07-30 16:45:11.469561');
INSERT INTO "django_session" VALUES('fhiitfzncb1z1yeiv1ii0bujsz76sksz','NzE5Y2E1MWY0MDMwN2NjOWJjNTlhNGJkNzczMDRhNjc4NWM5ZWI1Njp7Il9hdXRoX3VzZXJfaGFzaCI6ImRhZGYzMDk2MDMyODRmMDZiNWJhNjhkNzFkNjNlNDczYTNjNTQ1ZjIiLCJfYXV0aF91c2VyX2lkIjoiMTMiLCJfYXV0aF91c2VyX2JhY2tlbmQiOiJkamFuZ28uY29udHJpYi5hdXRoLmJhY2tlbmRzLk1vZGVsQmFja2VuZCJ9','2018-07-31 15:11:09.329769');
INSERT INTO "django_session" VALUES('epptoy9whg6ikjv62xofzp19r5xvvsqs','MGI2OTUyZGUwYzQyNTFhM2UxNTU4MWU1ZDgyYTQ3ODkzNWY5YmE0Njp7Il9hdXRoX3VzZXJfaGFzaCI6ImRhZGYzMDk2MDMyODRmMDZiNWJhNjhkNzFkNjNlNDczYTNjNTQ1ZjIiLCJfYXV0aF91c2VyX2JhY2tlbmQiOiJkamFuZ28uY29udHJpYi5hdXRoLmJhY2tlbmRzLk1vZGVsQmFja2VuZCIsIl9hdXRoX3VzZXJfaWQiOiIxMyJ9','2018-07-28 14:56:58.221079');
INSERT INTO "django_session" VALUES('ko62iruu517lm0hb9zb1o2bk4fz91gk1','ZDNlZWRkMTEzNGFhNDIyOTgzMTNkMmI1MGE1NDU5YmViZDI5YzRjNjp7Il9hdXRoX3VzZXJfaGFzaCI6IjNlMWY1MDY0MDU4Njg4M2MzMjVhNmVmMjkxM2M0OTk0MWJjYzY0MzAiLCJfYXV0aF91c2VyX2JhY2tlbmQiOiJkamFuZ28uY29udHJpYi5hdXRoLmJhY2tlbmRzLk1vZGVsQmFja2VuZCIsIl9hdXRoX3VzZXJfaWQiOiIzIn0=','2018-07-28 15:16:49.997881');
INSERT INTO "django_session" VALUES('pl1a9whc5nv98xtk1ijzqthutsci2jj4','NTAyZjNlMzEyZjk4YTEzODc5ZDc5NWE3OTFjZDc1YWMzMWExNTA0Njp7Il9hdXRoX3VzZXJfaGFzaCI6ImExYWViZDY5NmFjMDFhNTAzMTU3ZjgyODU5ODJkYzAwMGNmMTg0NmYiLCJfYXV0aF91c2VyX2JhY2tlbmQiOiJkamFuZ28uY29udHJpYi5hdXRoLmJhY2tlbmRzLk1vZGVsQmFja2VuZCIsIl9hdXRoX3VzZXJfaWQiOiI4In0=','2018-07-28 17:12:32.533868');
INSERT INTO "django_session" VALUES('1lboasxpxph4n04aov2y09onyeg8a3qi','M2U3ODNhNTA0OGY3NWYxZjZkMTAwODdmNzg5MWFhMjZjYTAwZmJlMDp7Il9hdXRoX3VzZXJfaGFzaCI6IjlmMTdlN2M1YTdiZGU5ZTI0MjkzNDMxZDcyZjc2NWY5NThmMWEzMTQiLCJfYXV0aF91c2VyX2JhY2tlbmQiOiJkamFuZ28uY29udHJpYi5hdXRoLmJhY2tlbmRzLk1vZGVsQmFja2VuZCIsIl9hdXRoX3VzZXJfaWQiOiI1In0=','2018-07-28 17:56:45.949707');
INSERT INTO "django_session" VALUES('gfkv8bjuzf2isll7i48p11crk1acx3ap','M2U3ODNhNTA0OGY3NWYxZjZkMTAwODdmNzg5MWFhMjZjYTAwZmJlMDp7Il9hdXRoX3VzZXJfaGFzaCI6IjlmMTdlN2M1YTdiZGU5ZTI0MjkzNDMxZDcyZjc2NWY5NThmMWEzMTQiLCJfYXV0aF91c2VyX2JhY2tlbmQiOiJkamFuZ28uY29udHJpYi5hdXRoLmJhY2tlbmRzLk1vZGVsQmFja2VuZCIsIl9hdXRoX3VzZXJfaWQiOiI1In0=','2018-07-28 19:23:24.156423');
INSERT INTO "django_session" VALUES('3cg5h5de7u0tjqsyiks5h8oruff7yfuk','ZDNlZWRkMTEzNGFhNDIyOTgzMTNkMmI1MGE1NDU5YmViZDI5YzRjNjp7Il9hdXRoX3VzZXJfaGFzaCI6IjNlMWY1MDY0MDU4Njg4M2MzMjVhNmVmMjkxM2M0OTk0MWJjYzY0MzAiLCJfYXV0aF91c2VyX2JhY2tlbmQiOiJkamFuZ28uY29udHJpYi5hdXRoLmJhY2tlbmRzLk1vZGVsQmFja2VuZCIsIl9hdXRoX3VzZXJfaWQiOiIzIn0=','2018-07-29 15:45:02.052061');
INSERT INTO "django_session" VALUES('fcyil0vennccbdy99tn9rqztcb91wcsx','NTAyZjNlMzEyZjk4YTEzODc5ZDc5NWE3OTFjZDc1YWMzMWExNTA0Njp7Il9hdXRoX3VzZXJfaGFzaCI6ImExYWViZDY5NmFjMDFhNTAzMTU3ZjgyODU5ODJkYzAwMGNmMTg0NmYiLCJfYXV0aF91c2VyX2JhY2tlbmQiOiJkamFuZ28uY29udHJpYi5hdXRoLmJhY2tlbmRzLk1vZGVsQmFja2VuZCIsIl9hdXRoX3VzZXJfaWQiOiI4In0=','2018-07-30 15:45:29.552849');
INSERT INTO "django_session" VALUES('j3v02t7rpevb200ok5bhsz600tn8embr','YmM0YTNkMzYxYzNkNGE4NWEwNGI0N2NmOWI2YWU3ODk0Y2E2MzBmMTp7Il9hdXRoX3VzZXJfaGFzaCI6IjVkMGMxNzRmOWNhODBjYjNkMWE4MDAyNzE3MmRiN2ZhMzgxOWExZDgiLCJfYXV0aF91c2VyX2JhY2tlbmQiOiJkamFuZ28uY29udHJpYi5hdXRoLmJhY2tlbmRzLk1vZGVsQmFja2VuZCIsIl9hdXRoX3VzZXJfaWQiOiI0In0=','2018-08-01 14:36:38.698055');
INSERT INTO "django_session" VALUES('wdz71xigskqup6xkssxeisfn98jx1thv','NWJiZjA3NmM0YmQ3MjY2MDFkOTA0MTU1YmMyOGE2OWRkYmU4OTMzOTp7Il9hdXRoX3VzZXJfaGFzaCI6ImUxNGNmYmY1N2VjZTQ3YTRjMjNjMWEzMjIyYjA2ZGNjNzcyZmEyNjkiLCJfYXV0aF91c2VyX2JhY2tlbmQiOiJkamFuZ28uY29udHJpYi5hdXRoLmJhY2tlbmRzLk1vZGVsQmFja2VuZCIsIl9hdXRoX3VzZXJfaWQiOiIyIn0=','2018-09-13 22:34:13.609651');
DELETE FROM sqlite_sequence;
INSERT INTO "sqlite_sequence" VALUES('django_migrations',10);
INSERT INTO "sqlite_sequence" VALUES('django_content_type',13);
INSERT INTO "sqlite_sequence" VALUES('auth_permission',39);
INSERT INTO "sqlite_sequence" VALUES('auth_user',16);
INSERT INTO "sqlite_sequence" VALUES('django_admin_log',376);
INSERT INTO "sqlite_sequence" VALUES('worldcup2014_team',44);
INSERT INTO "sqlite_sequence" VALUES('worldcup2014_team',44);
INSERT INTO "sqlite_sequence" VALUES('worldcup2014_match',64);
INSERT INTO "sqlite_sequence" VALUES('worldcup2014_player',737);
INSERT INTO "sqlite_sequence" VALUES('worldcup2014_vote',707);
INSERT INTO "sqlite_sequence" VALUES('worldcup2014_extravote',12);
INSERT INTO "sqlite_sequence" VALUES('worldcup2014_comment',45);
INSERT INTO "sqlite_sequence" VALUES('worldcup2014_matchstriker',153);
CREATE INDEX "worldcup2014_vote_ff9c4e4a" ON "worldcup2014_vote" ("match_id");
CREATE INDEX "worldcup2014_vote_0aca829e" ON "worldcup2014_vote" ("striker_id");
CREATE INDEX "worldcup2014_vote_c8ac5278" ON "worldcup2014_vote" ("winner_id");
CREATE INDEX "worldcup2014_player_f6a7ca40" ON "worldcup2014_player" ("team_id");
CREATE INDEX "worldcup2014_matchstriker_ff9c4e4a" ON "worldcup2014_matchstriker" ("match_id");
CREATE INDEX "worldcup2014_matchstriker_0aca829e" ON "worldcup2014_matchstriker" ("striker_id");
CREATE INDEX "worldcup2014_match_4a8280a7" ON "worldcup2014_match" ("teamA_id");
CREATE INDEX "worldcup2014_match_4a26187a" ON "worldcup2014_match" ("teamB_id");
CREATE INDEX "worldcup2014_match_c8ac5278" ON "worldcup2014_match" ("winner_id");
CREATE INDEX "worldcup2014_extravote_0aca829e" ON "worldcup2014_extravote" ("striker_id");
CREATE INDEX "worldcup2014_extravote_c8ac5278" ON "worldcup2014_extravote" ("winner_id");
CREATE INDEX "auth_group_permissions_0e939a4f" ON "auth_group_permissions" ("group_id");
CREATE INDEX "auth_group_permissions_8373b171" ON "auth_group_permissions" ("permission_id");
CREATE INDEX "auth_user_groups_e8701ad4" ON "auth_user_groups" ("user_id");
CREATE INDEX "auth_user_groups_0e939a4f" ON "auth_user_groups" ("group_id");
CREATE INDEX "auth_user_user_permissions_e8701ad4" ON "auth_user_user_permissions" ("user_id");
CREATE INDEX "auth_user_user_permissions_8373b171" ON "auth_user_user_permissions" ("permission_id");
CREATE INDEX "django_admin_log_417f1b1c" ON "django_admin_log" ("content_type_id");
CREATE INDEX "django_admin_log_e8701ad4" ON "django_admin_log" ("user_id");
CREATE INDEX "auth_permission_417f1b1c" ON "auth_permission" ("content_type_id");
CREATE INDEX "django_session_de54fa62" ON "django_session" ("expire_date");
COMMIT;
